facility_id,name,mineral_type,category,latitude,longitude,state,district,lease_area_ha,owner,ownership_type,mining_method,mineral_class,source,location_precision
62APR15017,KANDALI VERMICULITE (3237 ha),Vermiculite,mining,14.15259402243105,79.75890437446189,ANDHRA PRADESH,SPSR Nellore,3.237,B.KOTESWARA RAO,Private,Opencast,Metallic,NGDR_MajorLease2022,centroid_from_NGDR_lease_polygon
38APR04020,Velpula,Limestone,mining,14.359884128555752,78.24092844422825,ANDHRA PRADESH,YSR KADAPA,7.45,VELPULA KRISHNAVENI,Private,Opencast,Non-Metallic,NGDR_MajorLease2022,centroid_from_NGDR_lease_polygon
38APR11084,PALKUR (SY.NO.8),Limestone,mining,15.42109140713697,78.26457995911096,ANDHRA PRADESH,Kurnool,1.902,DAKSHINA MURTHY NOOKALA,Private,Opencast,Non-Metallic,NGDR_MajorLease2022,centroid_from_NGDR_lease_polygon
38APR02039,NAGARUR  MINE,Limestone,mining,15.011203252067407,77.82945903947578,ANDHRA PRADESH,Anantapur,5.332,MALAPATI RAM MOHAN REDDY,Private,Opencast,Non-Metallic,NGDR_MajorLease2022,centroid_from_NGDR_lease_polygon
38APR04024,Giddangivaripalli,Limestone,mining,14.312584348494049,78.3618017241165,ANDHRA PRADESH,YSR KADAPA,3.934,M.BHASKAR REDDY,Private,Opencast,Non-Metallic,NGDR_MajorLease2022,centroid_from_NGDR_lease_polygon
38APR07024,SRI VENKATESWARA MINES & MINERALS,Limestone,mining,16.507315173960265,79.87244008743235,ANDHRA PRADESH,Guntur,20.234,SRI VENKATESWARA MINES & MINERALS IND.,Private,Opencast,Non-Metallic,NGDR_MajorLease2022,centroid_from_NGDR_lease_polygon
30APR04009,THUMMALUR,Iron Ore,mining,14.444179763188627,78.58468451883014,ANDHRA PRADESH,YSR KADAPA,148.74,PACIFIC MINING PRODUCTS PVT.LIMITED REP BY SUDHESH K.JAIN; TRANSFERRED FROM S.V.SIVA REDDY,Private,Opencast,Metallic,NGDR_MajorLease2022,centroid_from_NGDR_lease_polygon
38APR11110,GADIGIREVULA(2834 HA),Limestone,mining,15.59878060019695,78.41917046723675,ANDHRA PRADESH,Kurnool,2.834,M. MAHESH KHANNA,Private,Opencast,Non-Metallic,NGDR_MajorLease2022,centroid_from_NGDR_lease_polygon
38APR11097,"MALKAPURAM(SYNO.82/1,82/8,83/1&2)",Limestone,mining,15.343344527337468,77.99565608955834,ANDHRA PRADESH,Kurnool,4.514,D.LEELAVATHI,Private,Opencast,Non-Metallic,NGDR_MajorLease2022,centroid_from_NGDR_lease_polygon
62APR15013,Sri Rama Maruthi Vermiculite Mine,Vermiculite,mining,14.099497600621897,79.78682825059174,ANDHRA PRADESH,SPSR Nellore,10.87,M/s SRI RAMA MARUTHI VERMICULITE MINE (MURUGA),Private,Opencast,Metallic,NGDR_MajorLease2022,centroid_from_NGDR_lease_polygon
19APR11031,MALKAPURAM (738/2B & 739/2),Limestone,mining,15.352985113200114,77.92087157809138,ANDHRA PRADESH,Kurnool,1.381,INDLA CHANDRA SHEKHAR,Private,Opencast,Non-Metallic,NGDR_MajorLease2022,centroid_from_NGDR_lease_polygon
38Apr11105,BEECHUPALLI LIMESTONE&DOLOMITE(SYNO.572/Q2),Limestone,mining,15.336757384958242,77.8754237781432,ANDHRA PRADESH,Kurnool,2.024,"BEECHUPALLI MINERALS AND CHEMICALS, MG PARTNER:MANNE PEDDANAGI REDDY",Private,Opencast,Non-Metallic,NGDR_MajorLease2022,centroid_from_NGDR_lease_polygon
62APR15019,RAMACHANDRA VERMICULITE MINE,Vermiculite,mining,14.097241226100003,79.78692241792156,ANDHRA PRADESH,SPSR Nellore,5.152,THE PREMIER MICA COMPANY,Private,Opencast,Metallic,NGDR_MajorLease2022,centroid_from_NGDR_lease_polygon
38APR11145,KOMAROLU (21/P),Limestone,mining,15.561063651991564,78.14987899072236,ANDHRA PRADESH,Kurnool,4.961,"SIMRAN MINERALS  Mg.P, M.D.KALEEM",Private,Opencast,Non-Metallic,NGDR_MajorLease2022,centroid_from_NGDR_lease_polygon
22APR15030,THEEPANUR,Vermiculite,mining,14.091908085391594,79.84028891593896,ANDHRA PRADESH,SPSR Nellore,16.123,CERAMIC RAW MATERIAL & SERVICE CENTRE,Private,Opencast,Metallic,NGDR_MajorLease2022,centroid_from_NGDR_lease_polygon
38Apr11107,AMAN MINERALS,Limestone,mining,15.320810119009494,77.8569224672617,ANDHRA PRADESH,Kurnool,2.802,AMANULLAH KHAN,Private,Opencast,Non-Metallic,NGDR_MajorLease2022,centroid_from_NGDR_lease_polygon
38APR04001,COROMANDAL,Limestone,mining,14.657722663236006,78.47592321894099,ANDHRA PRADESH,YSR KADAPA,602.137,THE INDIA CEMENTS LIMITED,Private,Opencast,Non-Metallic,NGDR_MajorLease2022,centroid_from_NGDR_lease_polygon
38APR11111,JALADURGAM (SYNO.752),Limestone,mining,15.304037419107667,77.93337391607473,ANDHRA PRADESH,Kurnool,4.194,SRI GANESH MINERAL INDUSTRIES (PROP: ANUMULA VENKATA LAKSHMAMMA),Private,Opencast,Non-Metallic,NGDR_MajorLease2022,centroid_from_NGDR_lease_polygon
38APR02035,KONUPPALAPADU (22/B),Limestone,mining,15.147781015230112,77.90188179856814,ANDHRA PRADESH,Anantapur,5.67,INDLA CHANDRA SHEKHAR,Private,Opencast,Non-Metallic,NGDR_MajorLease2022,centroid_from_NGDR_lease_polygon
30Apr11040,YAPARLAPADU,Iron Ore,mining,15.63689503153057,77.99821361777349,ANDHRA PRADESH,Kurnool,72.197,KIRAN INDUSTRIES,Private,Opencast,Metallic,NGDR_MajorLease2022,centroid_from_NGDR_lease_polygon
41APR15123,SRI PARVATHI MICA MINE,Vermiculite,mining,14.274898428029308,79.77913800299704,ANDHRA PRADESH,SPSR Nellore,7.77,SADHANA MINERALS,Private,Opencast,Metallic,NGDR_MajorLease2022,centroid_from_NGDR_lease_polygon
38APR11092,MALKAPURAM(USHB),Limestone,mining,15.340292400573915,77.9844399678337,ANDHRA PRADESH,Kurnool,1.348,V.SATYAM,Private,Opencast,Non-Metallic,NGDR_MajorLease2022,centroid_from_NGDR_lease_polygon
19APR11026,VALASALA,Iron Ore,mining,15.373029215623253,77.9627802988543,ANDHRA PRADESH,Kurnool,12.662,D.VENKATA SUBBAMMA,Private,Opencast,Metallic,NGDR_MajorLease2022,centroid_from_NGDR_lease_polygon
38Apr11139,PEDDA MALKAPURAM LIMESTONE MINE,Limestone,mining,15.366710659864733,77.96511700287213,ANDHRA PRADESH,Kurnool,2.319,VENKATA SUBBAMMA DONTHIREDDIGARI,Private,Opencast,Non-Metallic,NGDR_MajorLease2022,centroid_from_NGDR_lease_polygon
22APR15028,"MOLAKALAPUNDLA (781, 783)",Vermiculite,mining,14.172868674597243,79.72675649100063,ANDHRA PRADESH,SPSR Nellore,3.437,V.HEMALATHA,Private,Opencast,Metallic,NGDR_MajorLease2022,centroid_from_NGDR_lease_polygon
38APR11150,"RANGAPURAM (638, 681, 683 & 648)",Limestone,mining,15.409734488064638,78.1072697391552,ANDHRA PRADESH,Kurnool,3.226,K. LAKSHMI DEVI,Private,Opencast,Non-Metallic,NGDR_MajorLease2022,centroid_from_NGDR_lease_polygon
30APR11033,MUDDAVARAM IRON ORE,Iron Ore,mining,15.537489638346226,78.09892471002374,ANDHRA PRADESH,Kurnool,23.074,G.JAYACHANDRA KUMAR,Private,Opencast,Metallic,NGDR_MajorLease2022,centroid_from_NGDR_lease_polygon
62APR15018,KANDALI VERMICULITE(3844 ha),Vermiculite,mining,14.152878258663796,79.75697595210958,ANDHRA PRADESH,SPSR Nellore,3.845,B.KOTESWARA RAO,Private,Opencast,Metallic,NGDR_MajorLease2022,centroid_from_NGDR_lease_polygon
38Apr11149,RANGAPURAM  (116(P) & 1181(P),Limestone,mining,15.427920970610037,78.15416185082921,ANDHRA PRADESH,Kurnool,7.754,C.RAVINDRANATH REDDY,Private,Opencast,Non-Metallic,NGDR_MajorLease2022,centroid_from_NGDR_lease_polygon
22APR15051,KOMMANETURU (161/P),Vermiculite,mining,14.125666101732095,79.75545520017808,ANDHRA PRADESH,SPSR Nellore,23.428,S.R.MINERALS,Private,Opencast,Metallic,NGDR_MajorLease2022,centroid_from_NGDR_lease_polygon
19APR02069,NAGARUR (249/2 & 6),Limestone,mining,14.981802380875848,77.79949846403763,ANDHRA PRADESH,Anantapur,2.842,Y.RAMACHANDRA REDDY,Private,Opencast,Non-Metallic,NGDR_MajorLease2022,centroid_from_NGDR_lease_polygon
30APR11035,RNS MINES & MINERALS(KALUGOTLA),Iron Ore,mining,15.562415556535939,78.03209175473613,ANDHRA PRADESH,Kurnool,1.214,R.N.S. MINES & TRADERS,Private,Opencast,Metallic,NGDR_MajorLease2022,centroid_from_NGDR_lease_polygon
40APR20094,PUTIKAVALASA MINE,Manganese Ore,mining,18.666467345565817,83.13770698160816,ANDHRA PRADESH,Vizianagaram,21.77,S.V.NARAYANA REDDY,Private,Opencast,Metallic,NGDR_MajorLease2022,centroid_from_NGDR_lease_polygon
19APR04016,Surya Dolomite & Limestone Mine,Limestone,mining,14.409697252997987,78.19362878291933,ANDHRA PRADESH,YSR KADAPA,7.955,NARREDDY SANGI REDDY,Private,Opencast,Non-Metallic,NGDR_MajorLease2022,centroid_from_NGDR_lease_polygon
30APR17001,SRI VIJAYA LAKSHMI HEMATITE,Iron Ore,mining,15.589021938669807,79.22111743916962,ANDHRA PRADESH,Prakasam,5.912,S.SANKAR REDDY,Private,Opencast,Metallic,NGDR_MajorLease2022,centroid_from_NGDR_lease_polygon
38APR07023,BRAMI REDDY,Limestone,mining,16.505747904577625,79.89214743152202,ANDHRA PRADESH,Guntur,62.753,V.SUNDARI,Private,Opencast,Non-Metallic,NGDR_MajorLease2022,centroid_from_NGDR_lease_polygon
38APR11174,LIMESTONE & DOLOMITE MINE,Limestone,mining,15.359353978901034,77.93560143171692,ANDHRA PRADESH,Kurnool,4.079,K.VEERA KUMAR,Private,Opencast,Non-Metallic,NGDR_MajorLease2022,centroid_from_NGDR_lease_polygon
30APR02009,M/SSAI BALAJI MINERALS,Iron Ore,mining,15.051476082281171,76.85979658426899,ANDHRA PRADESH,Anantapur,4.046,SAI BALAJI MINERALS,Private,Opencast,Metallic,NGDR_MajorLease2022,centroid_from_NGDR_lease_polygon
30APR11014,KOLUGUTLA,Iron Ore,mining,15.56226149984407,78.03440284210339,ANDHRA PRADESH,Kurnool,1.315,K.MANIKYAMMA,Private,Opencast,Metallic,NGDR_MajorLease2022,centroid_from_NGDR_lease_polygon
30APR10003,GANDRAI IRON ORE MINE,Iron Ore,mining,16.957869551378074,80.10367117925176,ANDHRA PRADESH,Krishna,9.267,SRI LAKSHMI ENTERPRISES,Private,Opencast,Metallic,NGDR_MajorLease2022,centroid_from_NGDR_lease_polygon
09APR11004,USHB CALCITE AND LIMESTONE MINE,Limestone,mining,15.651938547901572,77.8591047528647,ANDHRA PRADESH,Kurnool,20.64,N.SHAKUNTHALA VANI   (w/o late DAKSHINA MURTHY NOOKALA),Private,Opencast,Non-Metallic,NGDR_MajorLease2022,centroid_from_NGDR_lease_polygon
19APR11002,MALKAPURAM (722/B1),Limestone,mining,15.354051413958864,77.92523721647906,ANDHRA PRADESH,Kurnool,0.931,SHAIK NAZEER AHMED,Private,Opencast,Non-Metallic,NGDR_MajorLease2022,centroid_from_NGDR_lease_polygon
38APR11089,MALKAPURAM (659/1),Limestone,mining,15.354889919628171,77.9368198549999,ANDHRA PRADESH,Kurnool,1.599,ALA BHASKER,Private,Opencast,Non-Metallic,NGDR_MajorLease2022,centroid_from_NGDR_lease_polygon
38Apr11050,JALADURGAM SNO.663/2,Limestone,mining,15.317942132899455,77.91791575097825,ANDHRA PRADESH,Kurnool,2.19,DAKSHINA MURTHY NOOKALA,Private,Opencast,Non-Metallic,NGDR_MajorLease2022,centroid_from_NGDR_lease_polygon
40APR20025,PEDANADIPALLI MN MINE,Manganese Ore,mining,18.246856550080842,83.63403024035745,ANDHRA PRADESH,Vizianagaram,7.584,PRAMOD BANSILALJI KACHOLIA,Private,Opencast,Metallic,NGDR_MajorLease2022,centroid_from_NGDR_lease_polygon
38Apr11166,"MALKAPURAM (707/1 TO 4, ETC)",Limestone,mining,15.203663918490573,77.81208078710866,ANDHRA PRADESH,Kurnool,1.692,V.RANGAIAH,Private,Opencast,Non-Metallic,NGDR_MajorLease2022,centroid_from_NGDR_lease_polygon
09APR19003,"NIMMALAPADU MINE ( SY NO 29/1, 2 ETC. )",Limestone,mining,18.173604336753225,82.93115175058631,ANDHRA PRADESH,Visakhapatnam,8.72,ANDHRA PRADESH MINERAL DEVELOPMENT CORPORATION LIMITED,PSU,Opencast,Non-Metallic,NGDR_MajorLease2022,centroid_from_NGDR_lease_polygon
30APR04008,SVVS IRON ORE,Iron Ore,mining,14.4366103758865,78.62081702591443,ANDHRA PRADESH,YSR KADAPA,50.198,K.SIVASANKAR REDDY,Private,Opencast,Metallic,NGDR_MajorLease2022,centroid_from_NGDR_lease_polygon
30APR04010,SRI SUNITA MINES & MINERALS,Iron Ore,mining,14.432841145486499,78.61757343056021,ANDHRA PRADESH,YSR KADAPA,15.706,G.V.NARAYANA REDDY (TR FROM K SHIVA SHANKAR REDDY),Private,Opencast,Metallic,NGDR_MajorLease2022,centroid_from_NGDR_lease_polygon
30APR04011,"PAGADALAPALLI (64/1, 2)",Iron Ore,mining,14.462827385788481,78.61166251505466,ANDHRA PRADESH,YSR KADAPA,40.469,VELPULA KRISHNAVENI,Private,Opencast,Metallic,NGDR_MajorLease2022,centroid_from_NGDR_lease_polygon
30APR11017,PADMAVATHI IRON ORE MINE,Iron Ore,mining,15.554558662792019,77.99968448910764,ANDHRA PRADESH,Kurnool,10.845,N.KANTHA REDDY,Private,Opencast,Metallic,NGDR_MajorLease2022,centroid_from_NGDR_lease_polygon
30APR11019,RAMALLAKOTA,Iron Ore,mining,15.55965727921989,78.0150050733995,ANDHRA PRADESH,Kurnool,2.226,K.CHANDRASEKHAR,Private,Opencast,Metallic,NGDR_MajorLease2022,centroid_from_NGDR_lease_polygon
30APR11022,RAMALLAKOTA,Iron Ore,mining,15.562098135778335,78.01340131441685,ANDHRA PRADESH,Kurnool,4.736,LAXMI NARAYAN GUBBA,Private,Opencast,Metallic,NGDR_MajorLease2022,centroid_from_NGDR_lease_polygon
30APR04006,ANJANI IRON ORE MINE,Iron Ore,mining,14.472228021450865,78.59325828556683,ANDHRA PRADESH,YSR KADAPA,208.3,"ANJANI MINES AND MINEALS; SRI.G.NARASIMHA REDDY,Mg.PARTNER",Private,Opencast,Metallic,NGDR_MajorLease2022,centroid_from_NGDR_lease_polygon
30APR15003,YESWANT (SIRASANAMBEDU) IRON ORE,Iron Ore,mining,13.840247103749622,79.87462533738699,ANDHRA PRADESH,SPSR Nellore,40.469,SAI DHARANI SPONGE IRON (P) LTD,Private,Opencast,Metallic,NGDR_MajorLease2022,centroid_from_NGDR_lease_polygon
30APR17002,MEERJAPETA (288/D),Iron Ore,mining,15.603818776600262,79.23071505913491,ANDHRA PRADESH,Prakasam,4.166,UBR MINERALS; MgP.P.UDAYA BHASKAR,Private,Opencast,Metallic,NGDR_MajorLease2022,centroid_from_NGDR_lease_polygon
30APR17003,GANAPAVARAM (746/2),Iron Ore,mining,16.05909976869868,79.47243242233954,ANDHRA PRADESH,Prakasam,23.903,UBR MINERALS; MgP.P.UDAYA BHASKAR,Private,Opencast,Metallic,NGDR_MajorLease2022,centroid_from_NGDR_lease_polygon
38APR07033,KONANKI,Limestone,mining,16.51005040178473,79.88377165203791,ANDHRA PRADESH,Guntur,2.979,MALLELA ADINARAYANA,Private,Opencast,Non-Metallic,NGDR_MajorLease2022,centroid_from_NGDR_lease_polygon
38APR02036,NAGARUR LIMESTONE MINE,Limestone,mining,14.964792677706566,77.81336772184069,ANDHRA PRADESH,Anantapur,4.311,AMPAGOWNI SURESH,Private,Opencast,Non-Metallic,NGDR_MajorLease2022,centroid_from_NGDR_lease_polygon
38APR04019,IPPATLA,Limestone,mining,14.419750985753199,78.17719421379014,ANDHRA PRADESH,YSR KADAPA,7.487,PRAKASH REDDY YEDUGURU SANDINTI,Private,Opencast,Non-Metallic,NGDR_MajorLease2022,centroid_from_NGDR_lease_polygon
38APR11017,MOTHUGUPODA,Limestone,mining,15.599103102013322,78.42870656322346,ANDHRA PRADESH,Kurnool,18.623,DECCAN LST MINING CO.PVT.LTD,Private,Opencast,Non-Metallic,NGDR_MajorLease2022,centroid_from_NGDR_lease_polygon
38Apr11148,JALADURGAM (661/A),Limestone,mining,15.313661225752263,77.92092560307839,ANDHRA PRADESH,Kurnool,1.336,MANNE SUBBA REDDY TRANSFERRED FROM T.SREEDHAR REDDY,Private,Opencast,Non-Metallic,NGDR_MajorLease2022,centroid_from_NGDR_lease_polygon
38APR07049,MANDADI,Limestone,mining,16.42558668273079,79.41486617620316,ANDHRA PRADESH,Guntur,50.41,M/s THE KCP LIMITED,Private,Opencast,Non-Metallic,NGDR_MajorLease2022,centroid_from_NGDR_lease_polygon
38APR07045,NADIKUDI LIMESTONE MINE,Limestone,mining,16.580893290366433,79.73006950186715,ANDHRA PRADESH,Guntur,6.628,ANDHRA CEMENTS LIMITED,Private,Opencast,Non-Metallic,NGDR_MajorLease2022,centroid_from_NGDR_lease_polygon
38APR11146,KAMALAPURAM/MALKAPURAM(650/P ),Limestone,mining,15.357421998914509,77.94024586096732,ANDHRA PRADESH,Kurnool,4.858,BINGI MAHESH,Private,Opencast,Non-Metallic,NGDR_MajorLease2022,centroid_from_NGDR_lease_polygon
74APR19015,"PAPPUSETTIPALEM (72/P, 74/P & 75 )",Semi Precious Stones,mining,17.699433171547163,82.52025423038744,ANDHRA PRADESH,Visakhapatnam,7.204,"BEELA SRINIVASA RAO, S/O.SURYANARAYANA",Private,Opencast,Non-Metallic,NGDR_MajorLease2022,centroid_from_NGDR_lease_polygon
38APR11086,KOCHERUVU (572/M),Limestone,mining,15.331456563270475,77.90847048718103,ANDHRA PRADESH,Kurnool,3.631,L.ABDUR RAHMAN KHAN,Private,Opencast,Non-Metallic,NGDR_MajorLease2022,centroid_from_NGDR_lease_polygon
38APR11170,CHANDRAPALLI (214/2 & 223/1),Limestone,mining,15.207078903475367,77.79193368757456,ANDHRA PRADESH,Kurnool,1.619,LODI FAZULUR RAHIM KHAN,Private,Opencast,Non-Metallic,NGDR_MajorLease2022,centroid_from_NGDR_lease_polygon
41APR15124,SIVA PARVATHI MICA MINE,Vermiculite,mining,14.144300507761086,79.74958195537995,ANDHRA PRADESH,SPSR Nellore,8.952,G.V.S. MINING & ALLIED INDUSTRIES,Private,Opencast,Metallic,NGDR_MajorLease2022,centroid_from_NGDR_lease_polygon
40APR20045,AVAGUDEM,Manganese Ore,mining,18.35184367554631,83.53782334804765,ANDHRA PRADESH,Vizianagaram,13.868,M/s R.B.S.S.D & F.N.DAS,Private,Opencast,Metallic,NGDR_MajorLease2022,centroid_from_NGDR_lease_polygon
40APR20069,SRI SIVA SANKARA,Manganese Ore,mining,18.28530281087918,83.52775682222719,ANDHRA PRADESH,VIZIANAGARAM,3.95,SHRI BAJARANG POWER & ISPAT LIMITED,Private,Opencast,Metallic,NGDR_MajorLease2022,centroid_from_NGDR_lease_polygon
30APR11043,TAVASIKONDA IRON ORE MINE,Iron Ore,mining,15.44633578304845,78.06204055657007,ANDHRA PRADESH,KURNOOL,32.915,M/s SHREE ARYA LAKSHMI STEEL PVT. LTD (TR. FROM M/S SATYANARAYANA RAJU & CO),Private,Opencast,Metallic,NGDR_MajorLease2022,centroid_from_NGDR_lease_polygon
40APR20058,BAGUVALASA,Manganese Ore,mining,18.345604573941568,83.54793420475609,ANDHRA PRADESH,Vizianagaram,46.64,S.K.SARAWAGI & CO. PVT.LTD,Private,Opencast,Metallic,NGDR_MajorLease2022,centroid_from_NGDR_lease_polygon
26APR15001,VENKAT SAI MINE,Vermiculite,mining,14.18151597687591,79.73663384923324,ANDHRA PRADESH,SPSR Nellore,30.801,BIRADAVOLU RAJA RAO,Private,Opencast,Metallic,NGDR_MajorLease2022,centroid_from_NGDR_lease_polygon
40APR20085,GARBHAM,Manganese Ore,mining,18.376997219995523,83.4452671944217,ANDHRA PRADESH,VIZIANAGARAM,5.24,SRI VENKATESWARA MINERALS,Private,Opencast,Metallic,NGDR_MajorLease2022,centroid_from_NGDR_lease_polygon
30APR11042,PULLAGUMMI,Iron Ore,mining,15.634095005115013,78.02893322139414,ANDHRA PRADESH,Kurnool,4.86,LAKSHMI NARASIMHA MINERALS,Private,Opencast,Metallic,NGDR_MajorLease2022,centroid_from_NGDR_lease_polygon
30APR11027,THAVASIKONDA IRON ORE,Iron Ore,mining,15.452115575969716,78.06516019903034,ANDHRA PRADESH,Kurnool,32.003,BUGGANA SANJEEVA REDDY,Private,Opencast,Metallic,NGDR_MajorLease2022,centroid_from_NGDR_lease_polygon
30APR11024,EMBOY R.F I/O MINE,Iron Ore,mining,15.556364984397502,78.02021069737455,ANDHRA PRADESH,Kurnool,31.16,"SREE RAMAKRISHNA MINERALS, PROP. T.SUBBAMMA  (SMT. T. VIJAYA GOWRI)",Private,Opencast,Metallic,NGDR_MajorLease2022,centroid_from_NGDR_lease_polygon
30APR04002,SREE LAKSHMI IRON ORE,Iron Ore,mining,14.47889637215927,78.5981231528335,ANDHRA PRADESH,YSR KADAPA,88.395,KANDULA RAJAMOHAN REDDY,Private,Opencast,Metallic,NGDR_MajorLease2022,centroid_from_NGDR_lease_polygon
30APR04007,SRIMAN IRON ORE & LATERITE,Iron Ore,mining,14.470463965031895,78.61360369245976,ANDHRA PRADESH,YSR KADAPA,54.251,APPLE ALLOYS PVT.LTD.,Private,Opencast,Metallic,NGDR_MajorLease2022,centroid_from_NGDR_lease_polygon
38Apr11176,USHB OF JALADURGAM,Limestone,mining,15.311875034990434,77.94374394136247,ANDHRA PRADESH,Kurnool,1.113,S.MOHAMMED HUSSAIN,Private,Opencast,Non-Metallic,NGDR_MajorLease2022,centroid_from_NGDR_lease_polygon
38APR02025,GODDUMARRI LIMESTONE,Limestone,mining,14.559351827293211,78.02955368538602,ANDHRA PRADESH,Anantapur,21.24,C. LAKSHMINARAYANA REDDY,Private,Opencast,Non-Metallic,NGDR_MajorLease2022,centroid_from_NGDR_lease_polygon
38APR02027,MADHU LIMESTONE MINE,Limestone,mining,14.962507804175484,77.81313957204429,ANDHRA PRADESH,Anantapur,1.012,MADHU MINES & MINERALS,Private,Opencast,Non-Metallic,NGDR_MajorLease2022,centroid_from_NGDR_lease_polygon
38APR02028,NAGARUR (10B),Limestone,mining,14.985201806513164,77.80289288324995,ANDHRA PRADESH,Anantapur,2.38,BHOGATI BAYAPU REDDY,Private,Opencast,Non-Metallic,NGDR_MajorLease2022,centroid_from_NGDR_lease_polygon
41APR15164,PARLAPALLI & BIRDAVOLU (336 ETC),Vermiculite,mining,14.258699075501156,79.73206784607736,ANDHRA PRADESH,SPSR Nellore,1.947,MODI MINERALS,Private,Opencast,Metallic,NGDR_MajorLease2022,centroid_from_NGDR_lease_polygon
38APR04026,Chinnakudala,Limestone,mining,14.436650532957607,78.1567492713342,ANDHRA PRADESH,YSR KADAPA,15.682,PRAKASH REDDY YEDUGURU SANDINTI,Private,Opencast,Non-Metallic,NGDR_MajorLease2022,centroid_from_NGDR_lease_polygon
41APR15165,PERUMALLAPADU (675) Tummalatalupur R.F.area,Vermiculite,mining,14.474522983653278,80.12219320985771,ANDHRA PRADESH,SPSR Nellore,12.141,NAGENDRA MINES & MINERALS,Private,Opencast,Metallic,NGDR_MajorLease2022,centroid_from_NGDR_lease_polygon
38APR07051,TERALA LIMESTONE,Limestone,mining,16.424978479323862,79.45131920597153,ANDHRA PRADESH,Guntur,49.18,M/s THE KCP LIMITED,Private,Opencast,Non-Metallic,NGDR_MajorLease2022,centroid_from_NGDR_lease_polygon
38APR11013,KLS QUARRY III,Limestone,mining,15.497409028531555,78.24458792436164,ANDHRA PRADESH,Kurnool,17.693,PANYAM CEMENTS & MINERAL INDUSTRIES LIMITED,Private,Opencast,Non-Metallic,NGDR_MajorLease2022,centroid_from_NGDR_lease_polygon
38APR07046,ALUGUMALLIPADU,Limestone,mining,16.577287756536677,79.73063264049682,ANDHRA PRADESH,Guntur,38.101,ANDHRA CEMENTS LIMITED,Private,Opencast,Non-Metallic,NGDR_MajorLease2022,centroid_from_NGDR_lease_polygon
38APR11171,CHANDRAPALLI (214/2 & 223/1),Limestone,mining,15.375671611144226,78.27174504891148,ANDHRA PRADESH,Kurnool,1.174,MALKIREDDY NARAYANA REDDY,Private,Opencast,Non-Metallic,NGDR_MajorLease2022,centroid_from_NGDR_lease_polygon
38APR11064,NANDAWARAM,Limestone,mining,15.366105722530966,78.25397220799074,ANDHRA PRADESH,Kurnool,2.202,S.VENKATARAMI REDDY,Private,Opencast,Non-Metallic,NGDR_MajorLease2022,centroid_from_NGDR_lease_polygon
38APR11039,JINKALATIPPA,Limestone,mining,15.358977165270923,77.94345080926375,ANDHRA PRADESH,Kurnool,13.594,KHASIM SHAIK SHAVALI MINERALS,Private,Opencast,Non-Metallic,NGDR_MajorLease2022,centroid_from_NGDR_lease_polygon
38APR11172,"MALKAPURAM (707/1 TO 4, ETC)",Limestone,mining,15.356442618891665,77.93070592530061,ANDHRA PRADESH,Kurnool,4.67,B.HYMAVATHI,Private,Opencast,Non-Metallic,NGDR_MajorLease2022,centroid_from_NGDR_lease_polygon
38APR11113,MALKAPURAM,Limestone,mining,15.321004487821156,77.88622208709376,ANDHRA PRADESH,Kurnool,11.983,ALA MINERAL INDUSTRIES,Private,Opencast,Non-Metallic,NGDR_MajorLease2022,centroid_from_NGDR_lease_polygon
38APR11117,MALKAPURAM(5076 HA),Limestone,mining,15.358213795085279,77.95841488505697,ANDHRA PRADESH,Kurnool,5.076,R.LAKSHMI DEVI,Private,Opencast,Non-Metallic,NGDR_MajorLease2022,centroid_from_NGDR_lease_polygon
38APR04016,T V PALLI LIMESTONE,Limestone,mining,14.32398777357465,78.37376921272164,ANDHRA PRADESH,YSR KADAPA,9.514,SRIKALAHASTHI PIPES LIMITED,Private,Opencast,Non-Metallic,NGDR_MajorLease2022,centroid_from_NGDR_lease_polygon
38APR02049,AMALGAMATED GUDIPADU LIMESTONE MINE,Limestone,mining,15.112194516620704,77.96780863295324,ANDHRA PRADESH,ANANTAPUR,421.096,M/s PENNA CEMENT INDUSTRIES LIMITED,Private,Opencast,Non-Metallic,NGDR_MajorLease2022,centroid_from_NGDR_lease_polygon
38APR04009,PATTURU,Limestone,mining,14.68868422383464,78.79712670365421,ANDHRA PRADESH,YSR KADAPA,28.202,SRIKALAHASTHI PIPES LIMITED,Private,Opencast,Non-Metallic,NGDR_MajorLease2022,centroid_from_NGDR_lease_polygon
38APR11162,CHANDRAPALLI,Limestone,mining,15.215554256911874,77.79918900024688,ANDHRA PRADESH,Kurnool,3.289,M/s NARIVENI MINERALS Mg.Partner Smt.G.Suhasini (Transfd.from SIVA GANGA MINERAL COMPANY),Private,Opencast,Non-Metallic,NGDR_MajorLease2022,centroid_from_NGDR_lease_polygon
38APR11063,MADHAVARAM MINE,Limestone,mining,15.343868215172911,77.97189045952535,ANDHRA PRADESH,Kurnool,7.932,QUALITY MINERALS,Private,Opencast,Non-Metallic,NGDR_MajorLease2022,centroid_from_NGDR_lease_polygon
38APR11121,YERRAGUDI LIMESTONE MINE,Limestone,mining,15.381877582893935,78.15395986706226,ANDHRA PRADESH,Kurnool,1.312,S.NARAYANA REDDY,Private,Opencast,Non-Metallic,NGDR_MajorLease2022,centroid_from_NGDR_lease_polygon
38APR11161,USHB OF MALKAPURAM,Limestone,mining,15.341360492195403,77.98663380136246,ANDHRA PRADESH,Kurnool,1.283,P.LAXMI REDDY,Private,Opencast,Non-Metallic,NGDR_MajorLease2022,centroid_from_NGDR_lease_polygon
38APR11173,NANDAVARAM (511) & VENKATAPURAM (1),Limestone,mining,15.363590936201447,78.24649206129264,ANDHRA PRADESH,Kurnool,4.048,T.SREERAMULU,Private,Opencast,Non-Metallic,NGDR_MajorLease2022,centroid_from_NGDR_lease_polygon
30APR11015,SARPARAJAPURAM,Iron Ore,mining,15.55480586292273,78.00465941820973,ANDHRA PRADESH,Kurnool,7.874,T.SATYANARAYANA,Private,Opencast,Metallic,NGDR_MajorLease2022,centroid_from_NGDR_lease_polygon
30APR11018,KALUGOTLA,Iron Ore,mining,15.56189461943944,78.0365762681736,ANDHRA PRADESH,Kurnool,1.9,VELDURTHI MINES & MINERALS,Private,Opencast,Metallic,NGDR_MajorLease2022,centroid_from_NGDR_lease_polygon
38APR11091,VENKATAPURAM,Limestone,mining,15.368819360888825,78.25014629863566,ANDHRA PRADESH,Kurnool,4.194,SEETHAMMA SINGASANI,Private,Opencast,Non-Metallic,NGDR_MajorLease2022,centroid_from_NGDR_lease_polygon
62APR15015,Dugar No.III Vermiculite,Vermiculite,mining,14.106342062250526,79.80735749001651,ANDHRA PRADESH,SPSR Nellore,2.71,DUGAR INSULATIONS INDIA (P) LTD,Private,Opencast,Metallic,NGDR_MajorLease2022,centroid_from_NGDR_lease_polygon
40APR20054,MANGOTOPE,Manganese Ore,mining,18.37462300899222,83.47186224920371,ANDHRA PRADESH,VIZIANAGARAM,10.522,MAHALAKSHMI MINERALS,Private,Opencast,Metallic,NGDR_MajorLease2022,centroid_from_NGDR_lease_polygon
41APR15109,COROMANDEL,Vermiculite,mining,14.219272089983264,79.70468971324689,ANDHRA PRADESH,SPSR Nellore,5.418,SADHANA MINERALS,Private,Underground,Metallic,NGDR_MajorLease2022,centroid_from_NGDR_lease_polygon
40APR20066,MADUKONDAMMA,Manganese Ore,mining,18.32222438506313,83.56537899349966,ANDHRA PRADESH,Vizianagaram,1.6,A.S.V.PRASAD,Private,Opencast,Metallic,NGDR_MajorLease2022,centroid_from_NGDR_lease_polygon
40APR20067,MAMIDIVALASA MN MINE,Manganese Ore,mining,18.46622271631542,83.27310615035283,ANDHRA PRADESH,Vizianagaram,8.093,DINESH DAS & SONS MINES AND STEELS PVT. LIMITED,Private,Opencast,Metallic,NGDR_MajorLease2022,centroid_from_NGDR_lease_polygon
40APR20079,PERUMALI MANGANESE ORE MINE,Manganese Ore,mining,18.43917955299089,83.56020256086074,ANDHRA PRADESH,Vizianagaram,4.339,M.LAL & COMPANY,Private,Opencast,Metallic,NGDR_MajorLease2022,centroid_from_NGDR_lease_polygon
40APR20081,RCHINTALAVALASA,Manganese Ore,mining,18.42487155375872,83.2231126905169,ANDHRA PRADESH,Vizianagaram,14.261,SANJAY MINING PVT. LTD,Private,Opencast,Metallic,NGDR_MajorLease2022,centroid_from_NGDR_lease_polygon
38APR04023,Velpula,Limestone,mining,14.369350193205818,78.25253623342884,ANDHRA PRADESH,YSR KADAPA,20.777,S.A.SALEEM,Private,Opencast,Non-Metallic,NGDR_MajorLease2022,centroid_from_NGDR_lease_polygon
38APR11125,VENKATAPURAM (SNo.76),Limestone,mining,15.421986787145222,78.26062914296135,ANDHRA PRADESH,Kurnool,31.627,PANYAM CEMENTS & MINERAL INDUSTRIES LIMITED,Private,Opencast,Non-Metallic,NGDR_MajorLease2022,centroid_from_NGDR_lease_polygon
38APR07040,PARASAKTHI,Limestone,mining,16.60972545613597,79.50784767319458,ANDHRA PRADESH,GUNTUR,317.9,PARASAKTI CEMENT INDUSTRIES LIMITED,Private,Opencast,Non-Metallic,NGDR_MajorLease2022,centroid_from_NGDR_lease_polygon
38APR11152,"KOLIMIGUNDLA (191/1a, ETC)",Limestone,mining,15.079523919713274,78.12490237642082,ANDHRA PRADESH,Kurnool,7.875,S.J.K. STEEL PLANT LIMITED,Private,Opencast,Non-Metallic,NGDR_MajorLease2022,centroid_from_NGDR_lease_polygon
38APR07058,M/sVENUS MINERALS LIMESTONE MINE,Limestone,mining,16.69338722145798,79.85244743447254,ANDHRA PRADESH,Guntur,1.951,"VEENUS MINERALS, PROP: CHADALAVADA JAYARAM BABU (9849150308)",Private,Opencast,Non-Metallic,NGDR_MajorLease2022,centroid_from_NGDR_lease_polygon
62APR15003,Dugar No.I Vermiculite,Vermiculite,mining,14.111713969585168,79.8084014959996,ANDHRA PRADESH,SPSR Nellore,61.461,DUGAR INSULATIONS INDIA (P) LTD,Private,Opencast,Metallic,NGDR_MajorLease2022,centroid_from_NGDR_lease_polygon
62APR15009,Dugar No.II Vermiculite,Vermiculite,mining,14.115405347676804,79.80492272731335,ANDHRA PRADESH,SPSR Nellore,38.7374,DUGAR INSULATIONS INDIA (P) LTD,Private,Opencast,Metallic,NGDR_MajorLease2022,centroid_from_NGDR_lease_polygon
38APR02031,NAGARUR(9 D) LIMESTONE MINE,Limestone,mining,14.989609076633867,77.82046813795843,ANDHRA PRADESH,Anantapur,5.435,HI-GRADE MINERALS,Private,Opencast,Non-Metallic,NGDR_MajorLease2022,centroid_from_NGDR_lease_polygon
38APR02008,RAGAMANITIPPA,Limestone,mining,14.968356568792082,77.81332043610112,ANDHRA PRADESH,Anantapur,16.766,G.RAMMOHAN RAO,Private,Opencast,Non-Metallic,NGDR_MajorLease2022,centroid_from_NGDR_lease_polygon
38APR02014,NAGARUR SY.NO.11B,Limestone,mining,14.98030495278012,77.80900603621866,ANDHRA PRADESH,Anantapur,4.949,P.SRINIVASULU,Private,Opencast,Non-Metallic,NGDR_MajorLease2022,centroid_from_NGDR_lease_polygon
38APR07068,KACHAVARAM LIMESTONE MINE,Limestone,mining,16.532526329694107,79.72465360685085,ANDHRA PRADESH,GUNTUR,283.585,SHREE CEMENT LTD.,Private,Opencast,Non-Metallic,NGDR_MajorLease2022,centroid_from_NGDR_lease_polygon
38APR02030,NAGARUR LIMESTONE MINE (LD GR),Limestone,mining,14.976223329626496,77.81057690626626,ANDHRA PRADESH,Anantapur,4.202,AMPAGOWNI SURESH,Private,Opencast,Non-Metallic,NGDR_MajorLease2022,centroid_from_NGDR_lease_polygon
38APR02029,NAGARUR LIMESTONE MINE,Limestone,mining,14.97825918618727,77.8102104261044,ANDHRA PRADESH,Anantapur,3.253,DONTHIREDDY SESHA REDDY,Private,Opencast,Non-Metallic,NGDR_MajorLease2022,centroid_from_NGDR_lease_polygon
38APR02043,PEDDAYEKKALUR (49 & 107/B),Limestone,mining,14.959658011803771,77.81182389810228,ANDHRA PRADESH,Anantapur,4.05,MADHU MINES & MINERALS,Private,Opencast,Non-Metallic,NGDR_MajorLease2022,centroid_from_NGDR_lease_polygon
38APR02041,NAGARURU (265/P),Limestone,mining,15.012316682373617,77.8392484313349,ANDHRA PRADESH,Anantapur,0.919,DWARAKAMAI ENTERPRISES,Private,Opencast,Non-Metallic,NGDR_MajorLease2022,centroid_from_NGDR_lease_polygon
38APR02042,"DHARMAPURAM (18, 19)",Limestone,mining,14.948861929260891,77.87677687947908,ANDHRA PRADESH,Anantapur,4.299,GAVI SIDDESWARA ENTERPRISES,Private,Opencast,Non-Metallic,NGDR_MajorLease2022,centroid_from_NGDR_lease_polygon
38APR07061,PUTLAGUDEM (UNSURVEYED),Limestone,mining,16.719550002783453,80.1267181791148,ANDHRA PRADESH,Guntur,6.487,RUSUM KABBAIAH,Private,Opencast,Non-Metallic,NGDR_MajorLease2022,centroid_from_NGDR_lease_polygon
38APR07066,KCP LIMESTONE DEPOSIT II MINE,Limestone,mining,16.424751960462,79.43516661042784,ANDHRA PRADESH,Guntur,20.046,M/s THE KCP LIMITED,Private,Opencast,Non-Metallic,NGDR_MajorLease2022,centroid_from_NGDR_lease_polygon
38APR11034,JALADURGAM,Limestone,mining,15.317185675605515,77.92185187191808,ANDHRA PRADESH,Kurnool,24.69,ENNOBLE LEASING(INDIA) LTD.,Private,Opencast,Non-Metallic,NGDR_MajorLease2022,centroid_from_NGDR_lease_polygon
38APR11087,CHINAMALKAPURAM(2.514),Limestone,mining,15.360505574812743,77.95222612702297,ANDHRA PRADESH,Kurnool,2.514,CHIPPAGIRI NAGENDRA PRASAD,Private,Opencast,Non-Metallic,NGDR_MajorLease2022,centroid_from_NGDR_lease_polygon
38APR11075,PALKUR L.ST (S.NO 57/1C&57/2),Limestone,mining,15.410405678674417,78.25572537948412,ANDHRA PRADESH,Kurnool,2.307,DAKSHINA MURTHY NOOKALA,Private,Opencast,Non-Metallic,NGDR_MajorLease2022,centroid_from_NGDR_lease_polygon
38APR11119,MALKAPURAM(16.445 HA) (PROP: R RAMMOHAN REDDY),Limestone,mining,15.356444887986955,77.94593706742481,ANDHRA PRADESH,Kurnool,16.445,SIVA LAKSHMI MINERALS,Private,Opencast,Non-Metallic,NGDR_MajorLease2022,centroid_from_NGDR_lease_polygon
38APR11134,R.S.RANGAPURAM,Limestone,mining,15.41608267627467,78.11899767319082,ANDHRA PRADESH,Kurnool,4.453,N.KAVITA RANI (N S RAMAGIRI MURTHY),Private,Opencast,Non-Metallic,NGDR_MajorLease2022,centroid_from_NGDR_lease_polygon
38APR11054,JALADURGAM,Limestone,mining,15.311707795669053,77.90851263785065,ANDHRA PRADESH,Kurnool,4.738,S.MOHAMMED HUSSAIN,Private,Opencast,Non-Metallic,NGDR_MajorLease2022,centroid_from_NGDR_lease_polygon
38APR11055,USHB LST MINE,Limestone,mining,15.435164977390116,78.18693259630791,ANDHRA PRADESH,Kurnool,30.591,LODHI CALCIUM PRODUCTS PVT.LTD,Private,Opencast,Non-Metallic,NGDR_MajorLease2022,centroid_from_NGDR_lease_polygon
38APR11088,JALADURGAM (663/1),Limestone,mining,15.318845272991268,77.91909360572821,ANDHRA PRADESH,Kurnool,2.688,CHIPPAGIRI NAGENDRA PRASAD,Private,Opencast,Non-Metallic,NGDR_MajorLease2022,centroid_from_NGDR_lease_polygon
38APR11090,"MALKAPURAM(638,639,641) DADA BABA",Limestone,mining,15.354428598771582,77.93937898696512,ANDHRA PRADESH,Kurnool,2.598,S.SHAREFUNNISA BEGUM( LEGAL HEIR OF S.SHALI HUSSAIN),Private,Opencast,Non-Metallic,NGDR_MajorLease2022,centroid_from_NGDR_lease_polygon
38APR11093,JALADURGAM(659),Limestone,mining,15.317674237308882,77.91702800041935,ANDHRA PRADESH,Kurnool,3.514,ALA BHASKER,Private,Opencast,Non-Metallic,NGDR_MajorLease2022,centroid_from_NGDR_lease_polygon
38APR11069,SAPTA SAILA,Limestone,mining,15.361654965312908,77.94785270481255,ANDHRA PRADESH,Kurnool,2.303,G.THIMMAIAH,Private,Opencast,Non-Metallic,NGDR_MajorLease2022,centroid_from_NGDR_lease_polygon
38APR11072,YERRAGUDI L.St MINE,Limestone,mining,15.386890536656562,78.15483706016968,ANDHRA PRADESH,Kurnool,1.611,N.SHAKUNTHALA VANI   (w/o late DAKSHINA MURTHY NOOKALA),Private,Opencast,Non-Metallic,NGDR_MajorLease2022,centroid_from_NGDR_lease_polygon
38APR11135,"MALKAPURAM (740/1A, 1B & 740/2)",Limestone,mining,15.350713400887733,77.92033065464696,ANDHRA PRADESH,Kurnool,4.441,MANNE HARINATHA REDDY,Private,Opencast,Non-Metallic,NGDR_MajorLease2022,centroid_from_NGDR_lease_polygon
38APR11137,CHANDRAPALLI LIMESTONE,Limestone,mining,15.211675265700588,77.79640001559437,ANDHRA PRADESH,Kurnool,4.97,M.KRISHNA REDDY,Private,Opencast,Non-Metallic,NGDR_MajorLease2022,centroid_from_NGDR_lease_polygon
38APR11165,MALKAPURAM(720),Limestone,mining,15.355980803114766,77.92745501722864,ANDHRA PRADESH,Kurnool,6.331,R.B.KOTA REDDY,Private,Opencast,Non-Metallic,NGDR_MajorLease2022,centroid_from_NGDR_lease_polygon
38Apr11168,MADHAVARAM MINE,Limestone,mining,15.313708867624737,77.966051776662,ANDHRA PRADESH,Kurnool,0.874,SMT.P.JAYALAKSHMI,Private,Opencast,Non-Metallic,NGDR_MajorLease2022,centroid_from_NGDR_lease_polygon
19APR11025,VALASALA,Iron Ore,mining,15.37562617942523,77.96623841869781,ANDHRA PRADESH,Kurnool,12.105,D.LEELAVATHI,Private,Opencast,Metallic,NGDR_MajorLease2022,centroid_from_NGDR_lease_polygon
40APR20077,SHRI RAJA RAJESWARI MINE,Manganese Ore,mining,18.494894668593428,83.3029657523499,ANDHRA PRADESH,Vizianagaram,4.477,BARBIL MINING CO.LTD. (SRI R.G.P. KRISHNA RANGA RAO),Private,Opencast,Metallic,NGDR_MajorLease2022,centroid_from_NGDR_lease_polygon
30APR10002,GANDRAI,Iron Ore,mining,16.97178416277941,80.0995733903789,ANDHRA PRADESH,Krishna,2.63,AMODA IRON & STEEL PVT. LTD,Private,Opencast,Metallic,NGDR_MajorLease2022,centroid_from_NGDR_lease_polygon
30Apr11025,SARPARAJAPURAM& EMBOY MINE,Iron Ore,mining,15.547690960234847,78.1285194589178,ANDHRA PRADESH,Kurnool,11.923,"SREE RAMAKRISHNA MINERALS, PROP. T.SUBBAMMA  (SMT. T. VIJAYA GOWRI)",Private,Opencast,Metallic,NGDR_MajorLease2022,centroid_from_NGDR_lease_polygon
30APR11038,GUTUPALLI (716/B),Iron Ore,mining,15.441072476171618,78.03623349999874,ANDHRA PRADESH,Kurnool,19.94,"GUTUPALLY MINING COMPANY (V.BALKISHAN, MP) (TR. FROM T PARVATHA REDDY)",Private,Opencast,Metallic,NGDR_MajorLease2022,centroid_from_NGDR_lease_polygon
38APR07055,ALUGUMALLIPADU,Limestone,mining,16.575127461942802,79.70470005936708,ANDHRA PRADESH,Guntur,277.87,AMBUJA CEMENTS LIMITED,Private,Opencast,Non-Metallic,NGDR_MajorLease2022,centroid_from_NGDR_lease_polygon
38APR04017,NAWABPETA-TALAMANCHIPATNAM,Limestone,mining,14.94861774196684,78.33727114897297,ANDHRA PRADESH,YSR KADAPA,407.05,DALMIA CEMENT (BHARAT) LIMITED [formerly ESWAR CEMENTS (P) LTD],Private,Opencast,Non-Metallic,NGDR_MajorLease2022,centroid_from_NGDR_lease_polygon
38APR02026,NAGARUR LIMESTONE MINE,Limestone,mining,14.981024573942255,77.80837756120019,ANDHRA PRADESH,ANANTAPUR,3.286,ANDHRA MINERAL INDUSTRIES,Private,Opencast,Non-Metallic,NGDR_MajorLease2022,centroid_from_NGDR_lease_polygon
38APR02016,PEDDAEKKALUR S.NO.41B,Limestone,mining,14.954068576913613,77.8143484805525,ANDHRA PRADESH,ANANTAPUR,7.21,P.SRINIVASULU,Private,Opencast,Non-Metallic,NGDR_MajorLease2022,centroid_from_NGDR_lease_polygon
38APR02018,URICHINTALA LIMESTONE MINE,Limestone,mining,14.934480637810033,78.08684690351245,ANDHRA PRADESH,ANANTAPUR,66.965,M/s PENNA CEMENT INDUSTRIES LIMITED,Private,Opencast,Non-Metallic,NGDR_MajorLease2022,centroid_from_NGDR_lease_polygon
38APR07054,KRISHNA LIMESTONE MINE,Limestone,mining,16.645609734417185,79.8113047856352,ANDHRA PRADESH,GUNTUR,57.191,M/s BHAVYA CEMENTS LIMITED,Private,Opencast,Non-Metallic,NGDR_MajorLease2022,centroid_from_NGDR_lease_polygon
38APR10001,HEMADRI LIMESTONE MINE,Limestone,mining,16.802576011514006,80.14155008892041,ANDHRA PRADESH,KRISHNA,38.69,HEMADRI CEMENTS LIMITED,Private,Opencast,Non-Metallic,NGDR_MajorLease2022,centroid_from_NGDR_lease_polygon
38APR10014,JAYANTHIPURAM (SOUTH BAND),Limestone,mining,16.858428974635586,80.10841660372265,ANDHRA PRADESH,KRISHNA,88.35,THE RAMCO CEMENTS LIMITED (formerly MADRAS CEMENTS LTD.),Private,Opencast,Non-Metallic,NGDR_MajorLease2022,centroid_from_NGDR_lease_polygon
38APR14049,GUNDLAPALLY (170),Limestone,mining,15.714941484035629,79.87101326189723,TELANGANA,SURYAPET,130.37,VISWAMBER CEMENTS LIMITED,Private,Opencast,Non-Metallic,NGDR_MajorLease2022,centroid_from_NGDR_lease_polygon
38APR10031,RAMCO BUDAWADA LIMESTONE MINE,Limestone,mining,16.86358605814246,80.07973963749568,ANDHRA PRADESH,KRISHNA,160.0,THE RAMCO CEMENTS LIMITED (formerly MADRAS CEMENTS LTD.),Private,Opencast,Non-Metallic,NGDR_MajorLease2022,centroid_from_NGDR_lease_polygon
38APR10027,MUKTHYALA LIMESTONE MINE,Limestone,mining,16.836910662212624,80.07209548094252,ANDHRA PRADESH,Krishna,368.35,M/s THE KCP LIMITED,Private,Opencast,Non-Metallic,NGDR_MajorLease2022,centroid_from_NGDR_lease_polygon
30APR11039,RANGAPURAM,Iron Ore,mining,15.45229786488669,78.07465117107533,ANDHRA PRADESH,KURNOOL,12.481,LEO MINING COMPANY,Private,Opencast,Metallic,NGDR_MajorLease2022,centroid_from_NGDR_lease_polygon
30APR11031,MUDDAVARAM,Iron Ore,mining,15.489189304733282,78.09598866485157,ANDHRA PRADESH,KURNOOL,6.293,NSL MINING RESOURCES INDIA PVT LTD,Private,Opencast,Metallic,NGDR_MajorLease2022,centroid_from_NGDR_lease_polygon
38APR10008,SANGAM,Limestone,mining,16.834748554249167,80.14812420620291,ANDHRA PRADESH,KRISHNA,26.72,HEMADRI CEMENTS LIMITED,Private,Opencast,Non-Metallic,NGDR_MajorLease2022,centroid_from_NGDR_lease_polygon
38APR10028,SRI VENKATESWARA LIMESTONE MINE,Limestone,mining,16.80985739609961,80.14273775207012,ANDHRA PRADESH,KRISHNA,38.445,HEMADRI CEMENTS LIMITED,Private,Opencast,Non-Metallic,NGDR_MajorLease2022,centroid_from_NGDR_lease_polygon
30APR11020,GUTUPALLI IRON ORE MINE,Iron Ore,mining,15.441077166238523,78.06408955535547,ANDHRA PRADESH,Kurnool,22.979,DHIGVIJAY MINERALS,Private,Opencast,Metallic,NGDR_MajorLease2022,centroid_from_NGDR_lease_polygon
38APR11131,PALKUR LIMESTONE MINE(29 & 30/1),Limestone,mining,15.421298453348092,78.26095767940622,ANDHRA PRADESH,KURNOOL,2.255,B.RAJENDRANATH,Private,Opencast,Non-Metallic,NGDR_MajorLease2022,centroid_from_NGDR_lease_polygon
38APR11129,CHERUVUPALLI(3.255 HA),Limestone,mining,15.413565959417582,78.25622915313116,ANDHRA PRADESH,KURNOOL,3.255,B.RAJENDRANATH,Private,Opencast,Non-Metallic,NGDR_MajorLease2022,centroid_from_NGDR_lease_polygon
27APR11001,JONNAGIRI GOLD MINE,Gold ore,mining,15.242972029411764,77.59742955882353,ANDHRA PRADESH,KURNOOL,597.82,GEOMYSORE SERVICES (INDIA) PRIVATE LIMITED,Private,Opencast,Metallic,NGDR_MajorLease2022,centroid_from_NGDR_lease_polygon
38APR11138,KOCHERUVU,Limestone,mining,15.328742386609763,77.89699975248239,ANDHRA PRADESH,KURNOOL,6.621,L.SREENIVASULU,Private,Opencast,Non-Metallic,NGDR_MajorLease2022,centroid_from_NGDR_lease_polygon
38APR11046,"PALKUR MINE( 57/1C,57/2)",Limestone,mining,15.410960915342425,78.25495224206709,ANDHRA PRADESH,KURNOOL,4.049,B.RAJENDRANATH,Private,Opencast,Non-Metallic,NGDR_MajorLease2022,centroid_from_NGDR_lease_polygon
30APR11028,KOTHAPALLI,Iron Ore,mining,15.376632946044008,78.00297900846145,ANDHRA PRADESH,KURNOOL,13.606,M.NAGAIAH GOUD,Private,Opencast,Metallic,NGDR_MajorLease2022,centroid_from_NGDR_lease_polygon
38APR11049,MALKAPURAM,Limestone,mining,15.365299486394951,77.95977297997665,ANDHRA PRADESH,KURNOOL,3.278,INDLA SREE RAMULU,Private,Opencast,Non-Metallic,NGDR_MajorLease2022,centroid_from_NGDR_lease_polygon
30APR11034,MUDDAVARAM IRON ORE (TR FROM PATHI SARWESWARA PRASAD),Iron Ore,mining,15.531025210607753,78.08891646892069,ANDHRA PRADESH,KURNOOL,6.2,NSL MINING RESOURCES INDIA PVT LTD,Private,Opencast,Metallic,NGDR_MajorLease2022,centroid_from_NGDR_lease_polygon
38APR11187,PETNIKOTA LIMESTONE MINES-2,Limestone,mining,15.068147152043597,78.02070708862597,ANDHRA PRADESH,KURNOOL,29.7,M/s ULTRATECH CEMENT LIMITED,Private,Opencast,Non-Metallic,NGDR_MajorLease2022,centroid_from_NGDR_lease_polygon
38APR11177,RACHERLA MINE - II,Limestone,mining,15.222927562048053,77.9449942203527,ANDHRA PRADESH,KURNOOL,17.82,M/s RAIN CEMENTS LIMITED,Private,Opencast,Non-Metallic,NGDR_MajorLease2022,centroid_from_NGDR_lease_polygon
38APR11143,RAMAPURAM,Limestone,mining,15.122174618663154,78.11835546183421,ANDHRA PRADESH,Kurnool,12.145,SIVA RAMIREDDY NANDYALA,Private,Opencast,Non-Metallic,NGDR_MajorLease2022,centroid_from_NGDR_lease_polygon
30APR11026,SEETHARAMAPURAM,Iron Ore,mining,15.527618198350263,78.11111246322447,ANDHRA PRADESH,KURNOOL,8.288,BUGGANA SANJEEVA REDDY,Private,Opencast,Metallic,NGDR_MajorLease2022,centroid_from_NGDR_lease_polygon
38APR04028,CHILAMKUR & NIDUZUVVI,Limestone,mining,14.640745298831053,78.48707059062482,ANDHRA PRADESH,YSR KADAPA,265.2,TEJA CEMENTS LIMITED,Private,Opencast,Non-Metallic,NGDR_MajorLease2022,centroid_from_NGDR_lease_polygon
41APR15112,M.HEMANTH KUMAR MINES & MINERALS,Vermiculite,mining,14.139207960636096,79.75545151598604,ANDHRA PRADESH,SPSR NELLORE,8.798,M.HEMANTH KUMAR,Private,Opencast,Metallic,NGDR_MajorLease2022,centroid_from_NGDR_lease_polygon
40APR20095,ROBO MANGANESE MINE,Manganese Ore,mining,18.44724847956323,83.5420442724922,ANDHRA PRADESH,VIZIANAGARAM,4.747,M/s BLUE OCEAN MINERALS PVT. LTD.,Private,Opencast,Metallic,NGDR_MajorLease2022,centroid_from_NGDR_lease_polygon
40APR20076,JAI DURGA [CHINNARAVYAM S.No.5(P)],Manganese Ore,mining,18.33831703119139,83.45837916048131,ANDHRA PRADESH,VIZIANAGARAM,4.055,S.K.SARAWAGI & CO. PVT.LTD,Private,Opencast,Metallic,NGDR_MajorLease2022,centroid_from_NGDR_lease_polygon
40APR20010,GARVIDI,Manganese Ore,mining,18.28821661751063,83.52451615652994,ANDHRA PRADESH,VIZIANAGARAM,21.587,M/s R.B.S.S.D & F.N.DAS,Private,Opencast,Metallic,NGDR_MajorLease2022,centroid_from_NGDR_lease_polygon
40APR20039,MAHESHWARI,Manganese Ore,mining,18.495751566130608,83.31237146957223,ANDHRA PRADESH,VIZIANAGARAM,15.72,S.K.SARAWAGI & CO. PVT.LTD,Private,Opencast,Metallic,NGDR_MajorLease2022,centroid_from_NGDR_lease_polygon
40APR20093,GLOBAL ASSOCIATES  (PEDANADIPALLI),Manganese Ore,mining,18.25087555554031,83.62351986112185,ANDHRA PRADESH,VIZIANAGARAM,8.19,M/s GLOBAL ASSOCIATES,Private,Opencast,Metallic,NGDR_MajorLease2022,centroid_from_NGDR_lease_polygon
40APR20055,MARKONDAPUTTI MANGANESE MINE,Manganese Ore,mining,18.709289476166596,83.21891967543232,ANDHRA PRADESH,VIZIANAGARAM,9.712,M/s RADHIKA METALS & MINERALS,Private,Opencast,Metallic,NGDR_MajorLease2022,centroid_from_NGDR_lease_polygon
40APR20042,PARAMESHWARI,Manganese Ore,mining,18.25026827896121,83.6207918913558,ANDHRA PRADESH,VIZIANAGARAM,9.356,S.K.SARAWAGI & CO. PVT.LTD,Private,Opencast,Metallic,NGDR_MajorLease2022,centroid_from_NGDR_lease_polygon
40APR20082,RAMACHANDRAPURAM,Manganese Ore,mining,18.437603533053252,83.52169065528199,ANDHRA PRADESH,VIZIANAGARAM,4.165,K.VENKATESWARA RAO   (earlier Sri T.APPALARAMA KRISHNA RAJU),Private,Opencast,Metallic,NGDR_MajorLease2022,centroid_from_NGDR_lease_polygon
40APR20029,SAI BABA-I,Manganese Ore,mining,18.381581817382894,83.47687604974533,ANDHRA PRADESH,VIZIANAGARAM,8.656,S.K.SARAWAGI & CO. PVT.LTD,Private,Opencast,Metallic,NGDR_MajorLease2022,centroid_from_NGDR_lease_polygon
30APR04001,INDIAN BARYTES & CHEMICALS Ltd.,Iron Ore,mining,14.415130590388138,78.70964841250397,ANDHRA PRADESH,YSR KADAPA,18.623,I.B.C. LIMITED (INDIAN BARYTES & CHEMICALS LTD.),Private,Opencast,Metallic,NGDR_MajorLease2022,centroid_from_NGDR_lease_polygon
40APR20075,SHIVA SHANTHI MINE,Manganese Ore,mining,18.372845444599328,83.45542925118578,ANDHRA PRADESH,VIZIANAGARAM,4.97,D.SHANKARLAL SHARMA,Private,Opencast,Metallic,NGDR_MajorLease2022,centroid_from_NGDR_lease_polygon
38APR04011,THIPPALUR,Limestone,mining,14.604345717212825,78.58003253047565,ANDHRA PRADESH,YSR KADAPA,17.688,SRIKALAHASTHI PIPES LIMITED,Private,Opencast,Non-Metallic,NGDR_MajorLease2022,centroid_from_NGDR_lease_polygon
38APR11163,YANAKANDLA LIMESTONE MINE,Limestone,mining,15.364785694337272,78.1625450263209,ANDHRA PRADESH,KURNOOL,322.837,M/s SREE JAYAJOTHI CEMENTS PRIVATE LIMITED,Private,Opencast,Non-Metallic,NGDR_MajorLease2022,centroid_from_NGDR_lease_polygon
38APR10015,JAYANTHIPURAM (NORTH BAND),Limestone,mining,16.86557618047771,80.118680356976,ANDHRA PRADESH,KRISHNA,256.54,THE RAMCO CEMENTS LIMITED (formerly MADRAS CEMENTS LTD.),Private,Opencast,Non-Metallic,NGDR_MajorLease2022,centroid_from_NGDR_lease_polygon
38APR11156,NAYANAPALLI BLOCK,Limestone,mining,15.094169240745911,78.0821216896479,ANDHRA PRADESH,KURNOOL,735.72,THE RAMCO CEMENTS LIMITED (formerly MADRAS CEMENTS LTD.),Private,Opencast,Non-Metallic,NGDR_MajorLease2022,centroid_from_NGDR_lease_polygon
38APR11043,GURUVANIPALLI LIMESTONE MINE,Limestone,mining,15.071030477124838,78.01608654459514,ANDHRA PRADESH,KURNOOL,395.15,M/s ULTRATECH CEMENT LIMITED,Private,Opencast,Non-Metallic,NGDR_MajorLease2022,centroid_from_NGDR_lease_polygon
38APR11130,BILAKALAGUDURU,Limestone,mining,15.68140682229813,78.45060134801241,ANDHRA PRADESH,KURNOOL,617.57,J.S.W. CEMENTS LIMITED,Private,Opencast,Non-Metallic,NGDR_MajorLease2022,centroid_from_NGDR_lease_polygon
30APR04003,CHABALI IRON ORE MINE,Iron Ore,mining,14.484714890967858,78.59229791203383,ANDHRA PRADESH,YSR KADAPA,163.482,M/s BENITA INDUSTRIS LIMITED (FORMERLY SRI RAJA RAJESWARI DOLOMITES),Private,Opencast,Metallic,NGDR_MajorLease2022,centroid_from_NGDR_lease_polygon
30APR04005,PAGADALAPALLI IRON ORE,Iron Ore,mining,14.445739023299312,78.61180500150667,ANDHRA PRADESH,YSR KADAPA,201.914,E.V.RANGA REDDY,Private,Opencast,Metallic,NGDR_MajorLease2022,centroid_from_NGDR_lease_polygon
38APR11193,VENKATAPURAM,Limestone,mining,15.370493385714356,78.25126455000012,ANDHRA PRADESH,KURNOOL,7.41,S.DINESH REDDY LIMESTONE MINE,Private,Opencast,Non-Metallic,NGDR_MajorLease2022,centroid_from_NGDR_lease_polygon
41APR15157,CHAGANAM MINE,Vermiculite,mining,14.20210409909529,79.70672168214291,ANDHRA PRADESH,SPSR NELLORE,22.582,ANI MINES & MINERALS,Private,Opencast,Metallic,NGDR_MajorLease2022,centroid_from_NGDR_lease_polygon
38APR11192,NANDAVARAM LIMESTONE MINE,Limestone,mining,15.368385154846202,78.25554767946161,ANDHRA PRADESH,KURNOOL,4.99,S.VENKATARAMI REDDY,Private,Opencast,Non-Metallic,NGDR_MajorLease2022,centroid_from_NGDR_lease_polygon
38APR11098,MALKAPURAM (SYNO.650),Limestone,mining,15.374266539389135,77.97400391303806,ANDHRA PRADESH,Kurnool,0.688,M.YELLA NAGI REDDY,Private,Opencast,Non-Metallic,NGDR_MajorLease2022,centroid_from_NGDR_lease_polygon
30APR11021,GANIGATTU I/O MINE,Iron Ore,mining,15.560989065611153,78.03202042777782,ANDHRA PRADESH,KURNOOL,19.0,B.V.JOSHI MINES AND MINERALS,Private,Opencast,Metallic,NGDR_MajorLease2022,centroid_from_NGDR_lease_polygon
38APR11188,TUMMALAPENTA LIMESTONE MINES-3,Limestone,mining,15.003069306459917,78.05174874108432,ANDHRA PRADESH,KURNOOL,90.52,M/s ULTRATECH CEMENT LIMITED,Private,Opencast,Non-Metallic,NGDR_MajorLease2022,centroid_from_NGDR_lease_polygon
38APR11190,VENKATAPURAM LIMESTONE MINE,Limestone,mining,15.369650462500045,78.24502314750008,ANDHRA PRADESH,KURNOOL,4.99,SMT.S.KALAVATHAMMA,Private,Opencast,Non-Metallic,NGDR_MajorLease2022,centroid_from_NGDR_lease_polygon
19APR11050,KOCHERUVU MINE (572/F2/1),Limestone,mining,15.331288992739182,77.90542592156527,ANDHRA PRADESH,KURNOOL,22.096,FAHAD ALI KHAN L,Private,Opencast,Non-Metallic,NGDR_MajorLease2022,centroid_from_NGDR_lease_polygon
41APR15122,VASANTH KALYANI MINE,Vermiculite,mining,14.19998620141447,79.72846455947723,ANDHRA PRADESH,SPSR Nellore,4.059,THE KRISHNA MINING COMPANY,Private,Underground,Metallic,NGDR_MajorLease2022,centroid_from_NGDR_lease_polygon
40APR20043,SIDDESHWARI,Manganese Ore,mining,18.257154202173087,83.61956700424449,ANDHRA PRADESH,Vizianagaram,19.78,S.K.SARAWAGI & CO. PVT.LTD,Private,Opencast,Metallic,NGDR_MajorLease2022,centroid_from_NGDR_lease_polygon
40APR20068,M/S M K MINING CORPORATION,Manganese Ore,mining,18.357654689500595,83.51752257936306,ANDHRA PRADESH,Vizianagaram,4.892,M.K. MINING CORPORATION (A.S.V. PRASAD),Private,Opencast,Metallic,NGDR_MajorLease2022,centroid_from_NGDR_lease_polygon
40APR20056,GIRIJA,Manganese Ore,mining,18.42118214756071,83.227755072154,ANDHRA PRADESH,Vizianagaram,29.48,Y. SUVARCHALA,Private,Opencast,Metallic,NGDR_MajorLease2022,centroid_from_NGDR_lease_polygon
38APR07063,RAMAPURAM MINE,Limestone,mining,16.67533243029305,79.70107883910227,ANDHRA PRADESH,Guntur,191.29,ANDHRA CEMENTS LIMITED,Private,Opencast,Non-Metallic,NGDR_MajorLease2022,centroid_from_NGDR_lease_polygon
38Apr11085,JALADURGAM,Limestone,mining,15.31614141422835,77.92425570542106,ANDHRA PRADESH,Kurnool,9.129,INDLA SREE RAMULU,Private,Opencast,Non-Metallic,NGDR_MajorLease2022,centroid_from_NGDR_lease_polygon
38Apr11052,JALADURGAM MINE(458/1B),Limestone,mining,15.309880791777319,77.89896741476197,ANDHRA PRADESH,Kurnool,2.323,DAKSHINA MURTHY NOOKALA,Private,Opencast,Non-Metallic,NGDR_MajorLease2022,centroid_from_NGDR_lease_polygon
38Apr11083,CHANDRAPALLI,Limestone,mining,15.21344525325725,77.79707362448998,ANDHRA PRADESH,Kurnool,4.01,L.ABDUL WAHAB KHAN,Private,Opencast,Non-Metallic,NGDR_MajorLease2022,centroid_from_NGDR_lease_polygon
38APR07013,PETASANIGANDLA,Limestone,mining,16.401500480316116,79.74499828848019,ANDHRA PRADESH,GUNTUR,202.34,SRI CHAKRA CEMENTS LIMITED,Private,Opencast,Non-Metallic,NGDR_MajorLease2022,centroid_from_NGDR_lease_polygon
38APR10010,JAGGAYYAPETA,Limestone,mining,16.859568866350603,80.07540148292468,ANDHRA PRADESH,KRISHNA,1295.0,"M/s RASHTRIYA ISPAT NIGAM LIMITED, VIZAG STEEL PLANT",PSU,Opencast,Non-Metallic,NGDR_MajorLease2022,centroid_from_NGDR_lease_polygon
38APR07001,DCW LIMESTONE MINE,Limestone,mining,16.65252626946449,79.71255850854266,ANDHRA PRADESH,GUNTUR,170.223,ANDHRA CEMENTS LIMITED,Private,Opencast,Non-Metallic,NGDR_MajorLease2022,centroid_from_NGDR_lease_polygon
38APR10004,KAKATIYA,Limestone,mining,16.85366812419423,80.0584333404988,ANDHRA PRADESH,Krishna,121.41,KAKATIYA CEMENT SUGAR AND INDUSTRIES LIMITED (P.Veeraiah),Private,Opencast,Non-Metallic,NGDR_MajorLease2022,centroid_from_NGDR_lease_polygon
38APR11153,"CHINTALAYAPALLI BLOCK, KANAKADRIPALLI",Limestone,mining,15.030950565302799,78.10285292865944,ANDHRA PRADESH,KURNOOL,491.55,THE RAMCO CEMENTS LIMITED (formerly MADRAS CEMENTS LTD.),Private,Opencast,Non-Metallic,NGDR_MajorLease2022,centroid_from_NGDR_lease_polygon
38APR11155,KOLIMIGUNDLA BLOCK,Limestone,mining,15.06403979950048,78.11843011673514,ANDHRA PRADESH,KURNOOL,255.0,THE RAMCO CEMENTS LIMITED (formerly MADRAS CEMENTS LTD.),Private,Opencast,Non-Metallic,NGDR_MajorLease2022,centroid_from_NGDR_lease_polygon
38APR11144,KOLIMIGUNDLA (195/4A ETC.),Limestone,mining,15.077510569398815,78.12330253662961,ANDHRA PRADESH,KURNOOL,4.048,M/s SRI SAINATH MINERALS   (P.BAYAPU REDDY),Private,Opencast,Non-Metallic,NGDR_MajorLease2022,centroid_from_NGDR_lease_polygon
38APR11094,AMALGAMATED KORUMANIPALLI LIMESTONE MINE,Limestone,mining,14.981338648120241,78.10700395996957,ANDHRA PRADESH,KURNOOL,254.856,M/s PENNA CEMENT INDUSTRIES LIMITED,Private,Opencast,Non-Metallic,NGDR_MajorLease2022,centroid_from_NGDR_lease_polygon
38APR11037,PALKUR (S.No.54),Limestone,mining,15.412045877924731,78.2563142572205,ANDHRA PRADESH,KURNOOL,4.452,B.RAJENDRANATH,Private,Opencast,Non-Metallic,NGDR_MajorLease2022,centroid_from_NGDR_lease_polygon
38APR11128,PALKUR LIMESTONE MINE,Limestone,mining,15.422066987454157,78.25750118225842,ANDHRA PRADESH,KURNOOL,4.801,B.RAJENDRANATH,Private,Opencast,Non-Metallic,NGDR_MajorLease2022,centroid_from_NGDR_lease_polygon
40APR20071,SUBHALAKSHMI (NIMMALAVALASA),Manganese Ore,mining,18.294353247868713,83.67074257419185,ANDHRA PRADESH,VIZIANAGARAM,4.771,S.K.SARAWAGI & CO. PVT.LTD,Private,Opencast,Metallic,NGDR_MajorLease2022,centroid_from_NGDR_lease_polygon
40APR20028,SADANANDAPURAM,Manganese Ore,mining,18.252391128038983,83.55078174655927,ANDHRA PRADESH,VIZIANAGARAM,56.838,M/s R.B.S.S.D & F.N.DAS,Private,Opencast,Metallic,NGDR_MajorLease2022,centroid_from_NGDR_lease_polygon
38APR11189,TUMMALAPENTA LIMESTONE MINES-2,Limestone,mining,15.04186123416197,78.03956081958017,ANDHRA PRADESH,KURNOOL,114.372,M/s ULTRATECH CEMENT LIMITED,Private,Opencast,Non-Metallic,NGDR_MajorLease2022,centroid_from_NGDR_lease_polygon
38APR04015,BHARATHI CEMENT LIMESTONE MINE,Limestone,mining,14.596526707754183,78.58331538206225,ANDHRA PRADESH,YSR KADAPA,632.278,BHARATHI CEMENT CORPORATION PVT. LTD.,Private,Opencast,Non-Metallic,NGDR_MajorLease2022,centroid_from_NGDR_lease_polygon
40APR20046,DEVADA MANGANESE MINE,Manganese Ore,mining,18.259780373086812,83.55011165343504,ANDHRA PRADESH,VIZIANAGARAM,41.054,M/s R.B.S.S.D & F.N.DAS,Private,Opencast,Metallic,NGDR_MajorLease2022,centroid_from_NGDR_lease_polygon
40APR20050,GARBHAM CENTRAL,Manganese Ore,mining,18.375988369767725,83.44927622832881,ANDHRA PRADESH,VIZIANAGARAM,264.54,"M/s RASHTRIYA ISPAT NIGAM LIMITED, VIZAG STEEL PLANT",PSU,Opencast,Metallic,NGDR_MajorLease2022,centroid_from_NGDR_lease_polygon
38APR02054,GUDIPADU LIMESTONE MINE (E-AUCTION BLOCK),Limestone,mining,15.11617256941264,77.97245776778554,ANDHRA PRADESH,ANANTAPUR,40.816,M/s PENNA CEMENT INDUSTRIES LIMITED,Private,Opencast,Non-Metallic,NGDR_MajorLease2022,centroid_from_NGDR_lease_polygon
38APR07052,TANGEDA,Limestone,mining,16.665955119150844,79.83041650336513,ANDHRA PRADESH,GUNTUR,346.321,M/s BHAVYA CEMENTS LIMITED,Private,Opencast,Non-Metallic,NGDR_MajorLease2022,centroid_from_NGDR_lease_polygon
38APR11014,KANDIKAYAPALLI ML II,Limestone,mining,15.502360868556753,78.24011024059155,ANDHRA PRADESH,Kurnool,355.87,PANYAM CEMENTS & MINERAL INDUSTRIES LIMITED,Private,Opencast,Non-Metallic,NGDR_MajorLease2022,centroid_from_NGDR_lease_polygon
38APR02052,GUDIPADU,Limestone,mining,15.107350585591306,77.9889157356663,ANDHRA PRADESH,ANANTAPUR,454.59,SAGAR CEMENTS (R) LIMITED. (M/s BMM Cements Limited),Private,Opencast,Non-Metallic,NGDR_MajorLease2022,centroid_from_NGDR_lease_polygon
38APR10030,BUDAWADA LIMESTONE MINES  (Transferred from M/s.JAYPEE BALAJI CEMENT PLANT),Limestone,mining,16.860371932789914,80.0711505013766,ANDHRA PRADESH,Krishna,629.22,M/s ULTRATECH CEMENT LIMITED,Private,Opencast,Non-Metallic,NGDR_MajorLease2022,centroid_from_NGDR_lease_polygon
38APR10036,RAVIRALA LIMESTONE MINE (REVENUE),Limestone,mining,16.83114766587994,80.11208169695006,ANDHRA PRADESH,KRISHNA,124.33,THE RAMCO CEMENTS LIMITED (formerly MADRAS CEMENTS LTD.),Private,Opencast,Non-Metallic,NGDR_MajorLease2022,centroid_from_NGDR_lease_polygon
38APR11154,KANAKADRIPALLI BLOCK,Limestone,mining,15.052668979649788,78.0677177499502,ANDHRA PRADESH,KURNOOL,435.24,THE RAMCO CEMENTS LIMITED (formerly MADRAS CEMENTS LTD.),Private,Opencast,Non-Metallic,NGDR_MajorLease2022,centroid_from_NGDR_lease_polygon
38APR11178,KOTAPADU LIMESTONE MINE,Limestone,mining,15.086745473169769,78.16463578097712,ANDHRA PRADESH,KURNOOL,234.032,DALMIA CEMENT (BHARAT) LIMITED [formerly ESWAR CEMENTS (P) LTD],Private,Opencast,Non-Metallic,NGDR_MajorLease2022,centroid_from_NGDR_lease_polygon
38APR11132,PETNIKOTA LIMESTONE MINE,Limestone,mining,15.085010559114975,78.04971466672914,ANDHRA PRADESH,KURNOOL,951.848,GRASIM INDUSTRIES LIMITED   (ULTRATECH CEMENT LIMITED),Private,Opencast,Non-Metallic,NGDR_MajorLease2022,centroid_from_NGDR_lease_polygon
38APR11120,KOTAPADU LST MINE,Limestone,mining,15.061738165354333,78.17268436220473,ANDHRA PRADESH,KURNOOL,663.46,PRISM CEMENT LIMITED,Private,Opencast,Non-Metallic,NGDR_MajorLease2022,centroid_from_NGDR_lease_polygon
38APR11056,RACHERLA MINE - I,Limestone,mining,15.222977990595776,77.94584462504166,ANDHRA PRADESH,KURNOOL,510.25,M/s RAIN CEMENTS LIMITED,Private,Opencast,Non-Metallic,NGDR_MajorLease2022,centroid_from_NGDR_lease_polygon
38APR11036,THUMMALAPENTA LIMESTONE MINE,Limestone,mining,15.032110969157946,78.03346522810753,ANDHRA PRADESH,KURNOOL,844.939,M/s ULTRATECH CEMENT LIMITED,Private,Opencast,Non-Metallic,NGDR_MajorLease2022,centroid_from_NGDR_lease_polygon
38APR04002,NIDUZUVVI LIMESTONE MINE,Limestone,mining,14.643549779509978,78.50726909864481,ANDHRA PRADESH,YSR KADAPA,335.06,THE INDIA CEMENTS LIMITED,Private,Opencast,Non-Metallic,NGDR_MajorLease2022,centroid_from_NGDR_lease_polygon
38APR04008,ZUARI CEMENT LTD.,Limestone,mining,14.614055135002557,78.53211343359182,ANDHRA PRADESH,YSR KADAPA,656.68,ZUARI CEMENT LIMITED,Private,Opencast,Non-Metallic,NGDR_MajorLease2022,centroid_from_NGDR_lease_polygon
38APR07026,KRISHNAPURAM,Limestone,mining,16.646494807280714,79.65895145730299,ANDHRA PRADESH,GUNTUR,652.92,THE INDIA CEMENTS LIMITED,Private,Opencast,Non-Metallic,NGDR_MajorLease2022,centroid_from_NGDR_lease_polygon
38APR11186,MY HOME PALKUR LIMESTONE MINE,Limestone,mining,15.406077304056538,78.2058120453163,ANDHRA PRADESH,KURNOOL,149.392,M/s SREE JAYAJOTHI CEMENTS PRIVATE LIMITED,Private,Opencast,Non-Metallic,NGDR_MajorLease2022,centroid_from_NGDR_lease_polygon
38CHG19003,2_Area_553656_MALD_MOPAR_DEVRANI.tif,Limestone,mining,21.652971606660557,82.05582186079698,CHHATTISGARH,Raipur,553.66,AMBUJA CEMENTS LTD.,Private,Opencast,Non-Metallic,NGDR_MajorLease2022,centroid_from_NGDR_lease_polygon
38MPR28016,16_Area_3198_BHALUKONA.tif,Limestone,mining,21.497250690104817,81.97923949655558,CHHATTISGARH,Raipur,3.2,SAURABH AGRAWAL,Private,Opencast,Non-Metallic,NGDR_MajorLease2022,centroid_from_NGDR_lease_polygon
38MPR28018,89 KP Grasim ind Rawan Zipan lst 72283 ha.tif,Limestone,mining,21.568919570175257,81.98593266705537,CHHATTISGARH,Raipur,722.83,ULTRATECH CEMENT CO LTD.,Private,Opencast,Non-Metallic,NGDR_MajorLease2022,centroid_from_NGDR_lease_polygon
38CHG14028,148 KP Pathrakundi Area - 704 Avdesh Jain_modifie,Limestone,mining,21.436372415759603,81.93289773762675,CHHATTISGARH,Raipur,7.04,AVADHESH JAIN,Private,Opencast,Non-Metallic,NGDR_MajorLease2022,centroid_from_NGDR_lease_polygon
38CHG05012,104 KP Ratna Pandey sahegaon Lst 130Ha.tif,Limestone,mining,21.415759262601373,81.37274544516764,CHHATTISGARH,Durg,1.3,RATNA PANDEY,Private,Opencast,Non-Metallic,NGDR_MajorLease2022,centroid_from_NGDR_lease_polygon
38CHG05019,111 KP A K Verma Patheria11 Lst 347Ha.tif,Limestone,mining,21.39364112233089,81.37654449980707,CHHATTISGARH,Durg,3.47,AK.VERMA,Private,Opencast,Non-Metallic,NGDR_MajorLease2022,centroid_from_NGDR_lease_polygon
38CHG14023,Bitkuli_1.46,Limestone,mining,21.610222153800102,81.94363450620014,CHHATTISGARH,Baloda Bazar,1.46,KHEMLAL VERMA,Private,Opencast,Non-Metallic,NGDR_MajorLease2022,centroid_from_NGDR_lease_polygon
38CHG05007,187 Madesara 730 ha Vipin singhania.tif,Limestone,mining,21.3844627718077,81.37229001189277,CHHATTISGARH,Durg,7.3,VIPIN SINGHANIA,Private,Opencast,Non-Metallic,NGDR_MajorLease2022,centroid_from_NGDR_lease_polygon
30CHG08006,114 KP Jayaswal Necco Vill - Laindongari Area -14,Iron Ore,mining,20.27213363251318,81.21752006289265,CHHATTISGARH,Uttar Bastar Kanker,14.4,JAYASWAL NECO LTD,Private,Opencast,Metallic,NGDR_MajorLease2022,centroid_from_NGDR_lease_polygon
30CHG17001,177 KP Rowghat Iron Ore Mines Area 202880 of SAIL,Iron Ore,mining,19.804399593119836,81.16999205924947,CHHATTISGARH,Narayanpur,2028.8,BHILAI STEEL PLANT (SAIL),PSU,Opencast,Metallic,NGDR_MajorLease2022,centroid_from_NGDR_lease_polygon
38CHG05005,99 KP Sema sekseria Medesara Lst 880Ha_f.tif,Limestone,mining,21.38280071635695,81.37811239427931,CHHATTISGARH,Durg,8.8,"SINGHANIYA MINERALS PVT. LTD., BHILAI",Private,Opencast,Non-Metallic,NGDR_MajorLease2022,centroid_from_NGDR_lease_polygon
07CHG16005,130 KP CMDC Barima Bauxite 430Ha_modified.tif,Bauxite,mining,22.77518941283518,83.30868588173811,CHHATTISGARH,Surguja,4.3,CHHATTISGARH MINERAL DEVPT. CORPN. LTD,PSU,Opencast,Metallic,NGDR_MajorLease2022,centroid_from_NGDR_lease_polygon
38MPR13041,142 KP Nandini Kundini Area - 6467 h Khasra Plan,Limestone,mining,21.412576762396398,81.37764092468144,CHHATTISGARH,Durg,6.467,HEMANT KUMAR SAHU,Private,Opencast,Non-Metallic,NGDR_MajorLease2022,centroid_from_NGDR_lease_polygon
38MPR28017,18_Area_997355_PARSWANI.tif,Limestone,mining,21.534771940572988,81.96146878696229,CHHATTISGARH,Raipur,997.355,ULTRATECH CEMENT CO. LTD./GRASIM INDUSTRIES LTD,Private,Opencast,Non-Metallic,NGDR_MajorLease2022,centroid_from_NGDR_lease_polygon
38CHG01002,28_Area_0971_RAJOOR.tif,Limestone,mining,18.98707935774621,81.86136721859232,CHHATTISGARH,Bastar,0.97,PANKAJ STONE CRUSHER  (Maghraj Khatri),Private,Opencast,Non-Metallic,NGDR_MajorLease2022,centroid_from_NGDR_lease_polygon
38CHG05004,109 KP Sanjay agrawal Nandini Kundani Lst 203ha.t,Limestone,mining,21.409583000537452,81.37656122914099,CHHATTISGARH,Durg,2.03,SANJAY AGRAWAL,Private,Opencast,Non-Metallic,NGDR_MajorLease2022,centroid_from_NGDR_lease_polygon
38CHG05001,60_Area_350_SAHGAON.tif,Limestone,mining,21.412441780999153,81.37037920588213,CHHATTISGARH,Durg,3.5,VIKAS KUMAR AGRAWAL,Private,Opencast,Non-Metallic,NGDR_MajorLease2022,centroid_from_NGDR_lease_polygon
38CHG05014,55_Area_412_PATHARIA.tif,Limestone,mining,21.403143576277145,81.37457843553608,CHHATTISGARH,Durg,4.12,MUKESH DHODI,Private,Opencast,Non-Metallic,NGDR_MajorLease2022,centroid_from_NGDR_lease_polygon
30MPR02002,96_Area_50674_KIRANDUL  - 14 NMZ.tif,Iron Ore,mining,18.61607578293774,81.23350017569263,CHHATTISGARH,Dakshin Bastar Dantewada,506.74,NATIONAL MINERAL DEV CORPN. LTD.,PSU,Opencast,Metallic,NGDR_MajorLease2022,centroid_from_NGDR_lease_polygon
38CHG14027,91 KP Shree Cement ltd vill - Bhuruwadih Are - 531,Limestone,mining,21.608287301788774,82.07596390736026,CHHATTISGARH,Raipur,531.13,SHREE CEMENT LTD,Private,Opencast,Non-Metallic,NGDR_MajorLease2022,centroid_from_NGDR_lease_polygon
BMCRAI03,198 KP Kalwar 93806 Ha SAIL_modified.tif,Iron Ore,mining,20.4388788716761,80.97846217375768,CHHATTISGARH,Uttar Bastar Kanker,938.06,BHILAI STEEL PLANT (SAIL),PSU,Opencast,Metallic,NGDR_MajorLease2022,centroid_from_NGDR_lease_polygon
38CHG05022,98 KP Jitendra Chandrakar Medesara Lst 671 Ha_mod,Limestone,mining,21.38644082585015,81.37509586068548,CHHATTISGARH,Durg,6.71,JITENDRA CHANDRAKAR S/O NOOPSINSINH,Private,Opencast,Non-Metallic,NGDR_MajorLease2022,centroid_from_NGDR_lease_polygon
30MPR48001,97 KP NMDC VIll- Bacheli 10N Area 30934_modified.,Iron Ore,mining,18.69545735538139,81.2349953791639,CHHATTISGARH,Dakshin Bastar Dantewada,309.34,NATIONAL MINERAL DEV CORPN. LTD.,PSU,Opencast,Metallic,NGDR_MajorLease2022,centroid_from_NGDR_lease_polygon
07MPR53001,200 KP Budiyarmari 302 Hectare Bagmar Bauxite.tif,Bauxite,mining,20.16194471223302,81.32135953424944,CHHATTISGARH,Uttar Bastar Kanker,3.02,BAGMAR BAUXITE INDUSTRIES,Private,Opencast,Metallic,NGDR_MajorLease2022,centroid_from_NGDR_lease_polygon
38CHG14019,134 KP PHARHADA AREA 2137 HA OF AKHERAJ LUNIA KHA,Limestone,mining,21.644183220877107,81.99026460940728,CHHATTISGARH,Raipur,21.37,AKHERAJ LUNIYA,Private,Opencast,Non-Metallic,NGDR_MajorLease2022,centroid_from_NGDR_lease_polygon
38CHG05015,37_Area_179_CHANDI.tif,Limestone,mining,21.45001917141187,81.45352790580111,CHHATTISGARH,Durg,17.9,SHANKAR HARI AGRAWAL,Private,Opencast,Non-Metallic,NGDR_MajorLease2022,centroid_from_NGDR_lease_polygon
38CHG05020,101 KP K b lal Srivastva Medesara Lst 1285 Ha_f.t,Limestone,mining,21.385521135517042,81.37670291753068,CHHATTISGARH,Durg,12.85,K B. LAL SRIVASTAVA & SONS,Private,Opencast,Non-Metallic,NGDR_MajorLease2022,centroid_from_NGDR_lease_polygon
30MPR13005,146 KP SAIL PANDAR DALLI - RAJHARA - 22042 Ha.tif,Iron Ore,mining,20.569115919434772,81.09366644558534,CHHATTISGARH,Durg,220.42,STEEL AUTHORITY OF INDIA LTD,PSU,Opencast,Metallic,NGDR_MajorLease2022,centroid_from_NGDR_lease_polygon
30MPR13003,160 KP Nandini 52634 Ha SAIL.tif,Limestone,mining,21.37438230688905,81.409471947065,CHHATTISGARH,Durg,526.34,STEEL AUTHORITY OF INDIA LTD,PSU,Opencast,Non-Metallic,NGDR_MajorLease2022,centroid_from_NGDR_lease_polygon
38CHG01006,35_Area153_RAJOOR.tif,Limestone,mining,18.98749485654173,81.86065368424163,CHHATTISGARH,Bastar,1.53,USHA K RAJPURIA,Private,Opencast,Non-Metallic,NGDR_MajorLease2022,centroid_from_NGDR_lease_polygon
30CHG15001,75_Area_8071_DONGARBOR.tif,Iron Ore,mining,20.439675306105542,80.92340118532151,CHHATTISGARH,Rajnandgaon,80.71,SARDA ENERGY & MINERALS LIMITED,Private,Opencast,Metallic,NGDR_MajorLease2022,centroid_from_NGDR_lease_polygon
38CHG14021,147 KP MADHI AREA 1012 OF ASHOK SARIN_modified.ti,Limestone,mining,21.457756904797368,81.81025087033146,CHHATTISGARH,Raipur,10.12,ASHOK SARIN,Private,Opencast,Non-Metallic,NGDR_MajorLease2022,centroid_from_NGDR_lease_polygon
38MPR13036,209_Nandani_Khundani,Limestone,mining,21.38690576750486,81.38199143521544,CHHATTISGARH,Durg,1.74,AJAY KUMAR CHANDRAKAR,Private,Opencast,Non-Metallic,NGDR_MajorLease2022,centroid_from_NGDR_lease_polygon
38CHG01013,31_Area_280_CHHOTEKDAMA.tif,Limestone,mining,18.97139713381073,81.85133421496211,CHHATTISGARH,Bastar,2.8,REKHCHANDRA JAIN,Private,Opencast,Non-Metallic,NGDR_MajorLease2022,centroid_from_NGDR_lease_polygon
38MPR06003,61 KP Arasmeta Lafarge India Ltd Limestone 499987,Limestone,mining,21.9579539135133,82.34570975156049,CHHATTISGARH,Janjgir - Champa,499.99,LAFARGE INDIA LTD (M / s Nuvoco Vistas Carporation ),Private,Opencast,Non-Metallic,NGDR_MajorLease2022,centroid_from_NGDR_lease_polygon
38MPR13037,153 KP Sahgaon LST 1518 Ha. Lalmati Singh_modifie,Limestone,mining,21.415561746817215,81.37142866548058,CHHATTISGARH,Durg,1.52,LALMATI SINGH W/O LATE RAJENDRA SINH,Private,Opencast,Non-Metallic,NGDR_MajorLease2022,centroid_from_NGDR_lease_polygon
30MPR02005,40_Area_54004_BACHELI_5.tif,Iron Ore,mining,18.68244236764879,81.19369701035535,CHHATTISGARH,Dakshin Bastar Dantewada,540.04,NATIONAL MINERAL DEV CORPN. LTD.,PSU,Opencast,Metallic,NGDR_MajorLease2022,centroid_from_NGDR_lease_polygon
38CHG01017,181 KP Barangi 850 ha Kusum bafana.tif,Limestone,mining,19.166582774334444,81.81158091790157,CHHATTISGARH,Kathua,8.5,KUSUM BAFNA,Private,Opencast,Non-Metallic,NGDR_MajorLease2022,centroid_from_NGDR_lease_polygon
38MPR13022,56_Area_404_SAHEGAON.tif,Limestone,mining,21.412026417485226,81.37443147852997,CHHATTISGARH,Durg,4.04,RUPRELA BROTHERS,Private,Opencast,Non-Metallic,NGDR_MajorLease2022,centroid_from_NGDR_lease_polygon
38CHG14013,13_Area_7578_BITKULI.tif,Limestone,mining,21.61311084780886,81.95479450166498,CHHATTISGARH,Raipur,7.58,PANCHMUKHI ENTERPRISES,Private,Opencast,Non-Metallic,NGDR_MajorLease2022,centroid_from_NGDR_lease_polygon
38CHG14020,14_Area_4808_BHATBHERA.tif,Limestone,mining,21.591264232492254,81.92763963227294,CHHATTISGARH,Raipur,7.29,RIPU SUDAN VERMA,Private,Opencast,Non-Metallic,NGDR_MajorLease2022,centroid_from_NGDR_lease_polygon
07CHG24002,191 KP Kudarwahi  2000 ha KESHKAL G. N. INDIA BAU,Bauxite,mining,20.129234125281624,81.42799923578386,CHHATTISGARH,Bastar,20.0,KESHKAL G. N. INDIA BAUXITE MINES & MINERALS LTD,Private,Opencast,Metallic,NGDR_MajorLease2022,centroid_from_NGDR_lease_polygon
07CHG16007,76_Area_461_BARIMA.tif,Bauxite,mining,22.794131679793242,83.31929074958991,CHHATTISGARH,Surguja,4.61,CHHATTISGARH MINERAL DEVPT CORPN. LTD,PSU,Opencast,Metallic,NGDR_MajorLease2022,centroid_from_NGDR_lease_polygon
42CHG05002,210_KP_Amti_Vimal_Kumar_Seksaria_Moulding_Dand,Moulding Sand,mining,21.04936046193321,81.2416615576913,CHHATTISGARH,Durg,4.04,BIMAL KUAMR SEKSARIS,Private,Opencast,Non-Metallic,NGDR_MajorLease2022,centroid_from_NGDR_lease_polygon
07MPR42004,21_Area_37712_KUDAG.tif,Bauxite,mining,23.475021854074953,83.97593020656598,CHHATTISGARH,Surguja,377.12,HINDALCO INDUSTRIES LTD,Private,Opencast,Metallic,NGDR_MajorLease2022,centroid_from_NGDR_lease_polygon
38CHG14022,15_Area_2785_BHALUKONA.tif,Limestone,mining,21.497022657185315,81.9809661547028,CHHATTISGARH,Raipur,2.79,SAURABH AGRAWAL,Private,Opencast,Non-Metallic,NGDR_MajorLease2022,centroid_from_NGDR_lease_polygon
42CHG15001,208_KP_Bharegaon_Moulding_Sand_283_Ha.1,Moulding Sand,mining,21.090213080669184,81.12867571678595,CHHATTISGARH,Rajnandgaon,2.83,SUJATA DAKALIYA,Private,Opencast,Non-Metallic,NGDR_MajorLease2022,centroid_from_NGDR_lease_polygon
07CHG16012,129 KP CMDC Kesara Bauxite 1313Ha.tif,Bauxite,mining,22.79020394590885,83.27362065626286,CHHATTISGARH,Surguja,13.13,CHHATTISGARH MINERAL DEVPT. CORPN. LTD,PSU,Opencast,Metallic,NGDR_MajorLease2022,centroid_from_NGDR_lease_polygon
BMCRAI01,1_Area_249.41_FULWARI.tif,Limestone,mining,21.542616307997363,82.0230197079833,CHHATTISGARH,Raipur,249.41,"ADHUNIK CORPORATION LTD., KOLKATA",Private,Opencast,Non-Metallic,NGDR_MajorLease2022,centroid_from_NGDR_lease_polygon
42CHG15003,204_Area_486_BANKAL.tif,Moulding Sand,mining,21.054946807122,81.01956353607089,CHHATTISGARH,Rajnandgaon,4.86,ARCHANA DAS,Private,Opencast,Non-Metallic,NGDR_MajorLease2022,centroid_from_NGDR_lease_polygon
38MPR13034,107 KP Deepak k gupta sahegaon Lst 052Ha_modified,Limestone,mining,21.41396708696654,81.36593952961066,CHHATTISGARH,Durg,0.52,DEEPAK KUMAR GUPTA,Private,Opencast,Non-Metallic,NGDR_MajorLease2022,centroid_from_NGDR_lease_polygon
38CHG14008,149 KP Matiya Area 293 of Bhupendra sahu Khasra,Limestone,mining,21.329929819755428,81.7569822542277,CHHATTISGARH,Raipur,2.93,BHUPENDRA SAHU,Private,Opencast,Non-Metallic,NGDR_MajorLease2022,centroid_from_NGDR_lease_polygon
38CHG01012,192 KP Chhotekadma - 243 of Md rafik Khan.tif,Limestone,mining,18.971355122405317,81.85237684997598,CHHATTISGARH,Bastar,2.43,MOHAMMAD RAFIK KHAN MOTI,Private,Opencast,Non-Metallic,NGDR_MajorLease2022,centroid_from_NGDR_lease_polygon
07MPR02001,201_KP_Budhiyamari_Keshkal_GN._India_Bauxite_3.21,Bauxite,mining,20.154582403367044,81.30157274108919,CHHATTISGARH,Uttar Bastar Kanker,3.21,KESHKAL G. N INDIA BAUXITE MINES &,Private,Opencast,Metallic,NGDR_MajorLease2022,centroid_from_NGDR_lease_polygon
60CHG03006,175 KP Parcheli 755 Hect of PRECIOUS MINERALS AND,Tin Ore,mining,18.7652544601609,81.66745589688011,CHHATTISGARH,Dakshin Bastar Dantewada,7.55,PRECIOUS MINERALS AND SMELTING LTD.,Private,Opencast,Metallic,NGDR_MajorLease2022,centroid_from_NGDR_lease_polygon
60CHG03005,157 KP Nareli Area 497 of Precious Minerals Khasr,Tin Ore,mining,18.709022993176138,81.25959110247152,CHHATTISGARH,Kathua,4.97,PRECIOUS MINERALS AND SMELTING LTD,Private,Opencast,Metallic,NGDR_MajorLease2022,centroid_from_NGDR_lease_polygon
30CHG03004,42_Area_66523_BACHELI DEPOSIT -4.tif,Iron Ore,mining,18.710949194658756,81.21086039275662,CHHATTISGARH,Dakshin Bastar Dantewada,413.75,NMDC/CMDC LIMITED,PSU,Opencast,Metallic,NGDR_MajorLease2022,centroid_from_NGDR_lease_polygon
38MPR13039,11_Area_311_BHARUADIH.tif,Limestone,mining,21.617154052237126,82.08801870805506,CHHATTISGARH,Raipur,3.11,SANTOSH MINERALS,Private,Opencast,Non-Metallic,NGDR_MajorLease2022,centroid_from_NGDR_lease_polygon
38CHG05025,58_Area_4318_SAHGAON.tif,Limestone,mining,21.413067856510214,81.36829679139834,CHHATTISGARH,Durg,4.32,SUMAN SINGH,Private,Opencast,Non-Metallic,NGDR_MajorLease2022,centroid_from_NGDR_lease_polygon
BMCRAI04,150 KP Chitalnar Area 6674 CMDC.tif,Tin Ore,mining,18.674971267615557,81.91368337563934,CHHATTISGARH,Bastar,66.74,CHHATTISGARH MINERAL DEVPT. CORPN. LTD,PSU,Opencast,Metallic,NGDR_MajorLease2022,centroid_from_NGDR_lease_polygon
38MPR13008,88_Area_3602_PATHARIYA.tif,Limestone,mining,21.406043116396756,81.37218885695881,CHHATTISGARH,Durg,36.01,ACC Limited,Private,Opencast,Non-Metallic,NGDR_MajorLease2022,centroid_from_NGDR_lease_polygon
38CHG01004,30_Area_1376_OR_3.40_CHHAPERBHANPURI.tif,Limestone,mining,19.13903195233043,81.86710122221723,CHHATTISGARH,Bastar,1.37,RAJIV VAJPAYEE,Private,Opencast,Non-Metallic,NGDR_MajorLease2022,centroid_from_NGDR_lease_polygon
38CHG19001,5_Area_39505_KUKURDIH.tif,Limestone,mining,21.649272504693105,82.11418844695443,CHHATTISGARH,Raipur,395.05,NUVaco vista,Private,Opencast,Non-Metallic,NGDR_MajorLease2022,centroid_from_NGDR_lease_polygon
38CHG19002,86_Area_289319_KUDRADARIDIH.tif,Limestone,mining,22.78179814122843,83.28984095738718,CHHATTISGARH,Surguja,251.53,ULTRATECH CEMENT CO. LTD./GRASIM INDUSTRIES LTD,Private,Opencast,Non-Metallic,NGDR_MajorLease2022,centroid_from_NGDR_lease_polygon
38CHG01008,29_Area_153_CHHAPERBHANPURI.tif,Limestone,mining,19.132140883666324,81.84388199925492,CHHATTISGARH,Bastar,1.53,PRADEEP GOYAL,Private,Opencast,Non-Metallic,NGDR_MajorLease2022,centroid_from_NGDR_lease_polygon
38CHG14003,122 KP Akhilesh Kumar Singh Lalpur Lst 448 Ha.tif,Limestone,mining,21.32524331627608,81.74604047776317,CHHATTISGARH,Raipur,4.48,Akhilesh Kumar Singh,Private,Opencast,Non-Metallic,NGDR_MajorLease2022,centroid_from_NGDR_lease_polygon
07CHG16011,128 KP CMDC Kesara Bauxite 2034 Ha.tif,Bauxite,mining,22.785593318340098,83.27579070968586,CHHATTISGARH,Surguja,20.34,CHHATTISGARH MINERAL DEVPT. CORPN. LTD,PSU,Opencast,Metallic,NGDR_MajorLease2022,centroid_from_NGDR_lease_polygon
38CHG05024,46_Area_5357_NANDINI KUNDINI.tif,Limestone,mining,21.382416869010452,81.38560058159504,CHHATTISGARH,Durg,53.57,ACC LIMITED,Private,Opencast,Non-Metallic,NGDR_MajorLease2022,centroid_from_NGDR_lease_polygon
07CHG16013,131 KP CMDC Kesara Bauxite 900 Ha.tif,Bauxite,mining,22.77823966112577,83.27467852491209,CHHATTISGARH,Surguja,9.0,CHHATTISGARH MINERAL DEVPT. CORPN. LTD,PSU,Opencast,Metallic,NGDR_MajorLease2022,centroid_from_NGDR_lease_polygon
BMCRAI10,194 KP Kummakoleng 13043 of Precious Minerals_mod,Tin Ore,mining,18.7370999250644,81.92265844512444,CHHATTISGARH,Kathua,13.04,CHHATTISGARH MINERAL DEVPT. CORPN. LTD,PSU,Opencast,Metallic,NGDR_MajorLease2022,centroid_from_NGDR_lease_polygon
38CHG01018,36_Area_409_BARANGI.tif,Limestone,mining,19.166110394659036,81.80861246514732,CHHATTISGARH,Kathua,4.09,KAMLI BAI KASHYAP,Private,Opencast,Non-Metallic,NGDR_MajorLease2022,centroid_from_NGDR_lease_polygon
BMCRAI14,166 KP Girhola 380 Ha Dilip deslehra.tif,Limestone,mining,21.40198767049465,81.43132310331195,CHHATTISGARH,Durg,3.8,DILIP DESHLAHARA,Private,Opencast,Non-Metallic,NGDR_MajorLease2022,centroid_from_NGDR_lease_polygon
38MPR13024,53_Area_455_NANDINI KHUNDINI.tif,Limestone,mining,21.39217973644508,81.37984042085617,CHHATTISGARH,Durg,4.55,MOHNI DEVI MISHRA,Private,Opencast,Non-Metallic,NGDR_MajorLease2022,centroid_from_NGDR_lease_polygon
38MPR13025,52_Area_192_Nandini Khundini.tif,Limestone,mining,21.39055173788154,81.37971371630593,CHHATTISGARH,Durg,1.92,MOHINI DEVI MISHRA,Private,Opencast,Non-Metallic,NGDR_MajorLease2022,centroid_from_NGDR_lease_polygon
38MPR13026,59_Area_809_NANDINI KHUNDINI.tif,Limestone,mining,21.38973713440154,81.38223773680035,CHHATTISGARH,Durg,8.09,VIKAS AGRAWAL,Private,Opencast,Non-Metallic,NGDR_MajorLease2022,centroid_from_NGDR_lease_polygon
38CHG09002,176 KP Joginavagaon 405 BHILAI CEMENT CO. PVT. LT,Limestone,mining,22.19238785367005,81.27712608119445,CHHATTISGARH,Kabeerdham,1.62,VISHWAJIT S/O K.N.SINGH,Private,Opencast,Non-Metallic,NGDR_MajorLease2022,centroid_from_NGDR_lease_polygon
38CHG01010,27_Area_162_BARANGI.tif,Limestone,mining,19.167228974428586,81.80587710308454,CHHATTISGARH,Kathua,1.62,NEHA STONE,Private,Opencast,Non-Metallic,NGDR_MajorLease2022,centroid_from_NGDR_lease_polygon
38CHG05009,50_Area_31_SEMRIYA.tif,Limestone,mining,21.41476069327774,81.41057064781194,CHHATTISGARH,Durg,3.1,J K LAKSHMI CEMENT PVT LTD,Private,Opencast,Non-Metallic,NGDR_MajorLease2022,centroid_from_NGDR_lease_polygon
38MPR28020,9_Area_168_BITKULI.tif,Limestone,mining,21.614347817610795,81.94194655488965,CHHATTISGARH,Raipur,1.68,MEERA  VERMA,Private,Opencast,Non-Metallic,NGDR_MajorLease2022,centroid_from_NGDR_lease_polygon
38MPR13007,45_Area_3787_PATHRIYA.tif,Limestone,mining,21.391055884016957,81.37267201699372,CHHATTISGARH,Durg,37.87,ACC LIMITED,Private,Opencast,Non-Metallic,NGDR_MajorLease2022,centroid_from_NGDR_lease_polygon
38CHG05016,171 KP Pitora 119 Ha T K Chandrakar_.tif,Limestone,mining,21.3994470841371,81.40720522043036,CHHATTISGARH,Durg,1.19,T.K.CHANDRAKAR,Private,Opencast,Non-Metallic,NGDR_MajorLease2022,centroid_from_NGDR_lease_polygon
38CHG14012,87_Area_4196_BITKULI.tif,Limestone,mining,21.616609943567262,81.94397339952721,CHHATTISGARH,Raipur,4.196,KHEMLAL VERMA,Private,Opencast,Non-Metallic,NGDR_MajorLease2022,centroid_from_NGDR_lease_polygon
38CHG14007,70_Area_8144_MATIA.tif,Limestone,mining,21.332568672955944,81.75643816852005,CHHATTISGARH,Raipur,8.14,GANGOTRI LIME PVT.LTD/GANGARAM SHARMA,Private,Opencast,Non-Metallic,NGDR_MajorLease2022,centroid_from_NGDR_lease_polygon
38MPR13038,168 KP Shehgaon  107 Ha Rana Prem Kumar Singh.tif,Limestone,mining,21.410273044923755,81.372994232491,CHHATTISGARH,Durg,1.07,RANA PREM KUMAR SINGH,Private,Opencast,Non-Metallic,NGDR_MajorLease2022,centroid_from_NGDR_lease_polygon
BMCRAI11,193 KP Kummakoleng  30259 Precious Minerals_modif,Tin Ore,mining,18.699108191519873,81.91189464018056,CHHATTISGARH,Bastar,30.26,CHHATTISGARH MINERAL DEVPT. CORPN. LTD,PSU,Opencast,Metallic,NGDR_MajorLease2022,centroid_from_NGDR_lease_polygon
38MPR28019,180 KP Bitkuli 3603 hect. Shri G P Madriya.tif,Limestone,mining,21.614799149727695,81.94542540995475,CHHATTISGARH,Raipur,3.6,"G. P. MADHARIYA, DAGANIYA RAIPUR",Private,Opencast,Non-Metallic,NGDR_MajorLease2022,centroid_from_NGDR_lease_polygon
42CHG05001,51_Area_404_KARAHIDIH.tif,Moulding Sand,mining,21.23493747439196,81.27996539629989,CHHATTISGARH,Durg,4.04,Mahendra kumar Seksaria,Private,Opencast,Non-Metallic,NGDR_MajorLease2022,centroid_from_NGDR_lease_polygon
60CHG03001,95 KPPrecious Mineral Tin Bade bacheli 774 Ha_mod,Tin Ore,mining,18.709168377279664,81.26275353699361,CHHATTISGARH,Kathua,7.74,PRECIOUS MINERALS AND SMELTING LTD,Private,Opencast,Metallic,NGDR_MajorLease2022,centroid_from_NGDR_lease_polygon
07CHG16009,83_Area_47812_NARMADAPUR.tif,Bauxite,mining,22.763520701441806,83.34977189950855,CHHATTISGARH,Surguja,47.81,CHHATTISGARH MINERAL DEVPT. CORPN. LTD,PSU,Opencast,Metallic,NGDR_MajorLease2022,centroid_from_NGDR_lease_polygon
38CHG14004,182 KP MATIA 4834 Ha SHRI MANISH SHARMA_.tif,Limestone,mining,21.337306266548627,81.75951802386463,CHHATTISGARH,Raipur,4.83,MANISH SHARMA,Private,Opencast,Non-Metallic,NGDR_MajorLease2022,centroid_from_NGDR_lease_polygon
07CHG16006,77_Area_476_BARIMA.tif,Bauxite,mining,22.775776779670945,83.30320490824248,CHHATTISGARH,Surguja,4.76,CHHATTISGARH MINERAL DEVPT CORPN. LTD,PSU,Opencast,Metallic,NGDR_MajorLease2022,centroid_from_NGDR_lease_polygon
30CHG08001,68 KP Jayaswal NECO Metabodeli  Iron Ore 2500 hec,Iron Ore,mining,20.044050201572738,80.98094829569307,CHHATTISGARH,Kathua,25.0,JAISWAL NICO LTD,Private,Opencast,Metallic,NGDR_MajorLease2022,centroid_from_NGDR_lease_polygon
07CHG09001,65_Area_3821_DALDALI.tif,Bauxite,mining,22.39456809829904,81.16548447935772,CHHATTISGARH,Kabeerdham,38.21,MAHAVIR MINERALS ( DURG ),Private,Opencast,Metallic,NGDR_MajorLease2022,centroid_from_NGDR_lease_polygon
07CHG16004,78_Area_49_KESRA.tif,Bauxite,mining,22.777636158455685,83.25731399098217,CHHATTISGARH,Surguja,4.9,CHHATTISGARH MINERAL DEVPT CORPN. LTD,PSU,Opencast,Metallic,NGDR_MajorLease2022,centroid_from_NGDR_lease_polygon
38CHG09001,141 KP MATIA AREA 1214 OF GANGOTRI MINES KHASRA P,Limestone,mining,21.33210060096121,81.75171507291653,CHHATTISGARH,Raipur,12.14,JAISWAL NICCO INDUSTRIES LIMITED,Private,Opencast,Non-Metallic,NGDR_MajorLease2022,centroid_from_NGDR_lease_polygon
60CHG03003,156 KP Badi Bacheli Area - 1709 of Precious Miner,Tin Ore,mining,18.683697182338957,81.26048283470764,CHHATTISGARH,Kathua,17.09,PRECIOUS MINERALS AND SMELTING LTD,Private,Opencast,Metallic,NGDR_MajorLease2022,centroid_from_NGDR_lease_polygon
38CHG01016,161 KP Mogarpal 1595 Vimal Stone Associates.tif,Limestone,mining,19.217220583075196,81.97349303038439,CHHATTISGARH,Bastar,15.94,VIMAL STONE ASSOCIATES,Private,Opencast,Non-Metallic,NGDR_MajorLease2022,centroid_from_NGDR_lease_polygon
38CHG05003,100 SP Singhaniya Minerals Medesara 1790Ha1_f.tif,Limestone,mining,21.379093978722896,81.38187728221374,CHHATTISGARH,Durg,17.9,"SINGHANIYA MINERALS PVT LTD., BHILAI",Private,Opencast,Non-Metallic,NGDR_MajorLease2022,centroid_from_NGDR_lease_polygon
60CHG03004,94 kp Precious Mineral Tin Bade bacheli 3601 Ha_m,Tin Ore,mining,18.707539889277374,81.26626389807193,CHHATTISGARH,Kathua,36.07,PRECIOUS MINERALS AND SMELTING LTD,Private,Opencast,Metallic,NGDR_MajorLease2022,centroid_from_NGDR_lease_polygon
38MPR13027,163 KP Patharia 216 of Ak Verma.tif,Limestone,mining,21.394848453143652,81.3764132971146,CHHATTISGARH,Durg,2.16,AK. VERMA,Private,Opencast,Non-Metallic,NGDR_MajorLease2022,centroid_from_NGDR_lease_polygon
38CHG14011,71_Area_9716_PATHRAKUNDI.tif,Limestone,mining,21.45759850379546,81.93249100080409,CHHATTISGARH,Raipur,9.72,KEDAR AGRAWAL,Private,Opencast,Non-Metallic,NGDR_MajorLease2022,centroid_from_NGDR_lease_polygon
38CHG05017,85_Area_267695_SEMRIYA.tif,Limestone,mining,21.414473159185423,81.40676248579942,CHHATTISGARH,Durg,267.95,J K LAKSHMI CEMENT PVT LTD,Private,Opencast,Non-Metallic,NGDR_MajorLease2022,centroid_from_NGDR_lease_polygon
BMCRAI08,140 KP CHITALNAR AREA- 3648 OF CMDC.tif,Tin Ore,mining,18.681103479383623,81.91422652485129,CHHATTISGARH,Kathua,36.48,CHHATTISGARH MINERAL DEVPT. CORPN. LTD,PSU,Opencast,Metallic,NGDR_MajorLease2022,centroid_from_NGDR_lease_polygon
38CHG05026,205_Area_25211_Semaria.tif,Limestone,mining,21.415597307940306,81.4037183576639,CHHATTISGARH,Durg,252.11,J K LAKSHMI CEMENT PVT LTD,Private,Opencast,Non-Metallic,NGDR_MajorLease2022,centroid_from_NGDR_lease_polygon
60CHG27001,178 KP Kikirpal 1154 Hect of PRECIOUS MINERALS AN,Tin Ore,mining,18.610637073042533,81.92094860630581,CHHATTISGARH,Dakshin Bastar Dantewada,11.54,PRECIOUS MINERALS AND SMELTING LTD.,Private,Opencast,Metallic,NGDR_MajorLease2022,centroid_from_NGDR_lease_polygon
BMCRAI23,174 KP Lakharas 2108 Hect of PRECIOUS MINERALS AN,Tin Ore,mining,18.80560711260085,81.64456518936979,CHHATTISGARH,Dakshin Bastar Dantewada,21.08,PRECIOUS MINERALS AND SMELTING LTD.,Private,Opencast,Metallic,NGDR_MajorLease2022,centroid_from_NGDR_lease_polygon
30CHG03003,Alnar_ironore_31.55Ha,Iron Ore,mining,18.55079973450005,81.23989056640008,CHHATTISGARH,Dantewada,31.55,ARTI SPONGE LTD. (2 SG),Private,Opencast,Metallic,NGDR_MajorLease2022,centroid_from_NGDR_lease_polygon
30CHG08008,66_Area_13896_KACHHE AARI DONGRI.tif,Iron Ore,mining,20.4114020885556,81.06555039061118,CHHATTISGARH,Uttar Bastar Kanker,138.96,GODAVARI POWER & ISPAT LTD,Private,Opencast,Metallic,NGDR_MajorLease2022,centroid_from_NGDR_lease_polygon
30MPR13002,144 KP RAJHARA HILL  DALLI -JHARANDALLI SAIL 7196,Iron Ore,mining,20.56640618127312,81.06991556096881,CHHATTISGARH,Durg,719.6,STEEL AUTHORITY OF INDIA LTD,PSU,Opencast,Metallic,NGDR_MajorLease2022,centroid_from_NGDR_lease_polygon
38CHG02003,Godadih_120.31,Limestone,mining,21.79956330109498,82.30882064860133,CHHATTISGARH,Bilaspur,120.31,JINDAL STEEL & POWER,Private,Opencast,Non-Metallic,NGDR_MajorLease2022,centroid_from_NGDR_lease_polygon
38CHG02001,93 KP ACC ltd Vill - Gondhadih Area - 58296.tif,Limestone,mining,21.814056073877175,82.33628743323531,CHHATTISGARH,Bilaspur,582.96,ACC LIMITED,Private,Opencast,Non-Metallic,NGDR_MajorLease2022,centroid_from_NGDR_lease_polygon
38CHG19004,GUMA-11,Limestone,mining,21.58495253221551,82.0662105075159,CHHATTISGARH,Raipur,157.12,ULTRATECH CEMENT LIMITED,Private,Opencast,Non-Metallic,NGDR_MajorLease2022,centroid_from_NGDR_lease_polygon
07MPR42005,20_Area_214675_semri.tif,Bauxite,mining,23.423813484288406,83.9256862962581,CHHATTISGARH,Surguja,2146.75,HINDALCO INDUSTRIES LTD,Private,Opencast,Metallic,NGDR_MajorLease2022,centroid_from_NGDR_lease_polygon
30CHG15002,74_Area_110_BORIYA TIBBU FORESTtif,Iron Ore,mining,20.457944089570987,80.92885180518958,CHHATTISGARH,Rajnandgaon,110.0,GODAVARI POWER & ISPAT LIMITED,Private,Opencast,Metallic,NGDR_MajorLease2022,centroid_from_NGDR_lease_polygon
30CHG08007,115 KP Bajran Power Ispat ltd Vill- Hahaldi Area 7,Iron Ore,mining,20.19419584280006,80.90295232660004,CHHATTISGARH,Uttar Bastar Kanker,75.0,BAJRANG POWER & ISPAT LTD,Private,Opencast,Metallic,NGDR_MajorLease2022,centroid_from_NGDR_lease_polygon
30CHG08010,Ari Dongri_166.80,Iron Ore,mining,20.396576531788146,81.06064555298022,CHHATTISGARH,KANKER,166.8,CHHATTISGARH MINERAL DEVPT. CORPN. LTD,PSU,Opencast,Metallic,NGDR_MajorLease2022,centroid_from_NGDR_lease_polygon
07CHG16003,19_Area_1218762_TATIJHARIA.tif,Bauxite,mining,23.386453616625055,83.89583651025006,CHHATTISGARH,Surguja,1218.76,HINDALCO INDUSTRIES LTD.,Private,Opencast,Metallic,NGDR_MajorLease2022,centroid_from_NGDR_lease_polygon
30CHG08011,Hahaldi Iron ore_78.09ha,Iron Ore,mining,20.22745988095243,80.89228176190484,CHHATTISGARH,Kanker,78.09,JSW Ispat Special Products Limited,Private,Opencast,Metallic,NGDR_MajorLease2022,centroid_from_NGDR_lease_polygon
07CHG09002,62_Area_626117_BAIJALPUR.tif,Bauxite,mining,22.451412668692644,81.1851253104192,CHHATTISGARH,Kabeerdham,626.12,BHARAT ALUMINIUM CO. LTD.,Private,Opencast,Metallic,NGDR_MajorLease2022,centroid_from_NGDR_lease_polygon
30CHG03002,43_Area_87492_BACHELI -  11C.tif,Iron Ore,mining,18.70377808689644,81.22230703564003,CHHATTISGARH,Dakshin Bastar Dantewada,874.92,NATIONAL MINERAL DEV CORPN. LTD.,PSU,Opencast,Metallic,NGDR_MajorLease2022,centroid_from_NGDR_lease_polygon
38CHG05023,NANDINI KHUNDINI_4.80 Ha,Limestone,mining,21.387040254300064,81.38205634275005,CHHATTISGARH,Durg,4.8,VIRENDRA KUMAR CHOPRA (SURENDRA KU CHOPRA),Private,Opencast,Non-Metallic,NGDR_MajorLease2022,centroid_from_NGDR_lease_polygon
38CHG01005,26_Area_1619_BADANJI.tif,Limestone,mining,19.164414649787744,81.80770540514467,CHHATTISGARH,Kathua,1.61,KUSUM TULSYAN,Private,Opencast,Non-Metallic,NGDR_MajorLease2022,centroid_from_NGDR_lease_polygon
07CHG09003,63_Area_531_Daldali_modified.tif,Bauxite,mining,22.38917560974807,81.17971834821182,CHHATTISGARH,Kabeerdham,5.31,CHHATTISGARH MINERAL DEVPT. CORPN. LTD,PSU,Opencast,Metallic,NGDR_MajorLease2022,centroid_from_NGDR_lease_polygon
38CHG01011,32 SP Shivshakti Metals Takraguda Limestone 242 H,Limestone,mining,19.133192356314744,81.82837096837554,CHHATTISGARH,Bastar,2.42,SHIV SHAKTI METALS (Arti girdhar),Private,Opencast,Non-Metallic,NGDR_MajorLease2022,centroid_from_NGDR_lease_polygon
30MPR02006,69_Area_1793_BARBASPUR.tif,Iron Ore,mining,20.275250434303004,81.2188027297194,CHHATTISGARH,Uttar Bastar Kanker,17.93,JIVANLAL JAIN,Private,Opencast,Metallic,NGDR_MajorLease2022,centroid_from_NGDR_lease_polygon
38CHG05006,48 Bhagatram Sahu Nandani Khundani Limestone 109,Limestone,mining,21.39370503328571,81.38006128528585,CHHATTISGARH,Durg,1.09,BHAGATRAM SAHU,Private,Opencast,Non-Metallic,NGDR_MajorLease2022,centroid_from_NGDR_lease_polygon
38CHG05008,143 KP Nandini Kundini Area - 145 h  Hemant Kumar,Limestone,mining,21.3932304813978,81.38143022479048,CHHATTISGARH,Durg,1.45,HEMANT KUMAR SAHU,Private,Opencast,Non-Metallic,NGDR_MajorLease2022,centroid_from_NGDR_lease_polygon
60CHG03002,158 KP Badi Bacheli Area - 531 of Precious Minera,Tin Ore,mining,18.690635990749193,81.2602488520906,CHHATTISGARH,Kathua,5.31,PRECIOUS MINERALS AND SMELTING LTD,Private,Opencast,Metallic,NGDR_MajorLease2022,centroid_from_NGDR_lease_polygon
38CHG14018,7_Area_1325_MOPAR.tif,Limestone,mining,21.64015867316107,82.05399106802629,CHHATTISGARH,Raipur,13.25,KAPIL KUMAR AGRAWAL S/O K. P. AGRAWAL,Private,Opencast,Non-Metallic,NGDR_MajorLease2022,centroid_from_NGDR_lease_polygon
38MPR13031,49_Area_352_Nandini Khundini_modified.tif,Limestone,mining,21.4125457582427,81.37663601312906,CHHATTISGARH,Durg,3.52,BHAKTULAL RAMANI,Private,Opencast,Non-Metallic,NGDR_MajorLease2022,centroid_from_NGDR_lease_polygon
BMCRAI05,137 KP Pandrapat AREA - 13.29 ha CMDC_modified.tif,Bauxite,mining,23.066673367724647,83.64339713952928,CHHATTISGARH,Jashpur,13.29,CHHATTISGARH MINERAL DEVPT. CORPN. LTD,PSU,Opencast,Metallic,NGDR_MajorLease2022,centroid_from_NGDR_lease_polygon
30CHG01001,116 KP NICO Jayaswal Ltd 19265 Ha_modified.tif,Iron Ore,mining,19.439936842338373,81.2730777783015,CHHATTISGARH,Narayanpur,192.25,JAISWAL NICCO INDUSTRIES LIMITED,Private,Opencast,Metallic,NGDR_MajorLease2022,centroid_from_NGDR_lease_polygon
38CHG14006,64_Area_1214_MANPUR.tif,Limestone,mining,21.738110922707996,81.19181137114926,CHHATTISGARH,Kabeerdham,12.14,GANGOTRI LIME PVT.LTD/GANGARAM SHARMA,Private,Opencast,Non-Metallic,NGDR_MajorLease2022,centroid_from_NGDR_lease_polygon
38CHG01007,120 KP Pradeep k kedia Gudeli Lst 202 Ha.tif,Limestone,mining,21.673346767057097,83.20218872642863,CHHATTISGARH,Raigarh,2.02,ADIVASI HARIJAN STONE CRUSHER CO-OP. SOC,Private,Opencast,Non-Metallic,NGDR_MajorLease2022,centroid_from_NGDR_lease_polygon
38CHG02002,38_Area_1085365_CHILHATI.tif,Limestone,mining,21.785379399159392,82.26377958785626,CHHATTISGARH,Bilaspur,1085.53,NUVaco vista,Private,Opencast,Non-Metallic,NGDR_MajorLease2022,centroid_from_NGDR_lease_polygon
38CHG06002,113 KP Lafarge India Ltd Vill - Arasameta Area - ML-3,Limestone,mining,21.948532320125384,82.32568443484426,CHHATTISGARH,Janjgir - Champa,46.29,NUVaco vista,Private,Opencast,Non-Metallic,NGDR_MajorLease2022,centroid_from_NGDR_lease_polygon
38CHG06001,112 KP Lafarge India Ltd Vill - Kirari Area - 167,Limestone,mining,21.962705989366913,82.46074976277521,CHHATTISGARH,Janjgir - Champa,167.04,LAFARGE INDIA LTD (M / s Nuvoco Vistas Carporation ),Private,Opencast,Non-Metallic,NGDR_MajorLease2022,centroid_from_NGDR_lease_polygon
38CHG644001,KARHI CHANDI,Limestone,mining,21.614425142031664,82.034644445225,CHHATTISGARH,Raipur,225.19,SHREE CEMENT LTD,Private,Opencast,Non-Metallic,NGDR_MajorLease2022,centroid_from_NGDR_lease_polygon
30MPR13001,159 KP Dalli_Manual 100 Ha SAILtif,Iron Ore,mining,20.56893228755268,81.02450151097374,CHHATTISGARH,Durg,100.0,BHILAI STEEL PLANT (SAIL),PSU,Opencast,Metallic,NGDR_MajorLease2022,centroid_from_NGDR_lease_polygon
38CHG14024,123 KP Century Textile Indus Ltd Vill - Bahesar A,Limestone,mining,21.51626339974291,81.79430440749113,CHHATTISGARH,Raipur,74.84,CENTURY TEXTILES INDUSTRIES LTD (Ms Ultra Tech Cement),Private,Opencast,Non-Metallic,NGDR_MajorLease2022,centroid_from_NGDR_lease_polygon
07CHG24001,190 KP Kudarwahi 7280 ha KESHKAL G. N. INDIA BAUX,Bauxite,mining,20.111851747403225,81.43014574496614,CHHATTISGARH,Bastar,7.28,KESHKAL G. N. INDIA BAUXITE MINES & MINERALS LTD,Private,Opencast,Metallic,NGDR_MajorLease2022,centroid_from_NGDR_lease_polygon
38MPR13001,44 KP ACC Jamul Limestone 26996 hect.tif,Limestone,mining,21.256616157635616,81.36813060734771,CHHATTISGARH,Durg,269.96,ACC LIMITED,Private,Opencast,Non-Metallic,NGDR_MajorLease2022,centroid_from_NGDR_lease_polygon
38MPR27003,117 KP K A. Rao & Co Banipathar Lst 7.41 Ha.tif,Limestone,mining,22.00436778470038,83.13904677366075,CHHATTISGARH,Raigarh,7.41,KA.RAO & CO.,Private,Opencast,Non-Metallic,NGDR_MajorLease2022,centroid_from_NGDR_lease_polygon
38MPR28010,179_sonadih limestone 44476 Lafarge 1.tif,Limestone,mining,21.7394471165794,82.20833393147764,CHHATTISGARH,Raipur,444.76,NUVaco vista,Private,Opencast,Non-Metallic,NGDR_MajorLease2022,centroid_from_NGDR_lease_polygon
38MPR28007,03 KP Ambuja Rawan Limestone 420935_Page_05.tif,Limestone,mining,21.67246768625976,82.10634712921463,CHHATTISGARH,Raipur,420.95,AMBUJA CEMENTS LTD.,Private,Opencast,Non-Metallic,NGDR_MajorLease2022,centroid_from_NGDR_lease_polygon
BMCRAI22,183 KP NARELI 1640 Ha PRECIOUS MINERALS AND SMELT,Tin Ore,mining,18.717525731985255,81.26545758619004,CHHATTISGARH,Dakshin Bastar Dantewada,16.4,PRECIOUS MINERALS AND SMELTING LTD.,Private,Opencast,Metallic,NGDR_MajorLease2022,centroid_from_NGDR_lease_polygon
07CHG16010,81_Area_5427_BARIMA.tif,Bauxite,mining,22.797253811048154,83.32243444287315,CHHATTISGARH,Surguja,54.27,CHHATTISGARH MINERAL DEVPT. CORPN. LTD,PSU,Opencast,Metallic,NGDR_MajorLease2022,centroid_from_NGDR_lease_polygon
BMCRAI12,184 KP Chintalnar 2590 PRECIOUS MINERALS AND SMEL,Tin Ore,mining,18.717393298893537,81.9319666832758,CHHATTISGARH,Kathua,25.9,CHHATTISGARH MINERAL DEVPT. CORPN. LTD,PSU,Opencast,Metallic,NGDR_MajorLease2022,centroid_from_NGDR_lease_polygon
BMCRAI07,138 KP Pandrapat AREA - 27.32 ha OF CMDC PART - I_,Bauxite,mining,23.065550679399085,83.6514386317424,CHHATTISGARH,Kathua,27.32,CHHATTISGARH MINERAL DEVPT. CORPN. LTD,PSU,Opencast,Metallic,NGDR_MajorLease2022,centroid_from_NGDR_lease_polygon
BMCRAI15,90 KP Jai prakash asociate Chuchrangpur Lst 125 Ha,Limestone,mining,21.5566118893748,82.04229533594909,CHHATTISGARH,Raipur,125.0,"JAI PRAKASH ASSOCIATES LTD., NEW DELHI",Private,Opencast,Non-Metallic,NGDR_MajorLease2022,centroid_from_NGDR_lease_polygon
07CHG16015,80_Area_9035_PATHRAI.tif,Bauxite,mining,22.794498993253843,83.2595176100789,CHHATTISGARH,Surguja,99.35,CHHATTISGARH MINERAL DEVPT. CORPN. LTD,PSU,Opencast,Metallic,NGDR_MajorLease2022,centroid_from_NGDR_lease_polygon
07MPR42002,mainpat_3_Block_Area_639.17,Bauxite,mining,22.859931939120628,83.29569367729027,CHHATTISGARH,Surguja,639.17,BHARAT ALUMINIUM CO. LTD.,Private,Opencast,Metallic,NGDR_MajorLease2022,centroid_from_NGDR_lease_polygon
30MPR13004,145 KP Mahamaya SAIL Fe 152267 Ha_modified.tif,Iron Ore,mining,20.469592371428572,80.98675313061224,CHHATTISGARH,Durg,1522.67,STEEL AUTHORITY OF INDIA LTD,PSU,Opencast,Metallic,NGDR_MajorLease2022,centroid_from_NGDR_lease_polygon
38MPR28001,124 KP Century textile & Industries Ltd Vill - Bh,Limestone,mining,21.50655718217634,81.7929719658572,CHHATTISGARH,Raipur,237.0,Ultratech cement Ltd,Private,Opencast,Non-Metallic,NGDR_MajorLease2022,centroid_from_NGDR_lease_polygon
30GOA01192,Velguem,Iron Ore,mining,15.497770819182017,74.0616505833505,GOA,North Goa,8.98629154105,DB. Bandodkar & Sons Pvt Ltd,Private,Opencast,Metallic,NGDR_MajorLease2022,centroid_from_NGDR_lease_polygon
30GOA02041,Godbaim,Iron Ore,mining,15.135784381958137,74.17267929185786,GOA,South Goa,68.6441016387,RAJESH TIMBLO,Private,Opencast,Metallic,NGDR_MajorLease2022,centroid_from_NGDR_lease_polygon
40GOA02061,Sulcorna (Gogal),Iron Ore,mining,15.11267101969405,74.14198015722027,GOA,South Goa,16.8993626072,Jai Kishori Saheb,Private,Opencast,Metallic,NGDR_MajorLease2022,centroid_from_NGDR_lease_polygon
40GOA02002,Zamblidadga Dongor,Iron Ore,mining,15.133955850002222,74.07021568505621,GOA,South Goa,70.8429478722,NARAINA S QUIRTONIM (LATE),Private,#N/A,Metallic,NGDR_MajorLease2022,centroid_from_NGDR_lease_polygon
40GOA02020,Vagxep Dando,Iron Ore,mining,15.185564832597882,74.13502077537225,GOA,South Goa,64.5330919349,ShriG.S.Padiyar,Private,Opencast,Metallic,NGDR_MajorLease2022,centroid_from_NGDR_lease_polygon
40GOA02024,Sulcorna,Iron Ore,mining,15.100587057264663,74.163389682589,GOA,South Goa,60.76420785,Antonio D Souza,Private,Opencast,Metallic,NGDR_MajorLease2022,centroid_from_NGDR_lease_polygon
07GOA02003,Naqueri,Bauxite,mining,15.112192815203393,73.94238289817254,GOA,South Goa,29.0685564827,Bhumipurush Minerals Pvt Ltd.,Private,Opencast,Metallic,NGDR_MajorLease2022,centroid_from_NGDR_lease_polygon
38GUJ08103,Aniali [207/p] Limestone Mine,Limestone,mining,21.704172031370994,69.8251253743378,GUJARAT,Porbandar,12.27,Tata Chemicals Ltd.,Private,Opencast,Non-Metallic,NGDR_MajorLease2022,centroid_from_NGDR_lease_polygon
38GUJ21066,Boricha [22/2] Limestone Mine,Limestone,mining,21.76371219121045,69.66983137177833,GUJARAT,PORBANDAR,2.0,Okai Minerals,Private,Opencast,Non-Metallic,NGDR_MajorLease2022,centroid_from_NGDR_lease_polygon
38GUJ21069,Adityana [618/p] Limestone Mine,Limestone,mining,21.720936028773448,69.68970862666124,GUJARAT,Porbandar,2.0,Paras Kumar B. Odedara,Private,Opencast,Non-Metallic,NGDR_MajorLease2022,centroid_from_NGDR_lease_polygon
38GUJ08152,Adityana Minerals [5/6] Limestone Mine,Limestone,mining,21.713126088190318,69.69657203689522,GUJARAT,Porbandar,5.9,Dolar Rai Mulibhai Thanki,Private,Opencast,Non-Metallic,NGDR_MajorLease2022,centroid_from_NGDR_lease_polygon
38GUJ21035,Devda [221] Limestone Mine,Limestone,mining,21.73651341426656,69.90951203529565,GUJARAT,Porbandar,13.44,Tata Chemicals Ltd.,Private,Opencast,Non-Metallic,NGDR_MajorLease2022,centroid_from_NGDR_lease_polygon
38GUJ21006,"Kantela [43,10/6,10/7] Limestone Mine",Limestone,mining,21.713394948921888,69.52775836672,GUJARAT,Porbandar,10.93,Dilip Mabhai Modhavadia,Private,Opencast,Non-Metallic,NGDR_MajorLease2022,centroid_from_NGDR_lease_polygon
38GUJ21007,"Dharampur-I [2/2,2/9] Limestone Mine",Limestone,mining,21.6601109074203,69.68754824925357,GUJARAT,Porbandar,40.47,Saurashtra Minerals Private Ltd.,Private,Opencast,Non-Metallic,NGDR_MajorLease2022,centroid_from_NGDR_lease_polygon
38GUJ21062,Adityana [21] Limestone Mine,Limestone,mining,21.720971370206403,69.70629637302092,GUJARAT,Porbandar,2.0,Babulal Chimanlal Joshi /Jignesh Babulal Joshi,Private,Opencast,Non-Metallic,NGDR_MajorLease2022,centroid_from_NGDR_lease_polygon
38GUJ21009,Aniyari [248] Limestone Mine,Limestone,mining,21.705998969081055,69.83671614664533,GUJARAT,Porbandar,3.331,Chandu Lal Bhikha Lal Vora,Private,Opencast,Non-Metallic,NGDR_MajorLease2022,centroid_from_NGDR_lease_polygon
38GUJ21010,Aniyari [207] Limestone Mine,Limestone,mining,21.708483688580255,69.83109228675583,GUJARAT,Porbandar,23.876,Ashok Bhai Babulal Valji Sindhav,Private,Opencast,Non-Metallic,NGDR_MajorLease2022,centroid_from_NGDR_lease_polygon
38GUJ21012,Ranavav Limestone Mine,Limestone,mining,21.69850705011515,69.73684222468661,GUJARAT,Porbandar,20.23,Manish H. Bapodara (Deepakbhai H. Bapodara),Private,Opencast,Non-Metallic,NGDR_MajorLease2022,centroid_from_NGDR_lease_polygon
38GUJ21013,Ishwaria [63] Limestone Mine,Limestone,mining,21.668254752829213,69.96525863128468,GUJARAT,Porbandar,1.295,Khimji Ramji Dedania,Private,Opencast,Non-Metallic,NGDR_MajorLease2022,centroid_from_NGDR_lease_polygon
38GUJ21014,Bokhira [603/p] Limestone Mine,Limestone,mining,21.694323220572,69.61728874558361,GUJARAT,PORBANDAR,5.0,D.G.Gohel,Private,Opencast,Non-Metallic,NGDR_MajorLease2022,centroid_from_NGDR_lease_polygon
38GUJ13002,Vadekhan[81/p] Limestone Mine,Limestone,mining,21.778152298884876,70.04470771586077,GUJARAT,Rajkot,4.0,Hardasbhai Govindbhai Bhima,Private,Opencast,Non-Metallic,NGDR_MajorLease2022,centroid_from_NGDR_lease_polygon
38GUJ21016,Ranavav [78/5] Limestone Mine,Limestone,mining,21.697072577983626,69.76196934669498,GUJARAT,Porbandar,12.14,Udaisingh M.Jethwa,Private,Opencast,Non-Metallic,NGDR_MajorLease2022,centroid_from_NGDR_lease_polygon
38GUJ21018,Ranavav [43/2] Limestone Mine,Limestone,mining,21.67701899199564,69.77497655762815,GUJARAT,Porbandar,13.815,Bhima Manga Harijan,Private,Opencast,Non-Metallic,NGDR_MajorLease2022,centroid_from_NGDR_lease_polygon
38GUJ21021,Katwana [280 & 282] Limestone Mine,Limestone,mining,21.767947286060185,69.64184811415136,GUJARAT,Porbandar,2.0,Chhanganbhai Lilabhai Keshwala,Private,Opencast,Non-Metallic,NGDR_MajorLease2022,centroid_from_NGDR_lease_polygon
38GUJ21025,Ranavav [152] Limestone Mine,Limestone,mining,21.704897801549947,69.7554601365192,GUJARAT,Porbandar,2.0,Balubhai Rama Odedara,Private,Opencast,Non-Metallic,NGDR_MajorLease2022,centroid_from_NGDR_lease_polygon
07GUJ14013,Ambaliyara [560/P] Bauxite Mine,Bauxite,mining,23.21017803408653,73.03582256419536,GUJARAT,Sabar Kantha,2.0,U.U.Kadiwala,Private,Opencast,Metallic,NGDR_MajorLease2022,centroid_from_NGDR_lease_polygon
38GUJ21004,Rana-Khirasara [180/1] Limestone Mine,Limestone,mining,21.716902980598665,69.86137039318845,GUJARAT,Porbandar,3.23,Krishana Vijay Minerals,Private,Opencast,Non-Metallic,NGDR_MajorLease2022,centroid_from_NGDR_lease_polygon
38GUJ21038,Dharampur-Kajawadri [2/9p] Limestone Mine,Limestone,mining,21.65686750280838,69.68295215353615,GUJARAT,Porbandar,40.46,Nirma Ltd. Division of Saurashtra Chemicals,Private,Opencast,Non-Metallic,NGDR_MajorLease2022,centroid_from_NGDR_lease_polygon
07GUJ07001,A.B.Asota [238/p] Bauxite Mine,Bauxite,mining,22.276318987142837,69.33720177875594,GUJARAT,Devbhumi Dwarka,89.2618,Carborundam Universal Ltd.,Private,Opencast,Metallic,NGDR_MajorLease2022,centroid_from_NGDR_lease_polygon
38GUJ21005,Ranavav [420/1] Limestone Mine,Limestone,mining,21.67830446697975,69.74041211963821,GUJARAT,Porbandar,3.025,Dhana Punja Piprotar,Private,Opencast,Non-Metallic,NGDR_MajorLease2022,centroid_from_NGDR_lease_polygon
07GUJ09013,Salod[409A] Bauxite Mine,Bauxite,mining,22.95967041304716,73.0914622609906,GUJARAT,Kheda,2.4281,Arvind J. Pabari,Private,Opencast,Metallic,NGDR_MajorLease2022,centroid_from_NGDR_lease_polygon
07GUJ07029,Mevasa [212] Bauxite Mine,Bauxite,mining,22.237652768866383,69.33743573112052,GUJARAT,Devbhumi Dwarka,2.4281,Gujarat Calcine Bxt.& Refractories,Private,Opencast,Metallic,NGDR_MajorLease2022,centroid_from_NGDR_lease_polygon
07GUJ07148,Habardi [157/p] Bauxite Mine,Bauxite,mining,22.236726879733116,69.35902472321786,GUJARAT,Devbhumi Dwarka,4.93,Orient Abrasives Ltd.,Private,Opencast,Metallic,NGDR_MajorLease2022,centroid_from_NGDR_lease_polygon
07GUJ07054,Ran [403/p] Bauxite Mine,Bauxite,mining,22.141145552479173,69.32668639640555,GUJARAT,Devbhumi Dwarka,5.27,Saurashtra Calcine Bxt.& Allied Ind. Ltd.,Private,Opencast,Metallic,NGDR_MajorLease2022,centroid_from_NGDR_lease_polygon
07GUJ07093,Varada-3 [139/p] Bauxite Mine,Bauxite,mining,22.23446557599861,69.32281380478689,GUJARAT,Devbhumi Dwarka,2.4241,Orient Abrasives Ltd.,Private,Opencast,Metallic,NGDR_MajorLease2022,centroid_from_NGDR_lease_polygon
07GUJ07033,Mevasa-5 [207/P] Bauxite Mine,Bauxite,mining,22.22924745873823,69.33659724170751,GUJARAT,Devbhumi Dwarka,4.0468,Orient Abrasives Ltd.,Private,Opencast,Metallic,NGDR_MajorLease2022,centroid_from_NGDR_lease_polygon
07GUJ07068,Virpur-1 [17] Bauxite Mine,Bauxite,mining,22.246256044149643,69.32580858421255,GUJARAT,Devbhumi Dwarka,1.0117,Orient Abrasives Ltd.,Private,Opencast,Metallic,NGDR_MajorLease2022,centroid_from_NGDR_lease_polygon
07GUJ07102,Mevasa [212/1] Bauxite Mine,Bauxite,mining,22.236708199109586,69.33567221859222,GUJARAT,Devbhumi Dwarka,3.6118,Carborundam Universal Ltd.,Private,Opencast,Metallic,NGDR_MajorLease2022,centroid_from_NGDR_lease_polygon
07GUJ07012,Kennedi Lol [505/p] Bauxite Mine,Bauxite,mining,22.100530455780273,69.30882280515978,GUJARAT,Devbhumi Dwarka,3.44,Saurashtra Calcine Bxt.& Allied Ind. Ltd.,Private,Opencast,Metallic,NGDR_MajorLease2022,centroid_from_NGDR_lease_polygon
07GUJ07139,Kennedi [470/404] Bauxite Mine,Bauxite,mining,22.098805980327587,69.32377831459569,GUJARAT,Devbhumi Dwarka,1.0417,Bauxite Mining Industries (India) Pvt. Ltd.,Private,Opencast,Metallic,NGDR_MajorLease2022,centroid_from_NGDR_lease_polygon
07GUJ07144,Kennedi [506/p] Bauxite Mine,Bauxite,mining,22.101274226952782,69.30766826785481,GUJARAT,Devbhumi Dwarka,1.2362,Saurashtra Calcine Bxt.& Allied Ind. Ltd.,Private,Opencast,Metallic,NGDR_MajorLease2022,centroid_from_NGDR_lease_polygon
07GUJ10010,Moti-Balachod [275/p] [ML-74] (Rata Talab) Bauxite Mine,Bauxite,mining,23.22031369433081,69.17166820310798,GUJARAT,Kachchh,110.07,Orient Abrasives Ltd.,Private,Opencast,Metallic,NGDR_MajorLease2022,centroid_from_NGDR_lease_polygon
07GUJ10002,"Naredi-II [445,446,483A,483B]ML-163] Bauxite Mine",Bauxite,mining,23.2073089394822,69.18719822076974,GUJARAT,Kachchh,66.9753,Gujarat Mineral Development Corporation Ltd.,PSU,Opencast,Metallic,NGDR_MajorLease2022,centroid_from_NGDR_lease_polygon
38GUJ21087,Daulatgadh [265/p] Limestone Mine,Limestone,mining,21.712941749703177,69.84275984373508,GUJARAT,Porbandar,2.0,Vinjabhai Arshibhai Odedara,Private,Opencast,Non-Metallic,NGDR_MajorLease2022,centroid_from_NGDR_lease_polygon
07GUJ07070,Mevasa (138) Bauxite Mine,Bauxite,mining,22.23248780531201,69.31639763749673,GUJARAT,Devbhumi Dwarka,9.6619,Saurashtra Calcine Bxt.& Allied Ind. Ltd.,Private,Opencast,Metallic,NGDR_MajorLease2022,centroid_from_NGDR_lease_polygon
38GUJ08128,Savani [219] Limestone Mine,Limestone,mining,20.979277242365622,70.4547334790656,GUJARAT,Junagadh,8.9021,Shree Govindpura Jungal Kamgar Sahkari Mandli Ltd,Private,Opencast,Non-Metallic,NGDR_MajorLease2022,centroid_from_NGDR_lease_polygon
38GUJ21015,Adityana [190/30...] Limestone Mine,Limestone,mining,21.690467212082115,69.68527569652919,GUJARAT,Porbandar,24.38,Industrial Minerals,Private,Opencast,Non-Metallic,NGDR_MajorLease2022,centroid_from_NGDR_lease_polygon
07GUJ07021,Lamba-I [415/1p] Bauxite Mine,Bauxite,mining,21.92034553028925,69.28990059454765,GUJARAT,Devbhumi Dwarka,10.1981,Saurashtra Calcine Bxt.& Allied Ind. Ltd.,Private,Opencast,Metallic,NGDR_MajorLease2022,centroid_from_NGDR_lease_polygon
07GUJ07056,Ran [419] Bauxite Mine,Bauxite,mining,22.144103980298464,69.3287509600515,GUJARAT,Devbhumi Dwarka,1.5884,Minerals & Minerals Corp.,Private,Opencast,Metallic,NGDR_MajorLease2022,centroid_from_NGDR_lease_polygon
07GUJ09021,Taiyabpura 37/P Bauxite Mine,Bauxite,mining,23.040532417128716,73.06896376010101,GUJARAT,Kheda,0.8498,Mahendra Bauxite (Brijeshbhai Rajeshbhai Patel),Private,Opencast,Metallic,NGDR_MajorLease2022,centroid_from_NGDR_lease_polygon
38GUJ07061,Gurgadh [534] Limestone Mine,Limestone,mining,22.209530150549465,69.23872059769357,GUJARAT,Devbhumi Dwarka,2.6406,Shiv Shakti Suppliers,Private,Opencast,Non-Metallic,NGDR_MajorLease2022,centroid_from_NGDR_lease_polygon
07GUJ07074,Karamkund -1 [212/p] Bauxite Mine,Bauxite,mining,22.236734385669827,69.33297952219978,GUJARAT,Devbhumi Dwarka,2.0234,Orient Abrasives Ltd.,Private,Opencast,Metallic,NGDR_MajorLease2022,centroid_from_NGDR_lease_polygon
07GUJ07088,Karamkund -2 [210/p] Bauxite Mine,Bauxite,mining,22.235101167869182,69.33521170821174,GUJARAT,Devbhumi Dwarka,2.4686,Orient Abrasives Ltd.,Private,Opencast,Metallic,NGDR_MajorLease2022,centroid_from_NGDR_lease_polygon
07GUJ07025,Mahadevia [259/70] Bauxite Mine,Bauxite,mining,22.18943447715508,69.27186065214893,GUJARAT,Devbhumi Dwarka,1.902,Carborundam Universal Ltd.,Private,Opencast,Metallic,NGDR_MajorLease2022,centroid_from_NGDR_lease_polygon
07GUJ07114,Habardi [174] Bauxite Mine,Bauxite,mining,22.229414746910315,69.36565989976384,GUJARAT,Devbhumi Dwarka,12.325,Dalmia Refractories Ltd.,Private,Opencast,Metallic,NGDR_MajorLease2022,centroid_from_NGDR_lease_polygon
38GUJ07078,"Patan [185 old,192/p new] Limestone Mine",Limestone,mining,21.8147341145342,70.06446700855966,GUJARAT,Jamnagar,4.0,Ketan P. Patel,Private,Opencast,Non-Metallic,NGDR_MajorLease2022,centroid_from_NGDR_lease_polygon
07GUJ07003,Avariyar-1 [362/p] Bauxite Mine,Bauxite,mining,22.218434485608952,69.3273304761639,GUJARAT,Devbhumi Dwarka,2.45,Orient Abrasives Ltd.,Private,Opencast,Metallic,NGDR_MajorLease2022,centroid_from_NGDR_lease_polygon
07GUJ07104,Lamba-11 [415] Bauxite Mine,Bauxite,mining,21.890182775546123,69.31209666444094,GUJARAT,Devbhumi Dwarka,5.4935,Saurashtra Calcine Bxt.& Allied Ind. Ltd.,Private,Opencast,Metallic,NGDR_MajorLease2022,centroid_from_NGDR_lease_polygon
38GUJ21039,Ishwaria [180/p] Limestone Mine,Limestone,mining,21.718909199034012,69.93844769574177,GUJARAT,Porbandar,26.1,Tata Chemicals Ltd.,Private,Opencast,Non-Metallic,NGDR_MajorLease2022,centroid_from_NGDR_lease_polygon
38GUJ08250,Ranavav [78/5] Limestone Mine,Limestone,mining,21.69884857252264,69.76500587701786,GUJARAT,Porbandar,11.33,Deva Kara Bhutiya,Private,Opencast,Non-Metallic,NGDR_MajorLease2022,centroid_from_NGDR_lease_polygon
07GUJ07123,Hadmatia [121] Bauxite Mine,Bauxite,mining,22.030075225544813,69.30866452656599,GUJARAT,Devbhumi Dwarka,25.1412,Kanaiya Industries,Private,Opencast,Metallic,NGDR_MajorLease2022,centroid_from_NGDR_lease_polygon
38GUJ08240,Ajotha-B Limestone Mine,Limestone,mining,20.90322281823433,70.4806722032158,GUJARAT,Junagadh,4.0064,Gujarat Heavy Chemicals Ltd.,Private,Opencast,Non-Metallic,NGDR_MajorLease2022,centroid_from_NGDR_lease_polygon
07GUJ10023,Daban-Wamoti (ML 624) Bauxite Mine,Bauxite,mining,23.350617519101814,69.07411831531026,GUJARAT,Kachchh,642.055,Gujarat Mineral Development Corporation Ltd.,PSU,Opencast,Metallic,NGDR_MajorLease2022,centroid_from_NGDR_lease_polygon
38GUJ21030,Bokhira [603/ p] Limestone Mine,Limestone,mining,21.68985897686079,69.61570599606179,GUJARAT,PORBANDAR,5.0,B.S.Jadeja,Private,Opencast,Non-Metallic,NGDR_MajorLease2022,centroid_from_NGDR_lease_polygon
38GUJ21027,"Bhod [358/3,413,417,501,502] Limestone Mine",Limestone,mining,21.684032459948963,69.79321400390019,GUJARAT,Porbandar,47.15,Bhupatrai Shivram,Private,Opencast,Non-Metallic,NGDR_MajorLease2022,centroid_from_NGDR_lease_polygon
38GUJ21033,Daulatgadh [289/p] Limestone Mine,Limestone,mining,21.708254057686826,69.84257605289135,GUJARAT,Porbandar,2.0,Mala Narayan Kodiyatar,Private,Opencast,Non-Metallic,NGDR_MajorLease2022,centroid_from_NGDR_lease_polygon
38GUJ08337,Damasa [110/p] Limestone Mine,Limestone,mining,20.847740298275234,70.96167242574465,GUJARAT,Junagadh,2.0,Vikram Chemicals,Private,Opencast,Non-Metallic,NGDR_MajorLease2022,centroid_from_NGDR_lease_polygon
38GUJ08126,Samervav [189] Limestone Mine,Limestone,mining,21.00762123734816,70.43483581108346,GUJARAT,Junagadh,4.9,Yunus Abdul Habib Hamdani,Private,Opencast,Non-Metallic,NGDR_MajorLease2022,centroid_from_NGDR_lease_polygon
38GUJ08244,Aniyari [207] Limestone Mine,Limestone,mining,21.704292802727956,69.82846303513251,GUJARAT,Porbandar,1.0,Naresh Kumar Siddhibhai Godhania / Kiran Devshi Khodbaya,Private,Opencast,Non-Metallic,NGDR_MajorLease2022,centroid_from_NGDR_lease_polygon
38GUJ03010,Ganguwada [57] Limestone Mine,Limestone,mining,24.467019295016403,72.41397808249735,GUJARAT,Banas Kantha,21.24,Balaram Cement Ltd.,Private,Opencast,Non-Metallic,NGDR_MajorLease2022,centroid_from_NGDR_lease_polygon
38GUJ07036,Bhogat [158] Limestone Mine,Limestone,mining,21.980850203036407,69.20287932710258,GUJARAT,Devbhumi Dwarka,54.23,Shree Digvijay Cement Co. Ltd.,Private,Opencast,Non-Metallic,NGDR_MajorLease2022,centroid_from_NGDR_lease_polygon
38GUJ08263,"Ranavav [78/5,106/2/2] Limestone Mine",Limestone,mining,21.690289200203715,69.75142074828854,GUJARAT,Porbandar,8.62,Vanitaben B.Lodhia,Private,Opencast,Non-Metallic,NGDR_MajorLease2022,centroid_from_NGDR_lease_polygon
38GUJ21063,Dharampur [2/9] Limestone Mine,Limestone,mining,21.649519706424712,69.64918770532248,GUJARAT,Porbandar,2.5,Dhanabhai Punjabhai Piplota,Private,Opencast,Non-Metallic,NGDR_MajorLease2022,centroid_from_NGDR_lease_polygon
38GUJ21017,Aniyari [20/p] Limestone Mine,Limestone,mining,21.683620011951916,69.85834156356944,GUJARAT,Porbandar,2.0,Bhiniben Merubhai Gareja,Private,Opencast,Non-Metallic,NGDR_MajorLease2022,centroid_from_NGDR_lease_polygon
38GUJ21041,Ishwaria [437/p] Limestone Mine,Limestone,mining,21.711156507699467,69.9237217310618,GUJARAT,Porbandar,3.4,Tata Chemicals Ltd.,Private,Opencast,Non-Metallic,NGDR_MajorLease2022,centroid_from_NGDR_lease_polygon
38GUJ21042,Ishwaria [399/5] Limestone Mine,Limestone,mining,21.681238244432883,69.95071584477408,GUJARAT,Porbandar,2.982,Giga Bhai Haza Bhai Odedara,Private,Opencast,Non-Metallic,NGDR_MajorLease2022,centroid_from_NGDR_lease_polygon
38GUJ21048,Vadvala Limestone Mine,Limestone,mining,21.67569470560486,69.81674053059339,GUJARAT,Porbandar,2.0,Lirbai Minerals,Private,Opencast,Non-Metallic,NGDR_MajorLease2022,centroid_from_NGDR_lease_polygon
38GUJ21051,Zinjarka [22/2] Boricha Limestone Mine,Limestone,mining,21.75137717537038,69.67311083467467,GUJARAT,PORBANDAR,24.28,Nirma Ltd. Division of Saurashtra Chemicals,Private,Opencast,Non-Metallic,NGDR_MajorLease2022,centroid_from_NGDR_lease_polygon
38GUJ21053,Bharwada [785] Limestone Mine,Limestone,mining,21.75219303643818,69.60304968926877,GUJARAT,Porbandar,1.0,Bhura Natha Khunti,Private,Opencast,Non-Metallic,NGDR_MajorLease2022,centroid_from_NGDR_lease_polygon
07GUJ07095,Mahadevia [241] Bauxite Mine,Bauxite,mining,22.18889679337084,69.27287870792048,GUJARAT,Devbhumi Dwarka,4.4617,Carborundam Universal Ltd.,Private,Opencast,Metallic,NGDR_MajorLease2022,centroid_from_NGDR_lease_polygon
07GUJ07120,Mevasa [154/p] Bauxite Mine,Bauxite,mining,22.213787901577767,69.32960159611065,GUJARAT,Devbhumi Dwarka,1.3553,Saurashtra Calcine Bxt.& Allied Ind. Ltd.,Private,Opencast,Metallic,NGDR_MajorLease2022,centroid_from_NGDR_lease_polygon
38GUJ08270,Kerala [35/2] Limestone Mine,Limestone,mining,21.146633855903552,70.35967014512237,GUJARAT,Junagadh,4.047,Jinabhai Bhikabhai & Co.,Private,Opencast,Non-Metallic,NGDR_MajorLease2022,centroid_from_NGDR_lease_polygon
38GUJ08302,Lodhava [1225] Limestone Mine,Limestone,mining,20.825297531498133,70.60224416331586,GUJARAT,Junagadh,1.062,Valaiben Naranbhai Vala,Private,Opencast,Non-Metallic,NGDR_MajorLease2022,centroid_from_NGDR_lease_polygon
38GUJ08269,Dharampur-Kajawadri [2/9] Limestone Mine,Limestone,mining,21.667665702641386,69.68602981484952,GUJARAT,Porbandar,18.21,Nirma Ltd. Division of Saurashtra Chemicals,Private,Opencast,Non-Metallic,NGDR_MajorLease2022,centroid_from_NGDR_lease_polygon
38GUJ21056,"Kuchhadi [822,1119(p)] Limestone Mine",Limestone,mining,21.704467349030683,69.54026962505876,GUJARAT,Porbandar,1.456,Devkrupa Minerals,Private,Opencast,Non-Metallic,NGDR_MajorLease2022,centroid_from_NGDR_lease_polygon
38GUJ21059,Adityana [9/p] Limestone Mine,Limestone,mining,21.728151433718168,69.70048361375093,GUJARAT,Porbandar,0.769,Karsanbhai Dulabhai Odedara,Private,Opencast,Non-Metallic,NGDR_MajorLease2022,centroid_from_NGDR_lease_polygon
38GUJ21061,Boricha [22/2] Limestone Mine,Limestone,mining,21.743491650096285,69.67887329939603,GUJARAT,PORBANDAR,2.0,Dulabhai Rambhai Odedara,Private,Opencast,Non-Metallic,NGDR_MajorLease2022,centroid_from_NGDR_lease_polygon
38GUJ21067,Boricha [22/2] Limestone Mine,Limestone,mining,21.760802215191358,69.67149146906421,GUJARAT,PORBANDAR,2.0,Shree Akash Minerals,Private,Opencast,Non-Metallic,NGDR_MajorLease2022,centroid_from_NGDR_lease_polygon
38GUJ08332,Lati [883/p] Limestone Mine,Limestone,mining,20.864291468089355,70.44242716918286,GUJARAT,Junagadh,1.352,Vala Jagdish Kalabhai,Private,Opencast,Non-Metallic,NGDR_MajorLease2022,centroid_from_NGDR_lease_polygon
38GUJ08278,Ajotha [389] Limestone Mine,Limestone,mining,20.899128631863583,70.4815941724348,GUJARAT,Junagadh,2.0,Arjanbhai Khimabhai Rathod,Private,Opencast,Non-Metallic,NGDR_MajorLease2022,centroid_from_NGDR_lease_polygon
38GUJ08329,Sindhpur [147/p] Limestone Mine,Limestone,mining,21.694325846981346,70.06606532813638,GUJARAT,Porbandar,2.0,Bhanabhai Bhurabhai Odedara,Private,Opencast,Non-Metallic,NGDR_MajorLease2022,centroid_from_NGDR_lease_polygon
38GUJ08041,Dari,Limestone,mining,20.93076123958781,70.32860348817574,GUJARAT,Junagadh,9.35,S.J.Trivedi,Private,Opencast,Non-Metallic,NGDR_MajorLease2022,centroid_from_NGDR_lease_polygon
38GUJ21076,Ishwaria [448/p] F Limestone Mine,Limestone,mining,21.707613474804837,69.93476177715306,GUJARAT,Porbandar,21.04,Tata Chemicals Ltd.,Private,Opencast,Non-Metallic,NGDR_MajorLease2022,centroid_from_NGDR_lease_polygon
38GUJ21082,Dhruvala [495/p] Limestone Mine,Limestone,mining,21.68316853558057,69.99693668623364,GUJARAT,Porbandar,2.0,Vajshibhai Laxmanbhai Odedara,Private,Opencast,Non-Metallic,NGDR_MajorLease2022,centroid_from_NGDR_lease_polygon
38GUJ21083,Keshav [490] Limestone Mine,Limestone,mining,21.79312149333078,69.50440119746116,GUJARAT,Porbandar,2.0,Laxmanbhai Vejabhai Keshwala,Private,Opencast,Non-Metallic,NGDR_MajorLease2022,centroid_from_NGDR_lease_polygon
38GUJ21084,Boricha [22/2p] Limestone Mine,Limestone,mining,21.76254196090681,69.67043243521816,GUJARAT,PORBANDAR,2.0,Prakash Mineral & Industries,Private,Opencast,Non-Metallic,NGDR_MajorLease2022,centroid_from_NGDR_lease_polygon
38GUJ08338,Rampara Kukras Bhetali Anandpara Limestone & Marl Mine,Limestone,mining,20.955170786710028,70.53945092806102,GUJARAT,Junagadh,310.329,Ambuja Cements Limited,Private,Opencast,Non-Metallic,NGDR_MajorLease2022,centroid_from_NGDR_lease_polygon
38GUJ21085,Vadvala Limestone Mine,Limestone,mining,21.676260341933205,69.81578362226011,GUJARAT,Porbandar,2.0,Gatral Ali Minerals,Private,Opencast,Non-Metallic,NGDR_MajorLease2022,centroid_from_NGDR_lease_polygon
38GUJ08348,Khambha-Bhimeol [88/p] Limestone Mine,Limestone,mining,20.96217368308643,70.61143098284012,GUJARAT,Junagadh,56.3517,Gujarat Heavy Chemicals Ltd.,Private,Opencast,Non-Metallic,NGDR_MajorLease2022,centroid_from_NGDR_lease_polygon
38GUJ21057,Ranavav [75/5/1] Limestone Mine,Limestone,mining,21.696770086494723,69.75107223274689,GUJARAT,Porbandar,2.0,Late Sh. Goganbhai Jivabhai Bhutiya Legal Heir Sh. Kanabhai Goganbhai Bhutiya,Private,Opencast,Non-Metallic,NGDR_MajorLease2022,centroid_from_NGDR_lease_polygon
38GUJ02016,Jafrabad [238] Limestone Mine,Limestone,mining,20.857015236031973,71.33913182456136,GUJARAT,Amreli,100.81,Ultratech Cement Limited,Private,Opencast,Non-Metallic,NGDR_MajorLease2022,centroid_from_NGDR_lease_polygon
38GUJ07004,Babarzar [1] Limestone Mine,Limestone,mining,22.18260861195221,69.8282113769338,GUJARAT,Jamnagar,16.35,Prabhudas Vithaldas,Private,Opencast,Non-Metallic,NGDR_MajorLease2022,centroid_from_NGDR_lease_polygon
38GUJ07037,Ghumli [18] Limestone Mine,Limestone,mining,21.891716226980016,69.7659706880598,GUJARAT,Jamnagar,5.76,Dasaram Minerals,Private,Opencast,Non-Metallic,NGDR_MajorLease2022,centroid_from_NGDR_lease_polygon
38GUJ07077,Malvada [35/p] Limestone Mine,Limestone,mining,21.815675172822644,70.07625738959759,GUJARAT,Jamnagar,4.9,Chandradev Prakash Thakor,Private,Opencast,Non-Metallic,NGDR_MajorLease2022,centroid_from_NGDR_lease_polygon
38GUJ07079,"Patan [185 old,192/p new] Limestone Mine",Limestone,mining,21.815289854582865,70.06332102172735,GUJARAT,Jamnagar,4.0,Maheshwari Shivrajsinh Vala,Private,Opencast,Non-Metallic,NGDR_MajorLease2022,centroid_from_NGDR_lease_polygon
38GUJ08110,Ranavav [385/3/p] Limestone Mine,Limestone,mining,21.697297827363546,69.74254420089265,GUJARAT,Porbandar,3.0756,Babu Karsan Postriya C/o Late Karsan Madha Postriya,Private,Opencast,Non-Metallic,NGDR_MajorLease2022,centroid_from_NGDR_lease_polygon
38GUJ08065,Dharampur-Kajawadri [2/9] Limestone Mine,Limestone,mining,21.677432803669866,69.69063889741882,GUJARAT,Porbandar,14.619,Nirma Ltd. Division of Saurashtra Chemicals,Private,Opencast,Non-Metallic,NGDR_MajorLease2022,centroid_from_NGDR_lease_polygon
38GUJ08083,Khorasa[2/p] Limestone Mine,Limestone,mining,21.045970718834802,70.32594643832238,GUJARAT,Junagadh,5.0,Dinesh Kumar & Co.,Private,Opencast,Non-Metallic,NGDR_MajorLease2022,centroid_from_NGDR_lease_polygon
38GUJ21058,Adityana [9/p] Limestone Mine,Limestone,mining,21.68689375629379,69.68246331192799,GUJARAT,Porbandar,2.0,Rangwala Minerals Pvt. Ltd,Private,Opencast,Non-Metallic,NGDR_MajorLease2022,centroid_from_NGDR_lease_polygon
38GUJ08280,Damasa [129/p] Limestone Mine,Limestone,mining,20.842449139238013,70.95529250464796,GUJARAT,Junagadh,5.0,Nirma Ltd.,Private,Opencast,Non-Metallic,NGDR_MajorLease2022,centroid_from_NGDR_lease_polygon
38GUJ08316,Undari [167/p] Limestone Mine,Limestone,mining,20.85083934562935,70.94740823507067,GUJARAT,Junagadh,3.18,Nirma Ltd.,Private,Opencast,Non-Metallic,NGDR_MajorLease2022,centroid_from_NGDR_lease_polygon
07GUJ07061,Surdhar-1 [191] Bauxite Mine,Bauxite,mining,22.218302648946633,69.34433391914419,GUJARAT,Devbhumi Dwarka,0.4886,Orient Abrasives Ltd.,Private,Opencast,Metallic,NGDR_MajorLease2022,centroid_from_NGDR_lease_polygon
38GUJ08347,Dhamlej[269/A] Limestone Mine,Limestone,mining,20.791446263052105,70.59829497509152,GUJARAT,Junagadh,4.0,Somnath Minerals,Private,Opencast,Non-Metallic,NGDR_MajorLease2022,centroid_from_NGDR_lease_polygon
38GUJ08353,Undari [49/p] Limestone Mine,Limestone,mining,20.864016487672608,70.94672538203845,GUJARAT,Junagadh,4.0,Dhirajlal Pancchanbhai Vacchani,Private,Opencast,Non-Metallic,NGDR_MajorLease2022,centroid_from_NGDR_lease_polygon
38GUJ21077,Ishwaria-G [399] Limestone Mine,Limestone,mining,21.70864397223165,69.8290580151682,GUJARAT,Porbandar,8.7,Tata Chemicals Ltd.,Private,Opencast,Non-Metallic,NGDR_MajorLease2022,centroid_from_NGDR_lease_polygon
38GUJ10003,"Guneri Pranpar [323/61,323/9] [ML -230] Limestone Mine",Limestone,mining,23.781339072724332,68.80004537783188,GUJARAT,Kachchh,36.0,Kutch Cement Private Ltd.,Private,Opencast,Non-Metallic,NGDR_MajorLease2022,centroid_from_NGDR_lease_polygon
38GUJ10004,"Dhrang [196,197,413] [ML.-272] Limestone Mine",Limestone,mining,23.388724594263493,69.82474513959548,GUJARAT,Kachchh,18.0,Shree Ram Mine Chem International,Private,Opencast,Non-Metallic,NGDR_MajorLease2022,centroid_from_NGDR_lease_polygon
38GUJ10002,Guneri Lakhpat [323][ML.-229] Limestone Mine,Limestone,mining,23.785818696967112,68.78962543934175,GUJARAT,Kachchh,250.0,Kutch Cement Private Ltd.,Private,Opencast,Non-Metallic,NGDR_MajorLease2022,centroid_from_NGDR_lease_polygon
38GUJ10011,Kaner [44/paiki] [ML.-374] Limestone Mine,Limestone,mining,23.820802914216294,68.76805924926552,GUJARAT,Kachchh,6.0,Karsan Devrajbhai Gorasia,Private,Opencast,Non-Metallic,NGDR_MajorLease2022,centroid_from_NGDR_lease_polygon
38GUJ21024,Khirasara [209/1] Limestone Mine,Limestone,mining,21.713919964089147,69.87299870475778,GUJARAT,Porbandar,2.0,Pujabhai Arjanbhai Odedara,Private,Opencast,Non-Metallic,NGDR_MajorLease2022,centroid_from_NGDR_lease_polygon
38GUJ21001,Khunpur [86/p] Limestone Mine,Limestone,mining,21.66549056817649,70.03823215386078,GUJARAT,Porbandar,2.0,Merubhai Rajabhai Chauhan,Private,Opencast,Non-Metallic,NGDR_MajorLease2022,centroid_from_NGDR_lease_polygon
38GUJ21044,Pipliya [99] Limestone Mine,Limestone,mining,21.665201398697626,69.7284223417746,GUJARAT,Porbandar,1.03,Khimabhai Maldebhai Bhutia,Private,Opencast,Non-Metallic,NGDR_MajorLease2022,centroid_from_NGDR_lease_polygon
38GUJ21091,Adityana [190/42] Limestone Mine,Limestone,mining,21.695538643222267,69.68607152063746,GUJARAT,Porbandar,17.8063,P. Dattani & Co.,Private,Opencast,Non-Metallic,NGDR_MajorLease2022,centroid_from_NGDR_lease_polygon
38GUJ08056,Hasnavadar [5] Limestone Mine,Limestone,mining,21.017425599697194,70.40977293388788,GUJARAT,Junagadh,12.353,Rajnikanth Dhirajlal Trivedi,Private,Opencast,Non-Metallic,NGDR_MajorLease2022,centroid_from_NGDR_lease_polygon
38GUJ08086,Kuchhadi [1119] Limestone Mine,Limestone,mining,21.68628720215377,69.54728139520806,GUJARAT,Porbandar,10.117,Meraman Chanabhai Modhvadia,Private,Opencast,Non-Metallic,NGDR_MajorLease2022,centroid_from_NGDR_lease_polygon
38GUJ08259,Dharampur [1/2] Limestone Mine,Limestone,mining,21.67965105706095,69.67466460441163,GUJARAT,Porbandar,9.22,H P Thanki (Saurashtra Minerals Private Ltd.),Private,Opencast,Non-Metallic,NGDR_MajorLease2022,centroid_from_NGDR_lease_polygon
07GUJ07014,Kennedi Field [508/p] Bauxite Mine,Bauxite,mining,22.100228279954123,69.30783864002865,GUJARAT,Devbhumi Dwarka,1.4771,Saurashtra Calcine Bxt.& Allied Ind. Ltd.,Private,Opencast,Metallic,NGDR_MajorLease2022,centroid_from_NGDR_lease_polygon
07GUJ07027,Mevasa [330] Bauxite Mine,Bauxite,mining,22.26034005188495,69.29252102289436,GUJARAT,Devbhumi Dwarka,12.1405,Harijivan Purshotam Das Thanki,Private,Opencast,Metallic,NGDR_MajorLease2022,centroid_from_NGDR_lease_polygon
38GUJ02010,"Vadhera-Rohisa [283,302A-] Limestone Mine",Limestone,mining,20.84258823504838,71.30689512949614,GUJARAT,Amreli,160.24,Ultratech Cement Limited,Private,Opencast,Non-Metallic,NGDR_MajorLease2022,centroid_from_NGDR_lease_polygon
07GUJ07035,Mevasa-1 [215] (OBM-1) Bauxite Mine,Bauxite,mining,22.243715403337653,69.33597463993256,GUJARAT,Devbhumi Dwarka,11.68,Orient Abrasives Ltd.,Private,Opencast,Metallic,NGDR_MajorLease2022,centroid_from_NGDR_lease_polygon
07GUJ07036,"Mevasa-2 [193,194,195,379] Bauxite Mine",Bauxite,mining,22.21965103726392,69.34674781576203,GUJARAT,Devbhumi Dwarka,8.9122,Orient Abrasives Ltd.,Private,Opencast,Metallic,NGDR_MajorLease2022,centroid_from_NGDR_lease_polygon
07GUJ07062,Talavadi [146/377] Bauxite Mine,Bauxite,mining,22.23186961213182,69.33220865610029,GUJARAT,Devbhumi Dwarka,7.52,Orient Abrasives Ltd.,Private,Opencast,Metallic,NGDR_MajorLease2022,centroid_from_NGDR_lease_polygon
07GUJ07064,Varada-2 [330/p] Bauxite Mine,Bauxite,mining,22.242929248977365,69.3062009389171,GUJARAT,Devbhumi Dwarka,25.8797,Orient Abrasives Ltd.,Private,Opencast,Metallic,NGDR_MajorLease2022,centroid_from_NGDR_lease_polygon
07GUJ07040,Mordhar-2 [330/p] Bauxite Mine,Bauxite,mining,22.214386134009263,69.31036320917958,GUJARAT,Devbhumi Dwarka,2.07,Orient Abrasives Ltd.,Private,Opencast,Metallic,NGDR_MajorLease2022,centroid_from_NGDR_lease_polygon
07GUJ07099,"Virpur-3 [78,79,140] Bauxite Mine",Bauxite,mining,22.27497044471079,69.31963433204032,GUJARAT,Devbhumi Dwarka,5.6251,Orient Abrasives Ltd.,Private,Opencast,Metallic,NGDR_MajorLease2022,centroid_from_NGDR_lease_polygon
07GUJ07109,Habardi [202] Bauxite Mine,Bauxite,mining,22.21442267863334,69.35041435178337,GUJARAT,Devbhumi Dwarka,7.082,Naresh Prabhudas Makhecha,Private,Opencast,Metallic,NGDR_MajorLease2022,centroid_from_NGDR_lease_polygon
07GUJ07110,Mota-Asota [238] Bauxite Mine,Bauxite,mining,22.292995107070112,69.33698495299774,GUJARAT,Devbhumi Dwarka,30.3513,Naresh Prabhudas Makhecha,Private,Opencast,Metallic,NGDR_MajorLease2022,centroid_from_NGDR_lease_polygon
07GUJ07100,Mevasa [330/p] Bauxite Mine,Bauxite,mining,22.256686435933286,69.2925682387742,GUJARAT,Devbhumi Dwarka,33.1854,Saurashtra Calcine Bxt.& Allied Ind. Ltd.,Private,Opencast,Metallic,NGDR_MajorLease2022,centroid_from_NGDR_lease_polygon
07GUJ07112,Virpur [Lusari] [117] Bauxite Mine,Bauxite,mining,22.267861848122255,69.28859984934107,GUJARAT,Devbhumi Dwarka,31.0,Manjulaben R.Thanki,Private,Opencast,Metallic,NGDR_MajorLease2022,centroid_from_NGDR_lease_polygon
07GUJ07135,Virpur-5 [43] Bauxite Mine,Bauxite,mining,22.25765145618629,69.32847524810389,GUJARAT,Devbhumi Dwarka,1.1533,Orient Abrasives Ltd.,Private,Opencast,Metallic,NGDR_MajorLease2022,centroid_from_NGDR_lease_polygon
07GUJ07113,Ran [247/p] Bauxite Mine,Bauxite,mining,22.17214286418211,69.31420377871837,GUJARAT,Devbhumi Dwarka,32.3748,Saurashtra Cements Ltd.,Private,Opencast,Metallic,NGDR_MajorLease2022,centroid_from_NGDR_lease_polygon
07GUJ07137,Mevasa [141] Bauxite Mine,Bauxite,mining,22.23474763003525,69.32982370775501,GUJARAT,Devbhumi Dwarka,3.2,Harsiddhi Enterprises,Private,Opencast,Metallic,NGDR_MajorLease2022,centroid_from_NGDR_lease_polygon
07GUJ09022,Sorna[546] Bauxite Mine,Bauxite,mining,22.974436352220543,73.08295406491078,GUJARAT,Kheda,2.2056,Sh. Darshan Kumar N. Doshi,Private,Opencast,Metallic,NGDR_MajorLease2022,centroid_from_NGDR_lease_polygon
38GUJ08237,Gorakhmadi (A) [408/6/7] Limestone Mine,Limestone,mining,20.911758805705645,70.52026850169048,GUJARAT,Junagadh,8.7311,Gujarat Heavy Chemicals Ltd.,Private,Opencast,Non-Metallic,NGDR_MajorLease2022,centroid_from_NGDR_lease_polygon
07GUJ07146,Mevasa [205/p] Bauxite Mine,Bauxite,mining,22.23000256435797,69.34142475848412,GUJARAT,Devbhumi Dwarka,4.579,Carborundam Universal Ltd.,Private,Opencast,Metallic,NGDR_MajorLease2022,centroid_from_NGDR_lease_polygon
07GUJ07147,Mevasa [ 437/p] Bauxite Mine,Bauxite,mining,22.24991757272119,69.29275368258692,GUJARAT,Devbhumi Dwarka,4.9,Shivhari Minerals,Private,Opencast,Metallic,NGDR_MajorLease2022,centroid_from_NGDR_lease_polygon
07GUJ07154,Mevasa Nala [2] Nala-B Bauxite Mine,Bauxite,mining,22.23847786153043,69.33971768771792,GUJARAT,Devbhumi Dwarka,0.8094,Saurashtra Calcine Bxt.& Allied Ind. Ltd.,Private,Opencast,Metallic,NGDR_MajorLease2022,centroid_from_NGDR_lease_polygon
07GUJ08008,Tukda [444/p] Bauxite Mine,Bauxite,mining,21.79931490182752,69.42825998407318,GUJARAT,Porbandar,5.665,Dolar Rai Mulibhai Thanki,Private,Opencast,Metallic,NGDR_MajorLease2022,centroid_from_NGDR_lease_polygon
38GUJ08266,Nathal [14] Limestone Mine,Limestone,mining,20.817004620031355,70.97604773112691,GUJARAT,Junagadh,1.0,Bhikhalal Laxman Vadher,Private,Opencast,Non-Metallic,NGDR_MajorLease2022,centroid_from_NGDR_lease_polygon
07GUJ07149,"Mevasa [154/p, 156,157/p] Bauxite Mine",Bauxite,mining,22.21296945187254,69.33039831885388,GUJARAT,Devbhumi Dwarka,4.3605,Tushar Mineral Industries Pvt. Ltd.,Private,Opencast,Metallic,NGDR_MajorLease2022,centroid_from_NGDR_lease_polygon
07GUJ07153,Mevasa Nala [1] Nala-A Bauxite Mine,Bauxite,mining,22.239941118748803,69.33932602885301,GUJARAT,Devbhumi Dwarka,0.8094,Saurashtra Calcine Bxt.& Allied Ind. Ltd.,Private,Opencast,Metallic,NGDR_MajorLease2022,centroid_from_NGDR_lease_polygon
07GUJ10013,Wandh-II [418] [ML-117] Bauxite Mine,Bauxite,mining,22.992468863735933,69.43240934445345,GUJARAT,Kachchh,8.09,Gujarat Mineral Development Corporation Ltd.,PSU,Opencast,Metallic,NGDR_MajorLease2022,centroid_from_NGDR_lease_polygon
07GUJ07046,Nandana [199] Bauxite Mine,Bauxite,mining,22.136076933321494,69.30103570017128,GUJARAT,Devbhumi Dwarka,2.44,Saurashtra Calcine Bxt.& Allied Ind. Ltd.,Private,Opencast,Metallic,NGDR_MajorLease2022,centroid_from_NGDR_lease_polygon
07GUJ08002,Keshav [490] Bauxite Mine,Bauxite,mining,21.777778561409185,69.4962132275904,GUJARAT,Porbandar,4.0468,Nikhil Kumar Ramnik Lal Thanki,Private,Opencast,Metallic,NGDR_MajorLease2022,centroid_from_NGDR_lease_polygon
07GUJ10017,Naredi -Nandra [ML-626] Bauxite Mine,Bauxite,mining,23.191284238660923,69.2027226943738,GUJARAT,Kachchh,169.5968,Gujarat Mineral Development Corporation Ltd.,PSU,Opencast,Metallic,NGDR_MajorLease2022,centroid_from_NGDR_lease_polygon
38GUJ08138,Umba [93/2] Limestone Mine,Limestone,mining,21.00203764455531,70.41047466338937,GUJARAT,Junagadh,5.0,Virji Bhuja Rathod,Private,Opencast,Non-Metallic,NGDR_MajorLease2022,centroid_from_NGDR_lease_polygon
07GUJ07017,Kennedi-Pipdi-[506] Bauxite Mine,Bauxite,mining,22.057176639773534,69.3240546755016,GUJARAT,Devbhumi Dwarka,3.09,Imperial Mining Syndicate,Private,Opencast,Metallic,NGDR_MajorLease2022,centroid_from_NGDR_lease_polygon
07GUJ07032,Mevasa [214/p] Bauxite Mine,Bauxite,mining,22.241656587011086,69.3370786604972,GUJARAT,Devbhumi Dwarka,3.5814,Saurashtra Calcine Bxt.& Allied Ind. Ltd.,Private,Opencast,Metallic,NGDR_MajorLease2022,centroid_from_NGDR_lease_polygon
07GUJ07038,Mevasa-4 [330/P] (OBM-IV) Bauxite Mine,Bauxite,mining,22.246356690181504,69.33428404045242,GUJARAT,Devbhumi Dwarka,7.3855,Orient Abrasives Ltd.,Private,Opencast,Metallic,NGDR_MajorLease2022,centroid_from_NGDR_lease_polygon
07GUJ07041,Mota-Asota [238/p] Bauxite Mine,Bauxite,mining,22.226495709550967,69.37119265933315,GUJARAT,Devbhumi Dwarka,32.3748,Saurashtra Calcine Bxt.& Allied Ind. Ltd.,Private,Opencast,Metallic,NGDR_MajorLease2022,centroid_from_NGDR_lease_polygon
07GUJ07060,Surdhar-2 [190] Bauxite Mine,Bauxite,mining,22.218099181806885,69.34562901695492,GUJARAT,Devbhumi Dwarka,0.4856,Orient Abrasives Ltd.,Private,Opencast,Metallic,NGDR_MajorLease2022,centroid_from_NGDR_lease_polygon
07GUJ07071,Mevasa (412/p] Bauxite Mine,Bauxite,mining,22.242227975531613,69.33623834640842,GUJARAT,Devbhumi Dwarka,1.2444,Saurashtra Calcine Bxt.& Allied Ind. Ltd.,Private,Opencast,Metallic,NGDR_MajorLease2022,centroid_from_NGDR_lease_polygon
38GUJ21052,Ranavav Limestone Mine,Limestone,mining,21.682949098735747,69.76643387067168,GUJARAT,Porbandar,4.0,Bhima Manga Harijan,Private,Opencast,Non-Metallic,NGDR_MajorLease2022,centroid_from_NGDR_lease_polygon
07GUJ07106,Ran-Nala [2] Bauxite Mine,Bauxite,mining,22.143513401242494,69.32554817705915,GUJARAT,Devbhumi Dwarka,0.8094,Saurashtra Calcine Bxt.& Allied Ind. Ltd.,Private,Opencast,Metallic,NGDR_MajorLease2022,centroid_from_NGDR_lease_polygon
07GUJ07121,Ran [402/p] Bauxite Mine,Bauxite,mining,22.141115577584873,69.32492826004241,GUJARAT,Devbhumi Dwarka,1.5075,Carborundam Universal Ltd.,Private,Opencast,Metallic,NGDR_MajorLease2022,centroid_from_NGDR_lease_polygon
14GUJ03001,Ambaji Base Metal Lead Zinc Mine,Copper Ore,mining,24.345207557243047,72.84470288103324,GUJARAT,Banas Kantha,184.984,Gujarat Mineral Development Corporation Ltd.,PSU,Opencast,Metallic,NGDR_MajorLease2022,centroid_from_NGDR_lease_polygon
07GUJ07143,Bhogat [380] Bauxite Mine,Bauxite,mining,21.983659071950743,69.27591283442028,GUJARAT,Devbhumi Dwarka,29.7749,Sandeep Abrasives,Private,Opencast,Metallic,NGDR_MajorLease2022,centroid_from_NGDR_lease_polygon
07GUJ07157,Mevasa [214] Bauxite Mine,Bauxite,mining,22.242821722955522,69.3368570254407,GUJARAT,Devbhumi Dwarka,2.8328,Gujarat Mineral Development Corporation Ltd.,PSU,Opencast,Metallic,NGDR_MajorLease2022,centroid_from_NGDR_lease_polygon
07GUJ09010,Salod [409/A/1] Bauxite Mine,Bauxite,mining,22.95923770624663,73.09463584844674,GUJARAT,Kheda,8.0338,Arvind J. Pabari,Private,Opencast,Metallic,NGDR_MajorLease2022,centroid_from_NGDR_lease_polygon
07GUJ14004,Dharmendra [560/A] Bauxite Mine,Bauxite,mining,23.206579165374393,73.03406130283119,GUJARAT,Sabar Kantha,10.12,Vimalaben S. Patel,Private,Opencast,Metallic,NGDR_MajorLease2022,centroid_from_NGDR_lease_polygon
38GUJ07088,Rakka [160/p] Limestone Mine,Limestone,mining,22.177693539653497,70.11810356424799,GUJARAT,Jamnagar,4.0,Khira Mahebub Abbas,Private,Opencast,Non-Metallic,NGDR_MajorLease2022,centroid_from_NGDR_lease_polygon
07GUJ14017,Tenpur [Majum River Bed] Bauxite Mine,Bauxite,mining,23.21108239267912,73.03492354581053,GUJARAT,Sabar Kantha,2.22,Mulji Bhai Baba Bhai Patel,Private,Opencast,Metallic,NGDR_MajorLease2022,centroid_from_NGDR_lease_polygon
07GUJ14019,Tenpur [Majum River Bed] Bauxite Mine,Bauxite,mining,23.20669981257138,73.03106184845632,GUJARAT,Sabar Kantha,2.05,Kaushik Bhai B. Pandey,Private,Opencast,Metallic,NGDR_MajorLease2022,centroid_from_NGDR_lease_polygon
38GUJ02009,Kovaya Limestone Mine,Limestone,mining,20.885239377370393,71.43207880832266,GUJARAT,Amreli,953.3253,Ultratech Cement Limited,Private,Opencast,Non-Metallic,NGDR_MajorLease2022,centroid_from_NGDR_lease_polygon
07GUJ07059,Rathadi [139/p] Bauxite Mine,Bauxite,mining,22.232413205650012,69.32221669864155,GUJARAT,Devbhumi Dwarka,2.02,Orient Abrasives Ltd.,Private,Opencast,Metallic,NGDR_MajorLease2022,centroid_from_NGDR_lease_polygon
38GUJ08093,Moraj [87/2] Limestone Mine,Limestone,mining,20.986851681809508,70.43118489729369,GUJARAT,Junagadh,5.42,Shree Govindpura Jungal Kamgar Sahkari Mandli Ltd,Private,Opencast,Non-Metallic,NGDR_MajorLease2022,centroid_from_NGDR_lease_polygon
38GUJ08061,Kadaya [42] Limestone Mine,Limestone,mining,21.101902811537332,70.3437247760286,GUJARAT,Junagadh,9.8743,Ajmera Cement Pvt. Ltd.,Private,Opencast,Non-Metallic,NGDR_MajorLease2022,centroid_from_NGDR_lease_polygon
38GUJ07065,Navadra [80] Limestone Mine,Limestone,mining,21.958391452011007,69.23216412113558,GUJARAT,Devbhumi Dwarka,5.0,Hardas Karsanbhai Ambalia,Private,Opencast,Non-Metallic,NGDR_MajorLease2022,centroid_from_NGDR_lease_polygon
38GUJ08063,Dhrampur-Kajawadri [2/9] Limestone Mine,Limestone,mining,21.674216454083545,69.68337767948562,GUJARAT,Porbandar,9.31,Nirma Ltd. Division of Saurashtra Chemicals,Private,Opencast,Non-Metallic,NGDR_MajorLease2022,centroid_from_NGDR_lease_polygon
38GUJ08174,"Adityana [A,F & D Plot] Limestone Mine",Limestone,mining,21.74136821432067,69.69696703027194,GUJARAT,Porbandar,42.9,Tata Chemicals Ltd.,Private,Opencast,Non-Metallic,NGDR_MajorLease2022,centroid_from_NGDR_lease_polygon
38GUJ08307,Jasdhar [52/2A Paiki] Limestone Mine,Limestone,mining,20.992511099476626,70.62080321676308,GUJARAT,Junagadh,1.317,Danabhai Meramanbhai Barad,Private,Opencast,Non-Metallic,NGDR_MajorLease2022,centroid_from_NGDR_lease_polygon
38GUJ08274,Adityana,Limestone,mining,21.685066749563653,69.69111591406279,GUJARAT,Porbandar,32.78,Harshad Minerals C/o Late Harmir Harji Kutna,Private,Opencast,Non-Metallic,NGDR_MajorLease2022,centroid_from_NGDR_lease_polygon
38GUJ08300,Lati [929/p] Limestone Mine,Limestone,mining,20.859698025754092,70.44702545677049,GUJARAT,Junagadh,2.0,Chorwadi Krupa Enterprises,Private,Opencast,Non-Metallic,NGDR_MajorLease2022,centroid_from_NGDR_lease_polygon
38GUJ08344,Jasdhar [52/2A Paiki] Limestone Mine,Limestone,mining,20.991426669849254,70.62149503675138,GUJARAT,Junagadh,1.066,Virabhai Sarmanbhai Chawada,Private,Opencast,Non-Metallic,NGDR_MajorLease2022,centroid_from_NGDR_lease_polygon
38GUJ08355,Khorasa [29/p] Limestone Mine,Limestone,mining,21.0528486384399,70.32066947497079,GUJARAT,Junagadh,4.0,Rajshibhai Ranabhai Jotava,Private,Opencast,Non-Metallic,NGDR_MajorLease2022,centroid_from_NGDR_lease_polygon
38GUJ08357,Budhecha [113/p] Limestone Mine,Limestone,mining,21.09875188438491,70.22620682049968,GUJARAT,Junagadh,4.2796,Suleman Bhai M. Patel,Private,Opencast,Non-Metallic,NGDR_MajorLease2022,centroid_from_NGDR_lease_polygon
38GUJ08350,Kodidra [81/P] Limestone Mine,Limestone,mining,20.96466395546621,70.51983626043703,GUJARAT,Junagadh,4.7,Gujarat Heavy Chemicals Ltd.,Private,Opencast,Non-Metallic,NGDR_MajorLease2022,centroid_from_NGDR_lease_polygon
38GUJ08359,Ghusia [64/p] Limestone Mine,Limestone,mining,21.028574705173675,70.51669140428933,GUJARAT,Junagadh,2.0,Gopalsinh Himmatsing Chauhan,Private,Opencast,Non-Metallic,NGDR_MajorLease2022,centroid_from_NGDR_lease_polygon
38GUJ08360,"Lumba Limestone Mine [40/2P3,41P5, 40/3P1] Limestone Mine",Limestone,mining,20.977522101697723,70.5457989847479,GUJARAT,Junagadh,4.9271,Laxman Jivabhai Mori,Private,Opencast,Non-Metallic,NGDR_MajorLease2022,centroid_from_NGDR_lease_polygon
38GUJ13003,Tanasava [174] Limestone Mine,Limestone,mining,21.721998855764852,70.14501006210905,GUJARAT,Rajkot,4.0,Ramilaben Prafulbhai Bariya,Private,Opencast,Non-Metallic,NGDR_MajorLease2022,centroid_from_NGDR_lease_polygon
38GUJ21011,Adityana [190/42] Limestone Mine,Limestone,mining,21.687712755403727,69.69925677546259,GUJARAT,Porbandar,2.0,Trupti H. Thanki,Private,Opencast,Non-Metallic,NGDR_MajorLease2022,centroid_from_NGDR_lease_polygon
81GUJ13001,Patanvav [Osam Hill] Perlite Mine,Perlite,mining,21.640449771637847,70.27088931882155,GUJARAT,Rajkot,144.8831,"Sharad L.Vyas ,C/o M/s Raj Minerals",Private,Opencast,Non-Metallic,NGDR_MajorLease2022,centroid_from_NGDR_lease_polygon
38GUJ07070,Dwarka [653/p] Limestone Mine,Limestone,mining,22.2334053118988,68.98402540272959,GUJARAT,Devbhumi Dwarka,5.0,Gaurang Naranbhai Patel,Private,Opencast,Non-Metallic,NGDR_MajorLease2022,centroid_from_NGDR_lease_polygon
38GUJ07005,Babarzar [1-B/part] Limestone Mine,Limestone,mining,22.17852608883074,69.83109294273693,GUJARAT,Jamnagar,76.89,Prabhudas Vithaldas,Private,Opencast,Non-Metallic,NGDR_MajorLease2022,centroid_from_NGDR_lease_polygon
38GUJ07034,Pachhtar 1 [225] Limestone Mine,Limestone,mining,21.856806799903634,69.70232784433715,GUJARAT,Jamnagar,16.187,Shree Digvijay Cement Co. Ltd.,Private,Opencast,Non-Metallic,NGDR_MajorLease2022,centroid_from_NGDR_lease_polygon
38GUJ02004,Narmada Cement Limestone Mine Limestone Mine,Limestone,mining,20.87697184903611,71.41399816541016,GUJARAT,Amreli,565.9398,Ultratech Cement Limited,Private,Opencast,Non-Metallic,NGDR_MajorLease2022,centroid_from_NGDR_lease_polygon
38GUJ21089,Daulatgadh [365/p] Limestone Mine,Limestone,mining,21.712985165215184,69.84034375565379,GUJARAT,Porbandar,2.0,Arshibhai Vejshibhai Odedra,Private,Opencast,Non-Metallic,NGDR_MajorLease2022,centroid_from_NGDR_lease_polygon
38GUJ07043,Pachhatardi [77/p] Limestone Mine,Limestone,mining,21.847256818121565,69.70644449213813,GUJARAT,Jamnagar,76.19,Tata Chemicals Ltd.,Private,Opencast,Non-Metallic,NGDR_MajorLease2022,centroid_from_NGDR_lease_polygon
38GUJ21086,Dhruvala [119/p] Limestone Mine,Limestone,mining,21.684087407230823,69.99668744771917,GUJARAT,Porbandar,4.0,Shamji Bhagwanji Rabadiya,Private,Opencast,Non-Metallic,NGDR_MajorLease2022,centroid_from_NGDR_lease_polygon
38GUJ21088,Daulatgadh [265/p] Limestone Mine,Limestone,mining,21.713123430340197,69.846192878856,GUJARAT,Porbandar,2.0,Nathabhai Savabhai Aagath,Private,Opencast,Non-Metallic,NGDR_MajorLease2022,centroid_from_NGDR_lease_polygon
38GUJ21090,Ishwariya [429/p/] Limestone Mine,Limestone,mining,21.712218290596084,69.93257097948361,GUJARAT,Porbandar,4.0,Masaribhai Rajshibhai Karavadra,Private,Opencast,Non-Metallic,NGDR_MajorLease2022,centroid_from_NGDR_lease_polygon
38GUJ21092,Biladi [91] Limestone Mine,Limestone,mining,21.669709668288906,70.0858611200218,GUJARAT,Porbandar,4.0,Gopalbhai Meghji Bhai Patel,Private,Opencast,Non-Metallic,NGDR_MajorLease2022,centroid_from_NGDR_lease_polygon
38GUJ07044,Ranpur [211/216] Limestone Mine,Limestone,mining,21.83323569307553,69.68678720085516,GUJARAT,Jamnagar,373.6,Tata Chemicals Ltd.,Private,Opencast,Non-Metallic,NGDR_MajorLease2022,centroid_from_NGDR_lease_polygon
38GUJ07046,Patan [197/p] Limestone Mine,Limestone,mining,21.816337090382184,70.03044882476536,GUJARAT,Jamnagar,4.45,Chanubha Gumansingh Zala,Private,Opencast,Non-Metallic,NGDR_MajorLease2022,centroid_from_NGDR_lease_polygon
38GUJ07051,Bhatvadia [308] Limestone Mine,Limestone,mining,22.022861519739894,69.19631482631264,GUJARAT,Devbhumi Dwarka,5.0,Markhi Meraman Ambalia,Private,Opencast,Non-Metallic,NGDR_MajorLease2022,centroid_from_NGDR_lease_polygon
38GUJ07052,Bhogat [158] Limestone Mine,Limestone,mining,21.973979838925384,69.21370947807718,GUJARAT,Devbhumi Dwarka,2.75,Shree Ram Stone Suppliers,Private,Opencast,Non-Metallic,NGDR_MajorLease2022,centroid_from_NGDR_lease_polygon
38GUJ07056,Kanvirdi [183] Limestone Mine,Limestone,mining,22.193098810638478,69.8442663356073,GUJARAT,Jamnagar,8.0,Vinod Kumar Jamnadas Pabari,Private,Opencast,Non-Metallic,NGDR_MajorLease2022,centroid_from_NGDR_lease_polygon
38GUJ07058,Ran [732/30] Limestone Mine,Limestone,mining,22.19700648786634,69.3192302009767,GUJARAT,Devbhumi Dwarka,5.0,Mahesh Kumar C. Mehta,Private,Opencast,Non-Metallic,NGDR_MajorLease2022,centroid_from_NGDR_lease_polygon
38GUJ07047,Patan [197/p] Limestone Mine,Limestone,mining,21.817039562636833,70.03329292438661,GUJARAT,Jamnagar,4.45,Bhartidevi Shivrajsinh Vala,Private,Opencast,Non-Metallic,NGDR_MajorLease2022,centroid_from_NGDR_lease_polygon
38GUJ07050,Babarzar [1] Limestone Mine,Limestone,mining,22.14526648973525,69.81939288709792,GUJARAT,Jamnagar,7.537,Bharat Kumar Bhagwanji,Private,Opencast,Non-Metallic,NGDR_MajorLease2022,centroid_from_NGDR_lease_polygon
38GUJ07068,Dwarka [653/p] Limestone Mine,Limestone,mining,22.239265378244113,68.9824992864391,GUJARAT,Devbhumi Dwarka,5.0,Bipin Baldevbhai Patel,Private,Opencast,Non-Metallic,NGDR_MajorLease2022,centroid_from_NGDR_lease_polygon
38GUJ07069,Vasai [424] Limestone Mine,Limestone,mining,22.31227365270911,69.01216769555238,GUJARAT,Devbhumi Dwarka,4.9,Kherajbhai Kerubha Ker,Private,Opencast,Non-Metallic,NGDR_MajorLease2022,centroid_from_NGDR_lease_polygon
38GUJ07060,Gurgadh [546] Limestone Mine,Limestone,mining,22.20751414753488,69.23419296857016,GUJARAT,Devbhumi Dwarka,2.4787,Shiv Shakti Suppliers,Private,Opencast,Non-Metallic,NGDR_MajorLease2022,centroid_from_NGDR_lease_polygon
38GUJ07063,Ranpur [209/p] Limestone Mine,Limestone,mining,21.82555209064146,69.67791570293511,GUJARAT,Jamnagar,14.16,Tata Chemicals Ltd.,Private,Opencast,Non-Metallic,NGDR_MajorLease2022,centroid_from_NGDR_lease_polygon
38GUJ07066,Bhatia [907] Limestone Mine,Limestone,mining,22.109773432909943,69.25469184324673,GUJARAT,Devbhumi Dwarka,49.3804,Abbas Dosmohammed Kaira,Private,Opencast,Non-Metallic,NGDR_MajorLease2022,centroid_from_NGDR_lease_polygon
38GUJ07073,Malvada [A-Block 35/p] Limestone Mine,Limestone,mining,21.817290707243842,70.07757511189784,GUJARAT,Jamnagar,4.9,Prakash Jethalal Thakor,Private,Opencast,Non-Metallic,NGDR_MajorLease2022,centroid_from_NGDR_lease_polygon
38GUJ07085,Rakka [160/p] Limestone Mine,Limestone,mining,22.174905957057938,70.12041515481828,GUJARAT,Jamnagar,4.0,Rajendra P.Trivedi,Private,Opencast,Non-Metallic,NGDR_MajorLease2022,centroid_from_NGDR_lease_polygon
38GUJ07086,Rakka [160/p] Limestone Mine,Limestone,mining,22.173465405726994,70.12051397509813,GUJARAT,Jamnagar,4.0,Jusab Abbas Khira,Private,Opencast,Non-Metallic,NGDR_MajorLease2022,centroid_from_NGDR_lease_polygon
38GUJ07087,Rakka {165} Limestone Mine,Limestone,mining,22.17872414523913,70.1201426338137,GUJARAT,Jamnagar,7.0,Gayatri Minerals,Private,Opencast,Non-Metallic,NGDR_MajorLease2022,centroid_from_NGDR_lease_polygon
38GUJ08001,Dharampur-Kajawadri [2/5] Limestone Mine,Limestone,mining,21.67308283965297,69.68806022532164,GUJARAT,Porbandar,0.0,Nirma Ltd. Division of Saurashtra Chemicals,Private,Opencast,Non-Metallic,NGDR_MajorLease2022,centroid_from_NGDR_lease_polygon
38GUJ07075,Khan Kotra [538/2p] Limestone Mine,Limestone,mining,22.29328063953228,70.26284067819573,GUJARAT,Jamnagar,4.8,Keshavji Ukabhai Patel,Private,Opencast,Non-Metallic,NGDR_MajorLease2022,centroid_from_NGDR_lease_polygon
38GUJ07076,Malvada [35/p] Limestone Mine,Limestone,mining,21.81630807825338,70.07802447742398,GUJARAT,Jamnagar,4.9,Lilavanti Prakash Thakor,Private,Opencast,Non-Metallic,NGDR_MajorLease2022,centroid_from_NGDR_lease_polygon
38GUJ07084,Rakka [160/p] Limestone Mine,Limestone,mining,22.16294958551887,70.10733144369493,GUJARAT,Jamnagar,4.0,Gayatri Minerals,Private,Opencast,Non-Metallic,NGDR_MajorLease2022,centroid_from_NGDR_lease_polygon
38GUJ08005,Adityana [5/6/45] Limestone Mine,Limestone,mining,21.722989459737093,69.69101194941429,GUJARAT,Porbandar,6.47,Hajabhai Khimabhai Maru,Private,Opencast,Non-Metallic,NGDR_MajorLease2022,centroid_from_NGDR_lease_polygon
38GUJ07074,Malvada [B-Block 35/p] Limestone Mine,Limestone,mining,21.81693346174378,70.08039429483154,GUJARAT,Jamnagar,4.9,Jaydev Prakash Thakor,Private,Opencast,Non-Metallic,NGDR_MajorLease2022,centroid_from_NGDR_lease_polygon
07GUJ07089,"Mevasa [146,147] Bauxite Mine",Bauxite,mining,22.23138063399027,69.3306651829449,GUJARAT,Devbhumi Dwarka,8.09,Carborundam Universal Ltd.,Private,Opencast,Metallic,NGDR_MajorLease2022,centroid_from_NGDR_lease_polygon
38GUJ08343,ShantiPura [78] Limestone Mine,Limestone,mining,21.02216676358133,70.31725397065222,GUJARAT,Junagadh,1.516,Krishana Minerals,Private,Opencast,Non-Metallic,NGDR_MajorLease2022,centroid_from_NGDR_lease_polygon
07GUJ07034,"Mevasa(field),227& 228(P) Bauxite Mine",Bauxite,mining,22.240645707132643,69.32141371732276,GUJARAT,Devbhumi Dwarka,3.1262,Saurashtra Calcine Bxt.& Allied Ind. Ltd.,Private,Opencast,Metallic,NGDR_MajorLease2022,centroid_from_NGDR_lease_polygon
38GUJ08256,Inaj [58/p] Limestone Mine,Limestone,mining,20.995381487047467,70.41710287100199,GUJARAT,Junagadh,8.09,Dhrangadra Chemical Works Ltd.,Private,Opencast,Non-Metallic,NGDR_MajorLease2022,centroid_from_NGDR_lease_polygon
07GUJ07105,Mevasa [148/1] Bauxite Mine,Bauxite,mining,22.229528508216998,69.32995713180853,GUJARAT,Devbhumi Dwarka,1.6997,Saurashtra Calcine Bxt.& Allied Ind. Ltd.,Private,Opencast,Metallic,NGDR_MajorLease2022,centroid_from_NGDR_lease_polygon
38GUJ08051,Godhana Limestone Mine,Limestone,mining,21.792326984427504,69.65690696044662,GUJARAT,Porbandar,18.62,Meraman Channabhai Modhwadia,Private,Opencast,Non-Metallic,NGDR_MajorLease2022,centroid_from_NGDR_lease_polygon
38GUJ08209,Alidra [34/1] Limestone Mine,Limestone,mining,20.912028504759302,70.62085426515424,GUJARAT,Junagadh,1.618,Babubhai Arjanbhai Barad,Private,Opencast,Non-Metallic,NGDR_MajorLease2022,centroid_from_NGDR_lease_polygon
38GUJ21023,Khirasara [209/1p] Limestone Mine,Limestone,mining,21.715329049633826,69.87313726212861,GUJARAT,Porbandar,2.0,Parbatbhai Maldebhai Parmar,Private,Opencast,Non-Metallic,NGDR_MajorLease2022,centroid_from_NGDR_lease_polygon
40GUJ12001,Shivrajpur [135/B-part] Manganese Mine,Manganese Ore,mining,22.40236783622145,73.61335111579936,GUJARAT,Panch Mahals,2.9543,Olympic Industrial Corp.,Private,Opencast,Metallic,NGDR_MajorLease2022,centroid_from_NGDR_lease_polygon
07GUJ07141,Virpur [110/p] Bauxite Mine,Bauxite,mining,22.277227905531515,69.31825442164518,GUJARAT,Devbhumi Dwarka,20.2342,Raghuvansi Refractories,Private,Opencast,Metallic,NGDR_MajorLease2022,centroid_from_NGDR_lease_polygon
38GUJ07015,Pachhtar 2 [225] Limestone Mine,Limestone,mining,21.86715418762347,69.69992604221557,GUJARAT,Jamnagar,32.37,Shree Digvijay Cement Co. Ltd.,Private,Opencast,Non-Metallic,NGDR_MajorLease2022,centroid_from_NGDR_lease_polygon
38GUJ08257,"Chorvad Adri-2[178/3,192/2,173/2,49P] Limestone Mine",Limestone,mining,21.073898064659918,70.26162623581723,GUJARAT,Junagadh,31.92,Dhrangadra Chemical Works Ltd.,Private,Opencast,Non-Metallic,NGDR_MajorLease2022,centroid_from_NGDR_lease_polygon
38GUJ21081,Ranavav [42] Limestone Mine,Limestone,mining,21.678737438548932,69.77115752727748,GUJARAT,Porbandar,8.18,Premji Lilabhai Kharva,Private,Opencast,Non-Metallic,NGDR_MajorLease2022,centroid_from_NGDR_lease_polygon
07GUJ07150,Virpur-6[135] Bauxite Mine,Bauxite,mining,22.257474235068926,69.32779616024958,GUJARAT,Devbhumi Dwarka,0.9,Orient Abrasives Ltd.,Private,Opencast,Metallic,NGDR_MajorLease2022,centroid_from_NGDR_lease_polygon
07GUJ07151,Mevasa [202] Bauxite Mine,Bauxite,mining,22.229853938944814,69.3496135053333,GUJARAT,Devbhumi Dwarka,3.2375,Orient Abrasives Ltd.,Private,Opencast,Metallic,NGDR_MajorLease2022,centroid_from_NGDR_lease_polygon
07GUJ07152,Mevasa [403] Bauxite Mine,Bauxite,mining,22.231721323211815,69.34576040978698,GUJARAT,Devbhumi Dwarka,3.1444,Orient Abrasives Ltd.,Private,Opencast,Metallic,NGDR_MajorLease2022,centroid_from_NGDR_lease_polygon
07GUJ07156,Virpur [176/p] Bauxite Mine,Bauxite,mining,22.27044502883562,69.32001553401503,GUJARAT,Devbhumi Dwarka,1.9374,Carborundam Universal Ltd.,Private,Opencast,Metallic,NGDR_MajorLease2022,centroid_from_NGDR_lease_polygon
38GUJ08313,Dhrabavad [52] Limestone Mine,Limestone,mining,20.875870383411865,70.8978486622407,GUJARAT,Junagadh,3.0756,Nirma Ltd.,Private,Opencast,Non-Metallic,NGDR_MajorLease2022,centroid_from_NGDR_lease_polygon
07GUJ07057,Ran [421] Bauxite Mine,Bauxite,mining,22.14413742994651,69.32715154833399,GUJARAT,Devbhumi Dwarka,1.3051,Minerals & Minerals Corp.,Private,Opencast,Metallic,NGDR_MajorLease2022,centroid_from_NGDR_lease_polygon
07GUJ07023,Mahadevia [261-part] Bauxite Mine,Bauxite,mining,22.193340051035822,69.2615727587429,GUJARAT,Devbhumi Dwarka,32.3748,Harijivan Purshotam Das Thanki,Private,Opencast,Metallic,NGDR_MajorLease2022,centroid_from_NGDR_lease_polygon
07GUJ07067,Virpur Ratakunda [117] Bauxite Mine,Bauxite,mining,22.264009698053666,69.28620093114873,GUJARAT,Devbhumi Dwarka,40.4685,Raghuvansi Refractories,Private,Opencast,Metallic,NGDR_MajorLease2022,centroid_from_NGDR_lease_polygon
07GUJ07117,Mevasa [341/P] Bauxite Mine,Bauxite,mining,22.20123856810341,69.3176575996565,GUJARAT,Devbhumi Dwarka,1.0117,Tushar Mineral Industries Pvt. Ltd.,Private,Opencast,Metallic,NGDR_MajorLease2022,centroid_from_NGDR_lease_polygon
07GUJ07122,Virpur-Gunavadi [110] Bauxite Mine,Bauxite,mining,22.265874285283697,69.30248363501279,GUJARAT,Devbhumi Dwarka,55.252,Pushpa Ben Prabhudas Makhecha,Private,Opencast,Metallic,NGDR_MajorLease2022,centroid_from_NGDR_lease_polygon
07GUJ07124,Varada [140/2] Bauxite Mine,Bauxite,mining,22.23662177178208,69.32771324988455,GUJARAT,Devbhumi Dwarka,1.2241,Gujarat Calcine Bxt.& Refractories,Private,Opencast,Metallic,NGDR_MajorLease2022,centroid_from_NGDR_lease_polygon
07GUJ07125,Gaga [235/p] Bauxite Mine,Bauxite,mining,22.132536366361013,69.23866874193544,GUJARAT,Devbhumi Dwarka,37.7672,Yogita Allied & Calcined Products,Private,Opencast,Metallic,NGDR_MajorLease2022,centroid_from_NGDR_lease_polygon
07GUJ07107,Varada-4 [330] Bauxite Mine,Bauxite,mining,22.236056877425455,69.3079341712216,GUJARAT,Devbhumi Dwarka,2.3674,Orient Abrasives Ltd.,Private,Opencast,Metallic,NGDR_MajorLease2022,centroid_from_NGDR_lease_polygon
07GUJ07108,Virpur-4 [36] Bauxite Mine,Bauxite,mining,22.255645028884423,69.33173399407718,GUJARAT,Devbhumi Dwarka,4.2897,Orient Abrasives Ltd.,Private,Opencast,Metallic,NGDR_MajorLease2022,centroid_from_NGDR_lease_polygon
07GUJ07115,Habardi [182] Bauxite Mine,Bauxite,mining,22.23129053267397,69.36181115426018,GUJARAT,Devbhumi Dwarka,2.3979,Dalmia Refractories Ltd.,Private,Opencast,Metallic,NGDR_MajorLease2022,centroid_from_NGDR_lease_polygon
07GUJ07116,Habardi [186] Bauxite Mine,Bauxite,mining,22.229491619167298,69.35423842354321,GUJARAT,Devbhumi Dwarka,21.671,Dalmia Refractories Ltd.,Private,Opencast,Metallic,NGDR_MajorLease2022,centroid_from_NGDR_lease_polygon
07GUJ09002,Amratpura [162] Bauxite Mine,Bauxite,mining,22.816939754226883,73.11993909119957,GUJARAT,Kheda,8.09,Janak Kumar Kantilal Sadhu,Private,Opencast,Metallic,NGDR_MajorLease2022,centroid_from_NGDR_lease_polygon
07GUJ09023,Porda [255] Bauxite Mine,Bauxite,mining,22.838693042428936,73.12348514068607,GUJARAT,Kheda,2.97,Arvind J. Pabari,Private,Opencast,Metallic,NGDR_MajorLease2022,centroid_from_NGDR_lease_polygon
07GUJ09024,"Salod Old[325,326,328,421] Bauxite Mine",Bauxite,mining,22.964790334190518,73.09810138005611,GUJARAT,Kheda,5.3,Arvind J. Pabari,Private,Opencast,Metallic,NGDR_MajorLease2022,centroid_from_NGDR_lease_polygon
38GUJ08306,Chanchakwad [77] Limestone Mine,Limestone,mining,20.861698758994308,71.03960095563082,GUJARAT,Junagadh,2.7923,Ajay Salt & Chemical Inds.,Private,Opencast,Non-Metallic,NGDR_MajorLease2022,centroid_from_NGDR_lease_polygon
38GUJ08308,Jasdhar [52/2A Paiki] Limestone Mine,Limestone,mining,20.9904262810588,70.6211736771534,GUJARAT,Junagadh,2.0,Vajesinh Dansinh Mori,Private,Opencast,Non-Metallic,NGDR_MajorLease2022,centroid_from_NGDR_lease_polygon
38GUJ08310,Vavarda [111(p)] Limestone Mine,Limestone,mining,20.876107143090113,71.08358987750188,GUJARAT,Junagadh,4.0469,Nirma Ltd.,Private,Opencast,Non-Metallic,NGDR_MajorLease2022,centroid_from_NGDR_lease_polygon
38GUJ08077,Kerala [35/p] Limestone Mine,Limestone,mining,21.147180269629143,70.36271456259117,GUJARAT,Junagadh,8.32,Dhrangadra Chemical Works Ltd.,Private,Opencast,Non-Metallic,NGDR_MajorLease2022,centroid_from_NGDR_lease_polygon
38GUJ07045,Mokhana [51/Part] Limestone Mine,Limestone,mining,21.891838951901804,69.74357820099671,GUJARAT,Jamnagar,107.69,Tata Chemicals Ltd.,Private,Opencast,Non-Metallic,NGDR_MajorLease2022,centroid_from_NGDR_lease_polygon
38GUJ08019,Adityana [602/p] Limestone Mine,Limestone,mining,21.735816345072855,69.70121641145758,GUJARAT,Porbandar,2.14,Tata Chemicals Ltd.,Private,Opencast,Non-Metallic,NGDR_MajorLease2022,centroid_from_NGDR_lease_polygon
38GUJ08021,Bhanduri I [481] Limestone Mine,Limestone,mining,21.091016448624096,70.27968575047514,GUJARAT,Junagadh,24.2811,Ajmera Cement Pvt. Ltd.,Private,Opencast,Non-Metallic,NGDR_MajorLease2022,centroid_from_NGDR_lease_polygon
38GUJ08023,Bhanduri III [119] Limestone Mine,Limestone,mining,21.10093148809452,70.29493543562722,GUJARAT,Junagadh,8.468,Ajmera Cement Pvt. Ltd.,Private,Opencast,Non-Metallic,NGDR_MajorLease2022,centroid_from_NGDR_lease_polygon
38GUJ08027,Bhod [358/3] Limestone Mine,Limestone,mining,21.68737556410474,69.77968106546285,GUJARAT,Porbandar,16.18,Ashok Bhai Babulal Valji Sindhav,Private,Opencast,Non-Metallic,NGDR_MajorLease2022,centroid_from_NGDR_lease_polygon
38GUJ02012,"Gujarat Ambuja Block B,C,D",Limestone,mining,20.83626375595115,70.7103419171181,GUJARAT,Junagadh,90.0441,Ambuja Cements Ltd.,Private,Opencast,Non-Metallic,NGDR_MajorLease2022,centroid_from_NGDR_lease_polygon
38GUJ02089,Varvala [76] Limestone Mine,Limestone,mining,20.864448355969344,71.08154741731674,GUJARAT,Junagadh,25.0,Bhavnaben R. Trivedi,Private,Opencast,Non-Metallic,NGDR_MajorLease2022,centroid_from_NGDR_lease_polygon
38GUJ08109,Ranavav [372/3/2/4] Limestone Mine,Limestone,mining,21.67389042945208,69.71856420306766,GUJARAT,Porbandar,6.07,Vasant Lalji Thakkar,Private,Opencast,Non-Metallic,NGDR_MajorLease2022,centroid_from_NGDR_lease_polygon
38GUJ08132,Umba [65/70] Limestone Mine,Limestone,mining,20.993299925916617,70.40685454645966,GUJARAT,Junagadh,7.6891,R.J.Trivedi & Co.,Private,Opencast,Non-Metallic,NGDR_MajorLease2022,centroid_from_NGDR_lease_polygon
38GUJ08140,Valotra [180/4] Limestone Mine,Limestone,mining,21.68514032423704,69.87122293226285,GUJARAT,Porbandar,5.0,Ganesh Minerals,Private,Opencast,Non-Metallic,NGDR_MajorLease2022,centroid_from_NGDR_lease_polygon
38GUJ08145,Zinzarka [22/p] Limestone Mine,Limestone,mining,21.759090365838837,69.6773880106383,GUJARAT,PORBANDAR,14.27,Tata Chemicals Ltd.,Private,Opencast,Non-Metallic,NGDR_MajorLease2022,centroid_from_NGDR_lease_polygon
38GUJ08124,Adityana Navi line-D [5/6] Limestone Mine,Limestone,mining,21.716797450022693,69.71629231340795,GUJARAT,Porbandar,12.62,Tata Chemicals Ltd.,Private,Opencast,Non-Metallic,NGDR_MajorLease2022,centroid_from_NGDR_lease_polygon
38GUJ08142,Vavadi [119] Limestone Mine,Limestone,mining,20.989522732020134,70.35237319234452,GUJARAT,Junagadh,1.0,Gordhandas V. Dhanesha,Private,Opencast,Non-Metallic,NGDR_MajorLease2022,centroid_from_NGDR_lease_polygon
38GUJ08161,Umerala [6] Limestone Mine,Limestone,mining,21.011752010580384,70.4166009843236,GUJARAT,Junagadh,1.0,Deepak Sharad Chandra Desai,Private,Opencast,Non-Metallic,NGDR_MajorLease2022,centroid_from_NGDR_lease_polygon
38GUJ08168,Gorakhmadi [408/A] Limestone Mine,Limestone,mining,20.909949392546025,70.5353797258792,GUJARAT,Junagadh,1.0,Snehlata I. Goswami,Private,Opencast,Non-Metallic,NGDR_MajorLease2022,centroid_from_NGDR_lease_polygon
38GUJ08225,Vadvala Limestone Mine,Limestone,mining,21.671061686442783,69.82612974793834,GUJARAT,Porbandar,1.426,Pravin Popat Lal Thanki,Private,Opencast,Non-Metallic,NGDR_MajorLease2022,centroid_from_NGDR_lease_polygon
38GUJ21054,Govalani [78/p] Limestone Mine,Limestone,mining,21.694863298886155,69.7554764717149,GUJARAT,Porbandar,25.45,Tata Chemicals Ltd.,Private,Opencast,Non-Metallic,NGDR_MajorLease2022,centroid_from_NGDR_lease_polygon
38GUJ21040,Ishwaria [180/p] Limestone Mine,Limestone,mining,21.715550022603864,69.9341020720534,GUJARAT,Porbandar,14.37,Tata Chemicals Ltd.,Private,Opencast,Non-Metallic,NGDR_MajorLease2022,centroid_from_NGDR_lease_polygon
38GUJ21022,Aniyari [20/p] Limestone Mine,Limestone,mining,21.68520703124375,69.86058826978508,GUJARAT,Porbandar,2.0,Balubhai Lilabhai Keshwala,Private,Opencast,Non-Metallic,NGDR_MajorLease2022,centroid_from_NGDR_lease_polygon
38GUJ08267,Virodar [11] Limestone Mine,Limestone,mining,20.919649415464253,70.56837054480152,GUJARAT,Junagadh,16.187,Noor Mohammed Kalubhai Patni,Private,Opencast,Non-Metallic,NGDR_MajorLease2022,centroid_from_NGDR_lease_polygon
38GUJ08268,Virodar [50] Limestone Mine,Limestone,mining,20.930293099107793,70.580357387937,GUJARAT,Junagadh,40.468,Noor Mohammed Kalubhai Patni,Private,Opencast,Non-Metallic,NGDR_MajorLease2022,centroid_from_NGDR_lease_polygon
38GUJ21073,"Bhakharla [1569,1570] Limestone Mine",Limestone,mining,21.716385200596076,69.63848761918103,GUJARAT,Porbandar,10.572,Mangal Minerals,Private,Opencast,Non-Metallic,NGDR_MajorLease2022,centroid_from_NGDR_lease_polygon
38GUJ08281,Kherali [49] Limestone Mine,Limestone,mining,21.015695989269343,70.41002656845312,GUJARAT,Junagadh,4.2593,Noor Mohammed Kalubhai Patni,Private,Opencast,Non-Metallic,NGDR_MajorLease2022,centroid_from_NGDR_lease_polygon
38GUJ08291,Malundha [146] Limestone Mine,Limestone,mining,20.99120659057987,70.36590202943096,GUJARAT,Junagadh,1.0,Rajshi Menshi Chandra,Private,Opencast,Non-Metallic,NGDR_MajorLease2022,centroid_from_NGDR_lease_polygon
38GUJ08292,Pransli [301/p] Limestone Mine,Limestone,mining,20.919152843910478,70.6252369991868,GUJARAT,Junagadh,2.0,Lilabhai Siddhibhai Khunti,Private,Opencast,Non-Metallic,NGDR_MajorLease2022,centroid_from_NGDR_lease_polygon
38GUJ08293,Savani [90/1] Limestone Mine,Limestone,mining,20.951543532182473,70.4484962582208,GUJARAT,Junagadh,12.14,Swastik Cement Industries Pvt. Ltd.,Private,Opencast,Non-Metallic,NGDR_MajorLease2022,centroid_from_NGDR_lease_polygon
38GUJ08301,Zadka [Mangam River Bed] Limestone Mine,Limestone,mining,21.07768785651407,70.2957971332246,GUJARAT,Junagadh,10.0,Somnath Hydrated Lime & Chem. Indus. Pvt. Ltd.,Private,Opencast,Non-Metallic,NGDR_MajorLease2022,centroid_from_NGDR_lease_polygon
38GUJ08282,Gabha [129] Limestone Mine,Limestone,mining,21.00090355615447,70.49915074072561,GUJARAT,Junagadh,3.239,Bhana Desha Bhai Makwana,Private,Opencast,Non-Metallic,NGDR_MajorLease2022,centroid_from_NGDR_lease_polygon
38GUJ08287,Khorasa [29] Limestone Mine,Limestone,mining,21.041482310122376,70.33400158404004,GUJARAT,Junagadh,1.0,Madhubhai V.Bhatt,Private,Opencast,Non-Metallic,NGDR_MajorLease2022,centroid_from_NGDR_lease_polygon
38GUJ21075,"Boricha [151,152&154] Limestone Mine",Limestone,mining,21.74185795692192,69.6759365486397,GUJARAT,PORBANDAR,7.264,Mangal Minerals,Private,Opencast,Non-Metallic,NGDR_MajorLease2022,centroid_from_NGDR_lease_polygon
38GUJ08319,"Bherala [82/1,83/1] Limestone Mine",Limestone,mining,20.993287848181954,70.47319692774762,GUJARAT,Junagadh,21.1447,Swastik Cement Industries Pvt. Ltd.,Private,Opencast,Non-Metallic,NGDR_MajorLease2022,centroid_from_NGDR_lease_polygon
38GUJ08320,Prabhas Pathan [1326] Limestone Mine,Limestone,mining,21.069052526426564,70.50826039498146,GUJARAT,Junagadh,1.2141,Suresh Kalyanji Joshi,Private,Opencast,Non-Metallic,NGDR_MajorLease2022,centroid_from_NGDR_lease_polygon
38GUJ08327,Kherali [42/1] Limestone Mine,Limestone,mining,21.00760429055709,70.41236594634817,GUJARAT,Junagadh,15.135,Somnath Hydrated Lime & Chem. Indus. Pvt. Ltd.,Private,Opencast,Non-Metallic,NGDR_MajorLease2022,centroid_from_NGDR_lease_polygon
38GUJ08303,Sutrapada Block-E [2865] Limestone Mine,Limestone,mining,20.889386394725356,70.49587699029911,GUJARAT,Junagadh,24.738,Gujarat Heavy Chemicals Ltd.,Private,Opencast,Non-Metallic,NGDR_MajorLease2022,centroid_from_NGDR_lease_polygon
38GUJ08330,Ishwaria [180/p] E Limestone Mine,Limestone,mining,21.722081717201686,69.93810148435306,GUJARAT,Porbandar,22.46,Tata Chemicals Ltd.,Private,Opencast,Non-Metallic,NGDR_MajorLease2022,centroid_from_NGDR_lease_polygon
38GUJ08340,Bhetali [35/p] Limestone Mine,Limestone,mining,20.972829807878917,70.55937220788307,GUJARAT,Junagadh,1.153,Krishna Minerals,Private,Opencast,Non-Metallic,NGDR_MajorLease2022,centroid_from_NGDR_lease_polygon
38GUJ08346,"Shantipura-Januda [78/25,26,31/P Limestone Mine",Limestone,mining,21.027998652395656,70.32940915802408,GUJARAT,Junagadh,41.0,R.J.Trivedi & Co.,Private,Opencast,Non-Metallic,NGDR_MajorLease2022,centroid_from_NGDR_lease_polygon
38GUJ21003,Aniyari [207/p] Limestone Mine,Limestone,mining,21.693604208371823,69.83608366495952,GUJARAT,Porbandar,18.2108,Valjibhai Rudabhai Karena,Private,Opencast,Non-Metallic,NGDR_MajorLease2022,centroid_from_NGDR_lease_polygon
38GUJ08336,Undari [122/p] Limestone Mine,Limestone,mining,20.85808526232768,70.96185411761721,GUJARAT,Junagadh,2.0,Ajay Salt & Chemical Inds.,Private,Opencast,Non-Metallic,NGDR_MajorLease2022,centroid_from_NGDR_lease_polygon
38GUJ10005,Jadua Limestone Mine,Limestone,mining,23.511022804465405,68.604924443135,GUJARAT,Kachchh,1543.1,Sanghi Industries Limited,Private,Opencast,Non-Metallic,NGDR_MajorLease2022,centroid_from_NGDR_lease_polygon
07GUJ07016,"Kennedi-Navadra [506/1,506/3,80/P] Bauxite Mine",Bauxite,mining,22.05312067186774,69.32056654154175,GUJARAT,Devbhumi Dwarka,85.0,Imperial Mining Syndicate,Private,Opencast,Metallic,NGDR_MajorLease2022,centroid_from_NGDR_lease_polygon
07GUJ10008,"Ratadia- Nagrecha [267,133,305] [ML-124] Bauxite Mine",Bauxite,mining,23.0154117449809,69.26230288295126,GUJARAT,Kachchh,204.07,Gujarat Mineral Development Corporation Ltd.,PSU,Opencast,Metallic,NGDR_MajorLease2022,centroid_from_NGDR_lease_polygon
38GUJ08155,"Harnasa [09p,242[p,248p] Limestone Mine",Limestone,mining,20.874184760404763,70.47330281563295,GUJARAT,Junagadh,141.8538,Gujarat Heavy Chemicals Ltd.,Private,Opencast,Non-Metallic,NGDR_MajorLease2022,centroid_from_NGDR_lease_polygon
38GUJ08275,Ajotha [389/p] Limestone Mine,Limestone,mining,20.902856854194358,70.48226593038177,GUJARAT,Junagadh,6.47,Bhagwan Bhimsi Aher,Private,Opencast,Non-Metallic,NGDR_MajorLease2022,centroid_from_NGDR_lease_polygon
07GUJ07019,Kotharia [330/p] Bauxite Mine,Bauxite,mining,22.204989201855476,69.32006552654143,GUJARAT,Devbhumi Dwarka,62.32,Orient Abrasives Ltd.,Private,Opencast,Metallic,NGDR_MajorLease2022,centroid_from_NGDR_lease_polygon
38GUJ10010,ABG Naniber [ML.-751] Limestone Mine,Limestone,mining,23.446824113537918,68.61295807086356,GUJARAT,Kachchh,336.1843,A.B.G Cement Ltd.,Private,Opencast,Non-Metallic,NGDR_MajorLease2022,centroid_from_NGDR_lease_polygon
07GUJ07039,Mordhar-1 [330] Bauxite Mine,Bauxite,mining,22.21584851821491,69.31046574132225,GUJARAT,Devbhumi Dwarka,6.3737,Orient Abrasives Ltd.,Private,Opencast,Metallic,NGDR_MajorLease2022,centroid_from_NGDR_lease_polygon
38GUJ08018,Adityana [5/6p] Limestone Mine,Limestone,mining,21.712701803382934,69.72216099380124,GUJARAT,Porbandar,9.21,Tata Chemicals Ltd.,Private,Opencast,Non-Metallic,NGDR_MajorLease2022,centroid_from_NGDR_lease_polygon
38GUJ08247,Nakhada-B,Limestone,mining,20.921463035011772,70.51549004488243,GUJARAT,Junagadh,7.12,Gujarat Heavy Chemicals Ltd.,Private,Opencast,Non-Metallic,NGDR_MajorLease2022,centroid_from_NGDR_lease_polygon
38GUJ08349,Navagam [218] Limestone Mine,Limestone,mining,20.90470498241744,70.55745794442146,GUJARAT,Junagadh,2.0,Gigabhai Dudhabhai Koli,Private,Opencast,Non-Metallic,NGDR_MajorLease2022,centroid_from_NGDR_lease_polygon
07GUJ07020,Lamba [30/P] Bauxite Mine,Bauxite,mining,21.931713521300495,69.32058222735142,GUJARAT,Devbhumi Dwarka,32.375,Orient Abrasives Ltd.,Private,Opencast,Metallic,NGDR_MajorLease2022,centroid_from_NGDR_lease_polygon
38GUJ07057,Khan Kotra [538] Limestone Mine,Limestone,mining,22.288695969775635,70.27478901852956,GUJARAT,Jamnagar,20.0,Jyotsanaben Bharat Kumar Modi,Private,Opencast,Non-Metallic,NGDR_MajorLease2022,centroid_from_NGDR_lease_polygon
38GUJ07007,Chorbedi-1 Limestone Mine,Limestone,mining,22.08720289575025,69.99694510745495,GUJARAT,Jamnagar,254.89,Shree Digvijay Cement Co. Ltd.,Private,Opencast,Non-Metallic,NGDR_MajorLease2022,centroid_from_NGDR_lease_polygon
38GUJ07008,Chorbedi-2 [1/p] Limestone Mine,Limestone,mining,22.077063286216067,70.01504508003299,GUJARAT,Jamnagar,20.2341,Shree Digvijay Cement Co. Ltd.,Private,Opencast,Non-Metallic,NGDR_MajorLease2022,centroid_from_NGDR_lease_polygon
38GUJ08333,Aniali-B [94/P] Limestone Mine,Limestone,mining,21.6871289463158,69.86795043789475,GUJARAT,Porbandar,6.07,Tata Chemicals Ltd.,Private,Opencast,Non-Metallic,NGDR_MajorLease2022,centroid_from_NGDR_lease_polygon
38GUJ08087,Malundha [185/45] Limestone Mine,Limestone,mining,20.99491075906542,70.3752776953271,GUJARAT,Junagadh,37.23,R.J.Trivedi & Co.,Private,Opencast,Non-Metallic,NGDR_MajorLease2022,centroid_from_NGDR_lease_polygon
38GUJ07091,Bhogat [100] Limestone Mine,Limestone,mining,21.991607142857138,69.20904365079365,GUJARAT,Devbhumi Dwarka,4.9,Nilesh P.Pandya,Private,Opencast,Non-Metallic,NGDR_MajorLease2022,centroid_from_NGDR_lease_polygon
07GUJ14023,Dedhrota Bauxite Mine,Bauxite,mining,23.60823677248677,72.84267976190476,GUJARAT,Sabarkantha,20.0,Alimiya Imamali Saiyad,Private,Opencast,Metallic,NGDR_MajorLease2022,centroid_from_NGDR_lease_polygon
07GUJ07136,Ran [238/p] Bauxite Mine,Bauxite,mining,22.15910069374999,69.31586631937499,GUJARAT,Devbhumi Dwarka,1.6896,Kanaiya Industries,Private,Opencast,Metallic,NGDR_MajorLease2022,centroid_from_NGDR_lease_polygon
07GUJ08009,Vishvada [711/p] Bauxite Mine,Bauxite,mining,21.807464605967738,69.45482750854839,GUJARAT,Porbandar,12.1405,Naresh Prabhudas Makhecha,Private,Opencast,Metallic,NGDR_MajorLease2022,centroid_from_NGDR_lease_polygon
07GUJ08011,Palakhada[ 271] Bauxite Mine,Bauxite,mining,21.775938888999995,69.495933333,GUJARAT,Porbandar,4.89,Indulal Chhabiladas Vora,Private,Opencast,Metallic,NGDR_MajorLease2022,centroid_from_NGDR_lease_polygon
38GUJ08099,Preshnawada-Morasa Limestone Mine,Limestone,mining,20.859550047857073,70.55852233571038,GUJARAT,Junagadh,253.85,Gujarat Sidhee Cement Limited,Private,Opencast,Non-Metallic,NGDR_MajorLease2022,centroid_from_NGDR_lease_polygon
07GUJ08010,Vishvada [731/p] Bauxite Mine,Bauxite,mining,21.796322034745756,69.45628060305084,GUJARAT,Porbandar,20.23,Naresh Prabhudas Makhecha,Private,Opencast,Metallic,NGDR_MajorLease2022,centroid_from_NGDR_lease_polygon
07GUJ09003,"Dakorwada [1044,1045,1046] Bauxite Mine",Bauxite,mining,22.776050980392156,73.1283496732026,GUJARAT,Kheda,5.09,Shri Janak Kumar Kantilal Sadhu Legal heirs of Smt. Pushpaben Harilal Joshi,Private,Opencast,Metallic,NGDR_MajorLease2022,centroid_from_NGDR_lease_polygon
07GUJ09006,"Dakor [1051,1052,1054] Bauxite Mine",Bauxite,mining,22.776297474545448,73.13223661636363,GUJARAT,Kheda,4.0266,Shri Janak Kumar Kantilal Sadhu Legal heirs of Smt. Pushpaben Harilal Joshi,Private,Opencast,Metallic,NGDR_MajorLease2022,centroid_from_NGDR_lease_polygon
07GUJ09007,"Dakorwada [1047,1048,1050] Bauxite Mine",Bauxite,mining,22.776754012345684,73.13022530864197,GUJARAT,Kheda,4.8258,Shri Janak Kumar Kantilal Sadhu Legal heirs of Smt. Pushpaben Harilal Joshi,Private,Opencast,Metallic,NGDR_MajorLease2022,centroid_from_NGDR_lease_polygon
07GUJ10011,Nana Gonyasar [116] [ML-46] Bauxite Mine,Bauxite,mining,22.998610857137496,69.3935271134625,GUJARAT,Kachchh,70.93,Gujarat Mineral Development Corporation Ltd.,PSU,Opencast,Metallic,NGDR_MajorLease2022,centroid_from_NGDR_lease_polygon
38GUJ08314,Fulka [57] Limestone Mine,Limestone,mining,20.86788523653846,70.9306778673077,GUJARAT,Junagadh,3.4196,Nirma Ltd.,Private,Opencast,Non-Metallic,NGDR_MajorLease2022,centroid_from_NGDR_lease_polygon
07GUJ10015,"Naredi I [313/p,188..] [ML-161] Bauxite Mine",Bauxite,mining,23.213704141019967,69.18498614783485,GUJARAT,Kachchh,62.36,Gujarat Mineral Development Corporation Ltd.,PSU,Opencast,Metallic,NGDR_MajorLease2022,centroid_from_NGDR_lease_polygon
38GUJ07011,Gop-1 [Part of S.NO.50] Limestone Mine,Limestone,mining,22.041676810909085,69.92313851727273,GUJARAT,Jamnagar,218.53,Shree Digvijay Cement Co. Ltd.,Private,Opencast,Non-Metallic,NGDR_MajorLease2022,centroid_from_NGDR_lease_polygon
38GUJ07059,Ranpur [209/p] Limestone Mine,Limestone,mining,21.81487142714285,69.67243214142857,GUJARAT,Jamnagar,28.85,Tata Chemicals Ltd.,Private,Opencast,Non-Metallic,NGDR_MajorLease2022,centroid_from_NGDR_lease_polygon
38GUJ07081,Navadara [80/p] Limestone Mine,Limestone,mining,21.932807587560973,69.2575569102439,GUJARAT,Devbhumi Dwarka,15.8015,Dwarkadhish Minerals/Previous Owner-Devram Gordhandas Barai,Private,Opencast,Non-Metallic,NGDR_MajorLease2022,centroid_from_NGDR_lease_polygon
38GUJ08028,Bhod [358/1] Limestone Mine,Limestone,mining,21.692507099999997,69.79360771444446,GUJARAT,Porbandar,13.36,R.R. Minerals,Private,Opencast,Non-Metallic,NGDR_MajorLease2022,centroid_from_NGDR_lease_polygon
38GUJ07010,Gop-2 [50/P] Limestone Mine,Limestone,mining,22.05209741454545,69.9124269,GUJARAT,Jamnagar,58.68,Shree Digvijay Cement Co. Ltd.,Private,Opencast,Non-Metallic,NGDR_MajorLease2022,centroid_from_NGDR_lease_polygon
38GUJ15001,Vastan Limestone Mine,Limestone,mining,21.392543979402983,73.07938862477613,GUJARAT,Surat,80.0,Gujarat Industries Power Co. Ltd.,PSU,Opencast,Non-Metallic,NGDR_MajorLease2022,centroid_from_NGDR_lease_polygon
38GUJ21055,Aniali (15.99 ha) Limestone Mine,Limestone,mining,21.68289305535714,69.85553740071428,GUJARAT,Porbandar,15.9953,Tata Chemicals Ltd.,Private,Opencast,Non-Metallic,NGDR_MajorLease2022,centroid_from_NGDR_lease_polygon
38GUJ21060,"Ranavav [55/1,37/2] Limestone Mine",Limestone,mining,21.68175084458333,69.76272181958333,GUJARAT,Porbandar,31.28,Nirma Ltd. Division of Saurashtra Chemicals,Private,Opencast,Non-Metallic,NGDR_MajorLease2022,centroid_from_NGDR_lease_polygon
38GUJ08299,Sugala Limestone Mine,Limestone,mining,20.897825193571425,70.76618294669714,GUJARAT,Junagadh,417.3584,Ambuja Cements Limited,Private,Opencast,Non-Metallic,NGDR_MajorLease2022,centroid_from_NGDR_lease_polygon
24GUJ18003,"Ambadungar [11P,77, Old 40 paiki] Fluorspar Mine",Fluorspar,mining,21.99587742231785,74.06035016538593,GUJARAT,Vadodara,32.0,Gujarat Mineral Development Corporation Ltd.,PSU,Opencast,Non-Metallic,NGDR_MajorLease2022,centroid_from_NGDR_lease_polygon
24GUJ18002,Ambadungar [40] Fluorspar Mine,Fluorspar,mining,21.995345553639854,74.06362686590037,GUJARAT,Vadodara,31.21,Gujarat Mineral Development Corporation Ltd.,PSU,Opencast,Non-Metallic,NGDR_MajorLease2022,centroid_from_NGDR_lease_polygon
38GUJ07080,Vasai [129] Limestone Mine,Limestone,mining,22.351535446671722,68.99903341782266,GUJARAT,Devbhumi Dwarka,4.2467,Rajesh Sadulbha Ker,Private,Opencast,Non-Metallic,NGDR_MajorLease2022,centroid_from_NGDR_lease_polygon
07GUJ09005,Dakorwada [1054 TO 1057] Bauxite Mine,Bauxite,mining,22.779624074166662,73.13238935083334,GUJARAT,Kheda,5.5138,Shri Janak Kumar Kantilal Sadhu Legal heirs of Smt. Pushpaben Harilal Joshi,Private,Opencast,Metallic,NGDR_MajorLease2022,centroid_from_NGDR_lease_polygon
07GUJ09017,Taiyabpura [100/328] Bauxite Mine,Bauxite,mining,23.037996947,73.084715277,GUJARAT,Kheda,7.83,Janak Kumar Kantilal Sadhu,Private,Opencast,Metallic,NGDR_MajorLease2022,centroid_from_NGDR_lease_polygon
38GUJ07092,"Patan Limestone Mine Survey No. 185(old), 288 (New) Limestone Mine",Limestone,mining,21.810313812927323,70.03685753111682,GUJARAT,Jamnagar,911.4145,Nirma Ltd.,Private,Opencast,Non-Metallic,NGDR_MajorLease2022,centroid_from_NGDR_lease_polygon
38GUJ08078,Khorasa [397/P] Limestone Mine,Limestone,mining,21.042606349206356,70.33201587301586,GUJARAT,Junagadh,1.0,Babubhai Kalabhai Vaja,Private,Opencast,Non-Metallic,NGDR_MajorLease2022,centroid_from_NGDR_lease_polygon
07GUJ09019,Taiyabpura [328/A][Road Wali] Bauxite Mine,Bauxite,mining,23.040507407407404,73.08038259259258,GUJARAT,Kheda,1.0,Janak Kumar Kantilal Sadhu,Private,Opencast,Metallic,NGDR_MajorLease2022,centroid_from_NGDR_lease_polygon
38GUJ07067,Gojiness [78/1] Limestone Mine,Limestone,mining,22.003778194499994,69.1923327775,GUJARAT,Devbhumi Dwarka,14.4,Raghuvir Industries,Private,Opencast,Non-Metallic,NGDR_MajorLease2022,centroid_from_NGDR_lease_polygon
38GUJ08177,Aniali-Ranabordi [207/p] Limestone Mine,Limestone,mining,21.7081882375,69.946642955,GUJARAT,Porbandar,16.21,Tata Chemicals Ltd.,Private,Opencast,Non-Metallic,NGDR_MajorLease2022,centroid_from_NGDR_lease_polygon
38GUJ08277,Fulka [44] Limestone Mine,Limestone,mining,20.868500967391302,70.93793683652174,GUJARAT,Junagadh,4.7146,Nirma Ltd.,Private,Opencast,Non-Metallic,NGDR_MajorLease2022,centroid_from_NGDR_lease_polygon
38GUJ08288,Khorasa [397/p] Limestone Mine,Limestone,mining,21.04305046296296,70.3327875,GUJARAT,Junagadh,1.0,Rudabhai Devshibhai Vadher,Private,Opencast,Non-Metallic,NGDR_MajorLease2022,centroid_from_NGDR_lease_polygon
38GUJ08315,Dhrabavad [101] Limestone Mine,Limestone,mining,20.856056003124998,70.898546279375,GUJARAT,Junagadh,2.5293,Nirma Ltd.,Private,Opencast,Non-Metallic,NGDR_MajorLease2022,centroid_from_NGDR_lease_polygon
38GUJ08335,Damasa [110/p] Limestone Mine,Limestone,mining,20.847720555714282,70.96165019857143,GUJARAT,Junagadh,2.8328,Nirma Ltd.,Private,Opencast,Non-Metallic,NGDR_MajorLease2022,centroid_from_NGDR_lease_polygon
38GUJ07042,Pachhtar [160/p] Limestone Mine,Limestone,mining,21.8499479165,69.7157344445,GUJARAT,Jamnagar,116.0544,Tata Chemicals Ltd.,Private,Opencast,Non-Metallic,NGDR_MajorLease2022,centroid_from_NGDR_lease_polygon
07GUJ07024,Mahadeviya,Bauxite,mining,22.05080615038665,69.30653105935056,GUJARAT,Devbhumi Dwarka,168.3124,Nirmala Ben S. Mehta,Private,Opencast,Metallic,NGDR_MajorLease2022,centroid_from_NGDR_lease_polygon
07GUJ07048,Nandana [529/New 838/p] Bauxite Mine,Bauxite,mining,22.15197899511163,69.28217627402317,GUJARAT,Devbhumi Dwarka,0.0,Minerals & Minerals Corp.,Private,Opencast,Metallic,NGDR_MajorLease2022,centroid_from_NGDR_lease_polygon
07GUJ07063,Varada-1[330/P] Bauxite Mine,Bauxite,mining,22.24172517629571,69.31780384575693,GUJARAT,Devbhumi Dwarka,11.33,Orient Abrasives Ltd.,Private,Opencast,Metallic,NGDR_MajorLease2022,centroid_from_NGDR_lease_polygon
38GUJ08228,Bhimdeol (Khamba) [150/p] Limestone Mine,Limestone,mining,20.950361299156615,70.60956061727936,GUJARAT,Junagadh,4.6735,Gujarat Heavy Chemicals Ltd.,Private,Opencast,Non-Metallic,NGDR_MajorLease2022,centroid_from_NGDR_lease_polygon
38GUJ08231,Adityana [229] Limestone Mine,Limestone,mining,21.740396120789217,69.69848810663835,GUJARAT,Porbandar,1.0995,Tata Chemicals Ltd.,Private,Opencast,Non-Metallic,NGDR_MajorLease2022,centroid_from_NGDR_lease_polygon
07GUJ07111,Sultani [110/1] Bauxite Mine,Bauxite,mining,22.254696896201988,69.325026152412,GUJARAT,Devbhumi Dwarka,53.61,Ramniklal Mulji Thanki,Private,Opencast,Metallic,NGDR_MajorLease2022,centroid_from_NGDR_lease_polygon
38GUJ08289,Kukras [68 pakki] Limestone Mine,Limestone,mining,21.667607970941486,69.73730128605915,GUJARAT,Porbandar,0.57,Bipin Chandra Amrutlal Pandit,Private,Opencast,Non-Metallic,NGDR_MajorLease2022,centroid_from_NGDR_lease_polygon
38GUJ12002,Pavdi 103/1 Limestone Mine,Limestone,mining,22.95670321539366,74.21872919773364,GUJARAT,Dohad,65.86,Panchmahal Cements Co. Ltd.,Private,Opencast,Non-Metallic,NGDR_MajorLease2022,centroid_from_NGDR_lease_polygon
07GUJ07049,Nandana [171/p] Bauxite Mine,Bauxite,mining,22.129208718081095,69.31660975782887,GUJARAT,Devbhumi Dwarka,1.2141,Minerals & Minerals Corp.,Private,Opencast,Metallic,NGDR_MajorLease2022,centroid_from_NGDR_lease_polygon
07GUJ07138,Bhopalka [560] Bauxite Mine,Bauxite,mining,22.12388639478425,69.3324806152701,GUJARAT,Devbhumi Dwarka,14.164,Bauxite Mining Industries (India) Pvt. Ltd.,Private,Opencast,Metallic,NGDR_MajorLease2022,centroid_from_NGDR_lease_polygon
07GUJ07140,Khakhada [768/1p] Bauxite Mine,Bauxite,mining,22.111117609920036,69.33666499911016,GUJARAT,Devbhumi Dwarka,34.8,Bauxite Mining Industries (India) Pvt. Ltd.,Private,Opencast,Metallic,NGDR_MajorLease2022,centroid_from_NGDR_lease_polygon
38GUJ08020,Ashok Minerals [94/2] Limestone Mine,Limestone,mining,21.686588184545453,69.86501709727273,GUJARAT,Porbandar,3.2375,H.B.Keshwala,Private,Opencast,Non-Metallic,NGDR_MajorLease2022,centroid_from_NGDR_lease_polygon
38GUJ08253,Sutrpada-B Limestone Mine,Limestone,mining,20.86861305168024,70.51006658075855,GUJARAT,Junagadh,8.0,Gujarat Heavy Chemicals Ltd.,Private,Opencast,Non-Metallic,NGDR_MajorLease2022,centroid_from_NGDR_lease_polygon
38GUJ08053,"Godhana [60,71] Limestone Mine",Limestone,mining,21.79413111542918,69.66001242221337,GUJARAT,PORBANDAR,86.65,Tata Chemicals Ltd.,Private,Opencast,Non-Metallic,NGDR_MajorLease2022,centroid_from_NGDR_lease_polygon
38GUJ08057,Inaj Limestone Mine,Limestone,mining,20.99416852481837,70.42352825151774,GUJARAT,Junagadh,16.59,Aher Bhagwan Bhimsi,Private,Opencast,Non-Metallic,NGDR_MajorLease2022,centroid_from_NGDR_lease_polygon
07GUJ07050,Navadra [80/160] Bauxite Mine,Bauxite,mining,21.952459907305602,69.2715484538368,GUJARAT,Devbhumi Dwarka,13.57,Imperial Mining Syndicate,Private,Opencast,Metallic,NGDR_MajorLease2022,centroid_from_NGDR_lease_polygon
07GUJ07065,Virpur [153] Bauxite Mine,Bauxite,mining,22.246787706549664,69.32158833493175,GUJARAT,Devbhumi Dwarka,5.18,Arun Kumar Gordhandas Malkan (M/s GANGA DOSA & COMPANY),Private,Opencast,Metallic,NGDR_MajorLease2022,centroid_from_NGDR_lease_polygon
07GUJ07002,"Asota-Mevasa [352,365,372,271] Bauxite Mine",Bauxite,mining,22.21751502202053,69.3313641156375,GUJARAT,Devbhumi Dwarka,682.3892,Bombay Minerals Ltd.,Private,Opencast,Metallic,NGDR_MajorLease2022,centroid_from_NGDR_lease_polygon
07GUJ07031,Mevasa - I [437&396] Bauxite Mine,Bauxite,mining,22.229393619390123,69.31857156729352,GUJARAT,Devbhumi Dwarka,186.96,Gujarat Mineral Development Corporation Ltd.,PSU,Opencast,Metallic,NGDR_MajorLease2022,centroid_from_NGDR_lease_polygon
38GUJ02008,Gujarat Ambuja Limestone Mine [44] Limestone Mine,Limestone,mining,20.851568505047457,70.70812791807307,GUJARAT,Junagadh,108.97,Ambuja Cements Limited,Private,Opencast,Non-Metallic,NGDR_MajorLease2022,centroid_from_NGDR_lease_polygon
07GUJ07044,"Nandana-1 [243,103] Bauxite Mine",Bauxite,mining,22.127529939611833,69.3168059242504,GUJARAT,Devbhumi Dwarka,188.3,Bombay Minerals Ltd.,Private,Opencast,Metallic,NGDR_MajorLease2022,centroid_from_NGDR_lease_polygon
07GUJ07097,Pilidhar Bauxite Mine [110/136] Bauxite Mine,Bauxite,mining,22.27050844254891,69.31793620842329,GUJARAT,Devbhumi Dwarka,121.4054,Dalmia Refractories Ltd.,Private,Opencast,Metallic,NGDR_MajorLease2022,centroid_from_NGDR_lease_polygon
38GUJ02011,"Varshwarup-Bhakodar [71/1,94/8,98] Limestone Mine",Limestone,mining,20.887293505431707,71.4648286735481,GUJARAT,Amreli,84.4475,Ultratech Cement Limited,Private,Opencast,Non-Metallic,NGDR_MajorLease2022,centroid_from_NGDR_lease_polygon
38GUJ08212,Rangpur [129/p] Limestone Mine,Limestone,mining,20.92519505453134,70.66349710744845,GUJARAT,Junagadh,88.0,Gujarat Heavy Chemicals Ltd.,Private,Opencast,Non-Metallic,NGDR_MajorLease2022,centroid_from_NGDR_lease_polygon
07GUJ10022,Roha-Kotda Jarok [ML-623] Bauxite Mine,Bauxite,mining,23.17174097056529,69.22802411148028,GUJARAT,Kachchh,360.36,Gujarat Mineral Development Corporation Ltd.,PSU,Opencast,Metallic,NGDR_MajorLease2022,centroid_from_NGDR_lease_polygon
38GUJ08239,Meghpur [Block-A] Limestone Mine,Limestone,mining,20.91006980807265,70.45658486048815,GUJARAT,Junagadh,10.5218,Gujarat Heavy Chemicals Ltd.,Private,Opencast,Non-Metallic,NGDR_MajorLease2022,centroid_from_NGDR_lease_polygon
38GUJ31001,Lodhva Limestone Mine Limestone Mine,Limestone,mining,20.82640312963422,70.58004441129762,GUJARAT,Gir Somnath,505.6839,Ambuja Cements Limited,Private,Opencast,Non-Metallic,NGDR_MajorLease2022,centroid_from_NGDR_lease_polygon
38GUJ08241,"Ajotha-A [102,108/2,139.] Limestone Mine",Limestone,mining,20.902347912793115,70.47729166368434,GUJARAT,Junagadh,41.2299,Gujarat Heavy Chemicals Ltd.,Private,Opencast,Non-Metallic,NGDR_MajorLease2022,centroid_from_NGDR_lease_polygon
07GUJ30001,"Lamba Bauxite Mine, 1883/P Bauxite Mine",Bauxite,mining,21.920557868714997,69.29484892272829,GUJARAT,Devbhumi Dwarka,19.678,Industrial Minerals,Private,Opencast,Metallic,NGDR_MajorLease2022,centroid_from_NGDR_lease_polygon
38GUJ08273,"Sutrapada Block-D[1483,1488/1,1496] Limestone Mine",Limestone,mining,20.85719869865332,70.4940412354857,GUJARAT,Junagadh,34.2873,Gujarat Heavy Chemicals Ltd.,Private,Opencast,Non-Metallic,NGDR_MajorLease2022,centroid_from_NGDR_lease_polygon
38GUJ05007,MRMRJ Limestone Mine Limestone Mine,Limestone,mining,21.183667330818842,72.05595176768294,GUJARAT,Bhavnagar,499.7236,Ultratech Cement Limited,Private,Opencast,Non-Metallic,NGDR_MajorLease2022,centroid_from_NGDR_lease_polygon
38GUJ05008,"KDK Limestone Mine (Kotda, Dayal & Kalsar Limestone Mine",Limestone,mining,21.139464381012704,71.95011741637869,GUJARAT,Bhavnagar,632.0064,Ultratech Cement Limited,Private,Opencast,Non-Metallic,NGDR_MajorLease2022,centroid_from_NGDR_lease_polygon
38GUJ13004,Rabarika [338/P] Limestone Mine,Limestone,mining,21.808567222222216,70.60252333333334,GUJARAT,Rajkot,4.0,Natwarlal Bavanjibhai Vaghasiya,Private,Opencast,Non-Metallic,NGDR_MajorLease2022,centroid_from_NGDR_lease_polygon
38GUJ21097,Aniali [207/p] Limestone Mine,Limestone,mining,21.709071666666656,69.82996722222224,GUJARAT,Porbandar,21.04,Tata Chemicals Ltd.,Private,Opencast,Non-Metallic,NGDR_MajorLease2022,centroid_from_NGDR_lease_polygon
38GUJ21100,Ishwaria [180/p] Limestone Mine,Limestone,mining,21.715844444444443,69.93440416666668,GUJARAT,Porbandar,14.37,Tata Chemicals Ltd.,Private,Opencast,Non-Metallic,NGDR_MajorLease2022,centroid_from_NGDR_lease_polygon
38GUJ21101,"Roghada Limestone Mine, [46/2P & 46/4/1P] Limestone Mine",Limestone,mining,21.65771358055555,70.06353101833332,GUJARAT,Porbandar,4.0,Mirkhibhai Jetabhai Vanda,Private,Opencast,Non-Metallic,NGDR_MajorLease2022,centroid_from_NGDR_lease_polygon
38GUJ21080,Ranavav [250/2] Limestone Mine,Limestone,mining,21.695507046705984,69.74774025235303,GUJARAT,Porbandar,7.65,Ismile Nathabhai Isani,Private,Opencast,Non-Metallic,NGDR_MajorLease2022,centroid_from_NGDR_lease_polygon
38GUJ21095,Boricha [22/2] Limestone Mine,Limestone,mining,21.754736497973227,69.68482553227756,GUJARAT,PORBANDAR,101.17,Nirma Ltd. Division of Saurashtra Chemicals,Private,Opencast,Non-Metallic,NGDR_MajorLease2022,centroid_from_NGDR_lease_polygon
07GUJ09027,Sorna (551/P) Bauxite Mine,Bauxite,mining,22.976805294354193,73.08438028457257,GUJARAT,Kheda,26.2196,Sanjay Kumar Trikamlal Shah,Private,Opencast,Metallic,NGDR_MajorLease2022,centroid_from_NGDR_lease_polygon
07GUJ10012,Wandh-1 [418] [ML-47] Bauxite Mine,Bauxite,mining,23.009469034332625,69.39038587331684,GUJARAT,Kachchh,73.38,Gujarat Mineral Development Corporation Ltd.,PSU,Opencast,Metallic,NGDR_MajorLease2022,centroid_from_NGDR_lease_polygon
38GUJ10009,Kharai-Harudi (ML 760) Limestone Mine,Limestone,mining,23.47910240738611,68.67305432712995,GUJARAT,Kachchh,2831.61,Ultratech Cement Limited,Private,Opencast,Non-Metallic,NGDR_MajorLease2022,centroid_from_NGDR_lease_polygon
07GUJ07004,Avariyar-2 [330/p] Bauxite Mine,Bauxite,mining,22.222336345067387,69.31957762582826,GUJARAT,Devbhumi Dwarka,50.18,Orient Abrasives Ltd.,Private,Opencast,Metallic,NGDR_MajorLease2022,centroid_from_NGDR_lease_polygon
07GUJ07045,Nandana-1 [529/P] Bauxite Mine,Bauxite,mining,22.16391575800066,69.27170752818249,GUJARAT,Devbhumi Dwarka,50.83,Orient Abrasives Ltd.,Private,Opencast,Metallic,NGDR_MajorLease2022,centroid_from_NGDR_lease_polygon
38GUJ08345,Morasa Vavdi Limestone Mine,Limestone,mining,20.858167656006934,70.5317945015275,GUJARAT,Gir Somnath,93.1407,Gujarat Sidhee Cement Ltd.,Private,Opencast,Non-Metallic,NGDR_MajorLease2022,centroid_from_NGDR_lease_polygon
38GUJ07071,Gurgadh [404/p] Limestone Mine,Limestone,mining,22.20717948591374,69.21026735461918,GUJARAT,Devbhumi Dwarka,12.0,Chandersh Babulal Bedyani C/o M/s Jalaram Minerals,Private,Opencast,Non-Metallic,NGDR_MajorLease2022,centroid_from_NGDR_lease_polygon
38GUJ08341,Bhetali [61/p] Limestone Mine,Limestone,mining,20.961488430505092,70.53936631667891,GUJARAT,Junagadh,51.922,Bharat Chemical Industries,Private,Opencast,Non-Metallic,NGDR_MajorLease2022,centroid_from_NGDR_lease_polygon
38GUJ21008,Aniyari[21/p] Limestone Mine,Limestone,mining,21.682621607323863,69.85292504747528,GUJARAT,Porbandar,2.4281,Ramniklal Karsandas Amlani,Private,Opencast,Non-Metallic,NGDR_MajorLease2022,centroid_from_NGDR_lease_polygon
38GUJ05001,Kalsar-1 [360/1 Paiki] Limestone Mine,Limestone,mining,21.119357988774322,71.89119606400091,GUJARAT,Bhavnagar,20.0,Sandeep Cement (P) Ltd.,Private,Opencast,Non-Metallic,NGDR_MajorLease2022,centroid_from_NGDR_lease_polygon
38GUJ07035,Pachhtar 3 [225] Limestone Mine,Limestone,mining,21.85991606029361,69.69708159389587,GUJARAT,Jamnagar,52.6,Shree Digvijay Cement Co. Ltd.,Private,Opencast,Non-Metallic,NGDR_MajorLease2022,centroid_from_NGDR_lease_polygon
07GUJ07015,Kennedi [352] Bauxite Mine,Bauxite,mining,22.082401644412876,69.30511033142126,GUJARAT,Devbhumi Dwarka,32.3748,Bharat Abrassive & Chemical Ind.,Private,Opencast,Metallic,NGDR_MajorLease2022,centroid_from_NGDR_lease_polygon
07GUJ07103,Mevasa [208/407] Bauxite Mine,Bauxite,mining,22.230603405716614,69.33427526020554,GUJARAT,Devbhumi Dwarka,2.9947,Saurashtra Calcine Bxt.& Allied Ind. Ltd.,Private,Opencast,Metallic,NGDR_MajorLease2022,centroid_from_NGDR_lease_polygon
07GUJ07134,Virpur [58/183] Bauxite Mine,Bauxite,mining,22.26803673241381,69.32130731330983,GUJARAT,Devbhumi Dwarka,4.6461,Carborundam Universal Ltd.,Private,Opencast,Metallic,NGDR_MajorLease2022,centroid_from_NGDR_lease_polygon
38GUJ07012,Mokhana [49 & part of 50] Limestone Mine,Limestone,mining,21.88707068934095,69.73796153866918,GUJARAT,Jamnagar,58.68,Shree Digvijay Cement Co. Ltd.,Private,Opencast,Non-Metallic,NGDR_MajorLease2022,centroid_from_NGDR_lease_polygon
38GUJ08254,Adityana Limestone & Marl Mines,Limestone,mining,21.730821652466087,69.69257234685527,GUJARAT,Porbandar,643.03,Saurashtra Cements Limited,Private,Opencast,Non-Metallic,NGDR_MajorLease2022,centroid_from_NGDR_lease_polygon
07GUJ07037,Mevasa-3 [143] Bauxite Mine,Bauxite,mining,22.23258945450048,69.3279390100363,GUJARAT,Devbhumi Dwarka,6.7684,Orient Abrasives Ltd.,Private,Opencast,Metallic,NGDR_MajorLease2022,centroid_from_NGDR_lease_polygon
07GUJ08004,"Palakhada [185,286,290,299] Bauxite Mine",Bauxite,mining,21.7652753105392,69.48931080491319,GUJARAT,Porbandar,65.3971,Saurashtra Minerals Private Ltd.,Private,Opencast,Metallic,NGDR_MajorLease2022,centroid_from_NGDR_lease_polygon
07GUJ07119,Kennedi [352/p] Bauxite Mine,Bauxite,mining,22.046454138027652,69.32878185829436,GUJARAT,Devbhumi Dwarka,17.9073,Saurashtra Calcine Bxt.& Allied Ind. Ltd.,Private,Opencast,Metallic,NGDR_MajorLease2022,centroid_from_NGDR_lease_polygon
07GUJ07069,"Virpur-2 [72,73] Bauxite Mine",Bauxite,mining,22.26417261422538,69.3077875373725,GUJARAT,Devbhumi Dwarka,13.4851,Orient Abrasives Ltd.,Private,Opencast,Metallic,NGDR_MajorLease2022,centroid_from_NGDR_lease_polygon
07GUJ07101,Nandana-2[431/p] Bauxite Mine,Bauxite,mining,22.16198441033535,69.26232859581604,GUJARAT,Devbhumi Dwarka,106.837,Orient Abrasives Ltd.,Private,Opencast,Metallic,NGDR_MajorLease2022,centroid_from_NGDR_lease_polygon
38GUJ08304,Sutrapada Block-F [1556] Limestone Mine,Limestone,mining,20.8686642556137,70.49132525620676,GUJARAT,Junagadh,12.6213,Gujarat Heavy Chemicals Ltd.,Private,Opencast,Non-Metallic,NGDR_MajorLease2022,centroid_from_NGDR_lease_polygon
38GUJ08026,Bhod [358/3] Limestone Mine,Limestone,mining,21.688848372737077,69.79316905168054,GUJARAT,Porbandar,71.519,Nirma Ltd. Division of Saurashtra Chemicals,Private,Opencast,Non-Metallic,NGDR_MajorLease2022,centroid_from_NGDR_lease_polygon
38GUJ08007,Adityana [135 tO 225] Limestone Mine,Limestone,mining,21.726759383703477,69.70630679992755,GUJARAT,Porbandar,97.61,Nirma Ltd. Division of Saurashtra Chemicals,Private,Opencast,Non-Metallic,NGDR_MajorLease2022,centroid_from_NGDR_lease_polygon
38GUJ08011,"Adityana [5/6/46,10/2,24/1] Limestone Mine",Limestone,mining,21.72604826811623,69.70733795320638,GUJARAT,Porbandar,5.0,Vasant Lalji Thakkar,Private,Opencast,Non-Metallic,NGDR_MajorLease2022,centroid_from_NGDR_lease_polygon
38GUJ08022,Bhanduri II [57] Limestone Mine,Limestone,mining,21.101901425530006,70.30233836352573,GUJARAT,Junagadh,10.6938,Ajmera Cement Pvt. Ltd.,Private,Opencast,Non-Metallic,NGDR_MajorLease2022,centroid_from_NGDR_lease_polygon
38GUJ08162,Dhamanva Gabha,Limestone,mining,20.99744359615023,70.50873864056695,GUJARAT,Junagadh,60.712,Gujarat Heavy Chemicals Ltd.,Private,Opencast,Non-Metallic,NGDR_MajorLease2022,centroid_from_NGDR_lease_polygon
38GUJ08042,Dhamanva & Gabha Limestone Mine [239/p] 38GUJ08162 (Gabha) Limestone Mine,Limestone,mining,21.00649877778287,70.51913275243602,GUJARAT,Junagadh,60.712,Gujarat Heavy Chemicals Ltd.,Private,Opencast,Non-Metallic,NGDR_MajorLease2022,centroid_from_NGDR_lease_polygon
38GUJ08147,Ishwaria Limestone Mine,Limestone,mining,21.70819560052748,69.92809598400454,GUJARAT,Porbandar,13.15,Tata Chemicals Ltd.,Private,Opencast,Non-Metallic,NGDR_MajorLease2022,centroid_from_NGDR_lease_polygon
38GUJ08258,"Solaj [228,34,261,68,45..] Limestone Mine",Limestone,mining,20.855139700910648,70.62429122993612,GUJARAT,Junagadh,200.8184,Ambuja Cements Limited,Private,Opencast,Non-Metallic,NGDR_MajorLease2022,centroid_from_NGDR_lease_polygon
38GUJ08271,Nakhada-A & B [101/1p] Limestone Mine,Limestone,mining,20.92720559327019,70.51233877794932,GUJARAT,Junagadh,77.79,Gujarat Heavy Chemicals Ltd.,Private,Opencast,Non-Metallic,NGDR_MajorLease2022,centroid_from_NGDR_lease_polygon
38GUJ08311,Ankolali [1(p) Limestone Mine,Limestone,mining,20.87512093186573,70.92523448894062,GUJARAT,Junagadh,4.56,Nirma Ltd.,Private,Opencast,Non-Metallic,NGDR_MajorLease2022,centroid_from_NGDR_lease_polygon
38GUJ08339,Vadnagar,Limestone,mining,20.83093094481386,70.71810176019534,GUJARAT,Junagadh,85.3108,Ambuja Cements Ltd.,Private,Opencast,Non-Metallic,NGDR_MajorLease2022,centroid_from_NGDR_lease_polygon
38GUJ12001,Kharod [301] Block No.1 Limestone Mine,Limestone,mining,22.884452334116084,74.23333605958886,GUJARAT,Dohad,48.56,Panchmahal Cements Co. Ltd.,Private,Opencast,Non-Metallic,NGDR_MajorLease2022,centroid_from_NGDR_lease_polygon
38GUJ08362,Menn [98] Limestone Mine,Limestone,mining,20.888874625614207,71.01268360242602,GUJARAT,Junagadh,23.735,Shrivastav Hightech P. Complex Pvt. Ltd,Private,Opencast,Non-Metallic,NGDR_MajorLease2022,centroid_from_NGDR_lease_polygon
38GUJ07009,Ghunda,Limestone,mining,22.075988835862958,69.98541790272076,GUJARAT,Jamnagar,101.05,Shree Digvijay Cement Co. Ltd.,Private,Opencast,Non-Metallic,NGDR_MajorLease2022,centroid_from_NGDR_lease_polygon
38GUJ02017,Babarkot Limestone Mine2 Limestone Mine,Limestone,mining,20.879364417989414,71.40540806878306,GUJARAT,Amreli,14.2045,Ultratech Cement Limited,Private,Opencast,Non-Metallic,NGDR_MajorLease2022,centroid_from_NGDR_lease_polygon
38GUJ21029,"Bharwada [146/P,801] Limestone Mine",Limestone,mining,21.77446461730769,69.56084572884616,GUJARAT,Porbandar,20.94,Nirma Ltd. Division of Saurashtra Chemicals,Private,Opencast,Non-Metallic,NGDR_MajorLease2022,centroid_from_NGDR_lease_polygon
07GUJ09018,Amratpura [162 pakki] Bauxite Mine,Bauxite,mining,22.819689378369375,73.12030118951151,GUJARAT,Kheda,6.0,Janak Kumar Kantilal Sadhu,Private,Opencast,Metallic,NGDR_MajorLease2022,centroid_from_NGDR_lease_polygon
07GUJ02001,Chhelana (114/B) Bauxite Mine,Bauxite,mining,20.906850346874997,71.2243190975,GUJARAT,Amreli,12.676,Pratap Singh A. Mori,Private,Opencast,Metallic,NGDR_MajorLease2022,centroid_from_NGDR_lease_polygon
07GUJ07009,Hadmatia [121/p] Bauxite Mine,Bauxite,mining,22.027849206428566,69.30923611142858,GUJARAT,Devbhumi Dwarka,12.95,Saurashtra Calcine Bxt.& Allied Ind. Ltd.,Private,Opencast,Metallic,NGDR_MajorLease2022,centroid_from_NGDR_lease_polygon
38GUJ10008,Harudi Kharai [ML 769] Limestone Mine,Limestone,mining,23.490346714615384,68.69735678788462,GUJARAT,Kachchh,659.0,Ultratech Cement Limited,Private,Opencast,Non-Metallic,NGDR_MajorLease2022,centroid_from_NGDR_lease_polygon
38GUJ05003,Talli Bambhor Mine Limestone Mine,Limestone,mining,21.16196203646017,71.97498811982301,GUJARAT,Bhavnagar,193.3269,Ultratech Cement Limited,Private,Opencast,Non-Metallic,NGDR_MajorLease2022,centroid_from_NGDR_lease_polygon
38GUJ15002,Tadkeshwar Limestone Mine,Limestone,mining,21.36588377445385,73.06998817917606,GUJARAT,Surat,964.4401,Gujarat Mineral Development Corporation Ltd.,PSU,Opencast,Non-Metallic,NGDR_MajorLease2022,centroid_from_NGDR_lease_polygon
38GUJ08272,"Sutrapada Block-C [1976,1951,1594] Limestone Mine",Limestone,mining,20.854076497066554,70.47715468087672,GUJARAT,Junagadh,71.4019,Gujarat Heavy Chemicals Ltd.,Private,Opencast,Non-Metallic,NGDR_MajorLease2022,centroid_from_NGDR_lease_polygon
38GUJ08351,"Singsar, Barevala&Thordi Limestone Mine",Limestone,mining,20.809554430577325,70.61600639916439,GUJARAT,Junagadh,728.1156,Ambuja Cements Limited,Private,Opencast,Non-Metallic,NGDR_MajorLease2022,centroid_from_NGDR_lease_polygon
07GUJ10016,Mothala Balachod [ML-627] Bauxite Mine,Bauxite,mining,23.247989227321906,69.15446630549391,GUJARAT,Kachchh,280.7686,Gujarat Mineral Development Corporation Ltd.,PSU,Opencast,Metallic,NGDR_MajorLease2022,centroid_from_NGDR_lease_polygon
38GUJ05005,Padhiarka Doliya Limestone Mine Limestone Mine,Limestone,mining,21.025646967393232,71.68160503204102,GUJARAT,BHavnagar,332.24,Nirma Ltd.,Private,Opencast,Non-Metallic,NGDR_MajorLease2022,centroid_from_NGDR_lease_polygon
BMCGNR01,Vadhera-Rohisa Balana Limestone Mine Limestone Mine,Limestone,mining,20.832184862078623,71.25486195358923,GUJARAT,Amreli,891.7185,HeidelBerg Cement India Ltd,Private,Opencast,Non-Metallic,NGDR_MajorLease2022,centroid_from_NGDR_lease_polygon
38GUJ05004,Vangar & Madhiya Limestone Mine Limestone Mine,Limestone,mining,21.046755735126393,71.66426959727752,GUJARAT,BHavnagar,612.1336,Nirma Ltd.,Private,Opencast,Non-Metallic,NGDR_MajorLease2022,centroid_from_NGDR_lease_polygon
38GUJ05006,Gujarda Dudheri Dudhala Limestone Mine Limestone Mine,Limestone,mining,21.040197400804047,71.70747783095545,GUJARAT,BHavnagar,681.62,Nirma Ltd.,Private,Opencast,Non-Metallic,NGDR_MajorLease2022,centroid_from_NGDR_lease_polygon
38GUJ02018,Babarkot Limestone Mine1 Limestone Mine,Limestone,mining,20.894260236709183,71.40434937210465,GUJARAT,Amreli,49.8454,Ultratech Cement Limited,Private,Opencast,Non-Metallic,NGDR_MajorLease2022,centroid_from_NGDR_lease_polygon
07JHK12012,Pakhar Bauxite Mine Area_109507,Bauxite,mining,23.558174468302273,84.62017745716692,JHARKHAND,Lohardaga,109.507,M/s Minerals & Minerals Ltd,Private,Opencast,Metallic,NGDR_MajorLease2022,centroid_from_NGDR_lease_polygon
07BHR32027,Lupungpat Bauxite Mine Area_6216,Bauxite,mining,23.224636103162794,84.26443376748094,JHARKHAND,Gumla,62.159,M P Mittal,Private,Opencast,Metallic,NGDR_MajorLease2022,centroid_from_NGDR_lease_polygon
38BHR11006,Kurkutta Limestone Mine Area_35771,Limestone,mining,23.70803126714123,85.34856928356537,JHARKHAND,Hazaribagh,35.771,Sri Durga,Private,Opencast,Non-Metallic,NGDR_MajorLease2022,centroid_from_NGDR_lease_polygon
38BHR18006,Semra/Salatua Limestone Mine Area_104384,Limestone,mining,24.003176040784446,83.95935154535306,JHARKHAND,Palamu,1043.41,M/s J S M D C Limited,SPSU,Opencast,Non-Metallic,NGDR_MajorLease2022,centroid_from_NGDR_lease_polygon
07BHR32004,Chirodih Bauxite Mine Area_1659,Bauxite,mining,23.33967075657992,84.26277945767303,JHARKHAND,Gumla,16.59,P S Garg,Private,Opencast,Metallic,NGDR_MajorLease2022,centroid_from_NGDR_lease_polygon
07BHR32009,Jalim & Sanai Bauxite Mine Area_12944,Bauxite,mining,23.424197021895097,84.43381565966503,JHARKHAND,Gumla,12.14,M/s Hindalco Industies Limited,Private,Opencast,Metallic,NGDR_MajorLease2022,centroid_from_NGDR_lease_polygon
30BHR27011,Itarbaljori GOURI SANKAR SARDA,Iron Ore,mining,22.187720716387997,85.52895716831873,JHARKHAND,Pashchimi Singhbhum,57.466,"Gouri Shankar Sarda, 23/24,Radha Bazar Street,Kolkata-700001`",Private,Opencast,Metallic,NGDR_MajorLease2022,centroid_from_NGDR_lease_polygon
28JHK14003,Pachgarha Khurd Graphite Mine Area_34,Graphite,mining,24.244295919615166,83.95120947325276,JHARKHAND,Palamu,3.4,Sri S K Poddar,Private,Opencast,Non-Metallic,NGDR_MajorLease2022,centroid_from_NGDR_lease_polygon
38BHR11007,Religarha Limestone Mine Area_49058,Limestone,mining,23.710587373272915,85.3597156268517,JHARKHAND,Hazaribagh,49.058,Sri Durga,Private,Opencast,Non-Metallic,NGDR_MajorLease2022,centroid_from_NGDR_lease_polygon
30BHR27029,BIHAR_FE_NKPK,Iron Ore,mining,22.166655353713825,85.48589625890529,JHARKHAND,Pashchimi Singhbhum,66.78,"M/s NKumar  P. Kumar,Jain Mandir Road,Gandhi tola,           P.O-Chaibasa-833201,     Dt-Singhbhum(W)   Jharkhand",Private,Opencast,Metallic,NGDR_MajorLease2022,centroid_from_NGDR_lease_polygon
88JHK16002,Dudhkole Flintsone Mine Area_27142,Flintstone,mining,25.091972705912312,87.72995304716427,JHARKHAND,Sahibganj,10.805,S K Sarkar,Private,Opencast,Non-Metallic,NGDR_MajorLease2022,centroid_from_NGDR_lease_polygon
BMCRNC01,Ramaisal_2394,Limestone,mining,22.82628556769381,85.7155324992255,JHARKHAND,Saraikela-Kharsawan,23.94,Valley Refractories Ltd,Private,Opencast,Non-Metallic,NGDR_MajorLease2022,centroid_from_NGDR_lease_polygon
30BHR18013,Charra Iron-Ore Mine Area_504,Iron Ore,mining,23.864447506160438,84.92079430693435,JHARKHAND,Latehar,5.04,Sri R R Gupta,Private,Opencast,Metallic,NGDR_MajorLease2022,centroid_from_NGDR_lease_polygon
07JHK09007,Bimarla Bauxite Mine Area_134376,Bauxite,mining,23.290558877497567,84.42126255684668,JHARKHAND,Gumla,134.37,M/s Minerals & Minerals Ltd,Private,Opencast,Metallic,NGDR_MajorLease2022,centroid_from_NGDR_lease_polygon
07BHR32010,Jilingsira Bauxite Mine Area_4789,Bauxite,mining,23.310888465219513,84.41425281922184,JHARKHAND,Gumla,47.93,P K Poddar,Private,Opencast,Metallic,NGDR_MajorLease2022,centroid_from_NGDR_lease_polygon
26BHR11001,Amritnagar Garnet Mine Area_82,Garnet,mining,23.997464696794616,85.42057987848366,JHARKHAND,Hazaribagh,8.2,M/s Manmohan Minerals (P) Ltd,Private,Opencast,Non-Metallic,NGDR_MajorLease2022,centroid_from_NGDR_lease_polygon
38BHR21008,Dewarkhand Limestone Mine Area_64965,Limestone,mining,23.65104738342006,85.02176830492456,JHARKHAND,Ranchi,650.0,M/s ACC Ltd(Lemos Cements Ltd),Private,Opencast,Non-Metallic,NGDR_MajorLease2022,centroid_from_NGDR_lease_polygon
38BHR21009,Umedanda Limestone Mine Area_39976,Limestone,mining,23.651857887849996,85.07128488961732,JHARKHAND,Ranchi,400.0,M/s ACC Ltd(Lemos Cements Ltd),Private,Opencast,Non-Metallic,NGDR_MajorLease2022,centroid_from_NGDR_lease_polygon
38BHR27023,Bara Kuchia Lime Ston_5325 Ha,Limestone,mining,22.464412287057744,85.71290609165315,JHARKHAND,Pashchimi Singhbhum,5.325,Sri RS.Yadav At & PO.-Jhinkpani-833215 Dist. T Singhbhum West Jharkhand,Private,Opencast,Non-Metallic,NGDR_MajorLease2022,centroid_from_NGDR_lease_polygon
38BHR27010,MongraLst_MarutiMineralIndustries_27,Limestone,mining,22.26274437041317,85.64696313571858,JHARKHAND,Pashchimi Singhbhum,2.285,"M/s Maruti Minerals     khirwal Market,         Dt Singhbhum(W),   Jharkhand",Private,Opencast,Non-Metallic,NGDR_MajorLease2022,centroid_from_NGDR_lease_polygon
14BHR27001,Kendadih_Copper_Ms_HCL,Copper Ore,mining,22.59158888863066,86.41722561341423,JHARKHAND,Purbi Singhbhum,1139.6,"M/S HCL, Tamra Bhawan,                                   1, Ashutosh Choudhury Avenue, Kolkata-700019",CPSU,Underground,Metallic,NGDR_MajorLease2022,centroid_from_NGDR_lease_polygon
07BHR33013,Pakhar Bauxite Mine Area_38592,Bauxite,mining,23.54251620181658,84.60464820573438,JHARKHAND,Lohardaga,38.952,M/s Hindalco Industies Limited,Private,Opencast,Metallic,NGDR_MajorLease2022,centroid_from_NGDR_lease_polygon
30BHR27017,DHOBIL_Iron_SAIL_3960_UTM_3,Iron Ore,mining,22.262116386380924,85.27327742991264,JHARKHAND,Pashchimi Singhbhum,512.95,"M/s SAIL,Industry House (5th&6th) floor,10 Camac Street,Kolkata-700017",CPSU,Opencast,Metallic,NGDR_MajorLease2022,centroid_from_NGDR_lease_polygon
30BHR27025,THAKURANI IRON ORE MINER M/S PADAM KUMAR JAIN,Iron Ore,mining,22.143726582479786,85.46684106700043,JHARKHAND,Pashchimi Singhbhum,84.682,Mr. PADAM KUMAR JAIN,Private,Opencast,Metallic,NGDR_MajorLease2022,centroid_from_NGDR_lease_polygon
38JHK01001,Karma Chora Limestone Mine Area_1757,Limestone,mining,23.507433859531197,85.88000806375966,JHARKHAND,Bokaro,17.57,Kailash Singh,Private,Opencast,Non-Metallic,NGDR_MajorLease2022,centroid_from_NGDR_lease_polygon
BMCRNC02,Kiriburu/Meghahatuburu_8200 Ha,Limestone,mining,22.057609316450183,85.24740107649853,JHARKHAND,Pashchimi Singhbhum,0.0,M/s. STEEL AUTHORITY OF INDIA LIMITED,CPSU,Opencast,Non-Metallic,NGDR_MajorLease2022,centroid_from_NGDR_lease_polygon
07BHR33019,Pakhar Bauxite Mine Area_3583,Bauxite,mining,23.56200763558627,84.58427213081578,JHARKHAND,Lohardaga,35.83,J K BHAGAT,Private,Opencast,Metallic,NGDR_MajorLease2022,centroid_from_NGDR_lease_polygon
14BHR27005,SurdaCopper_HindustanCopperLtd,Copper Ore,mining,22.56182806197553,86.43676828552802,JHARKHAND,Purbi Singhbhum,388.68,"M/S HCL, Tamra Bhawan,                                   1, Ashutosh Choudhury Avenue, Kolkata-700019",CPSU,Underground,Metallic,NGDR_MajorLease2022,centroid_from_NGDR_lease_polygon
07JHK12008,Hisri (Old) Bauxite Mine Area_1338,Bauxite,mining,23.48088124053402,84.5909434489525,JHARKHAND,Lohardaga,13.38,M/s Hindalco Industies Limited,Private,Opencast,Metallic,NGDR_MajorLease2022,centroid_from_NGDR_lease_polygon
07JHK12007,Pakhar Bauxite Mine Area_11508,Bauxite,mining,23.546052936469984,84.61056319372054,JHARKHAND,Lohardaga,115.13,M/s Hindalco Industies Limited,Private,Opencast,Metallic,NGDR_MajorLease2022,centroid_from_NGDR_lease_polygon
07BHR33018,Pakhar Bauxite Mine Area_809,Bauxite,mining,23.558073835239355,84.61053853822303,JHARKHAND,Lohardaga,8.09,M/s Hindalco Industies Limited,Private,Opencast,Metallic,NGDR_MajorLease2022,centroid_from_NGDR_lease_polygon
30BHR27007,Ghatkuri_Runngta,Iron Ore,mining,22.248909803594607,85.38673857855262,JHARKHAND,Pashchimi Singhbhum,138.848,"M/s Rungta Mines Ltd  Rungta House,     Chaibasa-833201,        Dist-Singhbhum(W), Jharkhand",Private,Opencast,Metallic,NGDR_MajorLease2022,centroid_from_NGDR_lease_polygon
30BHR27003,AjitaburuFeMn_DevkabaiVelji,Iron Ore,mining,22.168497424216806,85.35319913168848,JHARKHAND,Pashchimi Singhbhum,46.621,M/s. DEVKABAI VELJI,Private,Opencast,Metallic,NGDR_MajorLease2022,centroid_from_NGDR_lease_polygon
30JHK18007,Topailore_Plan,Iron Ore,mining,22.21067070009766,85.36848020891408,JHARKHAND,Pashchimi Singhbhum,14.154,"M/s SAIL,Industry House (5th&6th) floor,10 Camac Street,Kolkata-700017",CPSU,Opencast,Metallic,NGDR_MajorLease2022,centroid_from_NGDR_lease_polygon
30JHK18012,Sosopiiron_K A Rathore,Iron Ore,mining,22.150510926708538,85.46688214718164,JHARKHAND,Pashchimi Singhbhum,31.984,"Shri Khuswal Arjun Rathor,  At & Post :Chaibasa       Dt-Singhbhum(W)                          Jharkhand - 833201",Private,Opencast,Metallic,NGDR_MajorLease2022,centroid_from_NGDR_lease_polygon
30JHK18021,PARAMBALJORI IRON & MN ORE MINE,Iron Ore,mining,22.178603512364475,85.45552639302868,JHARKHAND,Pashchimi Singhbhum,47.15,"M/s Anindita Trades and Investments Limited, Panchasil Apartment,4th Floor, Circular Road, Lalpur, Ranchi, Jharkhand",Private,Opencast,Metallic,NGDR_MajorLease2022,centroid_from_NGDR_lease_polygon
30BHR27032,Meralgora-Barabaljori,Iron Ore,mining,22.180057568566735,85.48141053108631,JHARKHAND,Pashchimi Singhbhum,122.02,"M/s Rungta Mines Ltd  Rungta House,     Chaibasa-833201,        Dist-Singhbhum(W), Jharkhand",Private,Opencast,Metallic,NGDR_MajorLease2022,centroid_from_NGDR_lease_polygon
07BHR32003,Amtipani Bauxite Mine Area_38768,Bauxite,mining,23.352851616597878,84.27762500034855,JHARKHAND,Gumla,38.768,Bajrang Prasad Agrawal,Private,Opencast,Metallic,NGDR_MajorLease2022,centroid_from_NGDR_lease_polygon
07BHR32001,Amtipani Bauxite Mine Area_2630,Bauxite,mining,23.352991518603314,84.2747260910863,JHARKHAND,Gumla,26.3,B N Mahendru,Private,Opencast,Metallic,NGDR_MajorLease2022,centroid_from_NGDR_lease_polygon
07BHR32002,Amtipani Rajhans,Bauxite,mining,23.34955004250051,84.2610963504496,JHARKHAND,Gumla,64.62,M/s Rajhans Refractories,Private,Opencast,Metallic,NGDR_MajorLease2022,centroid_from_NGDR_lease_polygon
38BHR27008,KamarhatuLst_25Ha_BLNewatia_KhasraPlan,Limestone,mining,22.53493893296044,85.79584285315093,JHARKHAND,Pashchimi Singhbhum,2.508,"BL. Newatia,Post Box No-5,Circuit House Road,Chaibasa-833201, Dt.-Singhbhum(W), Jharkhand",Private,Opencast,Non-Metallic,NGDR_MajorLease2022,centroid_from_NGDR_lease_polygon
28BHR18014,Betla Graphite Mine Area_7216,Graphite,mining,23.937832550517715,84.37644915139859,JHARKHAND,Latehar,7.216,Parijat Mining Industies Limited,Private,Opencast,Non-Metallic,NGDR_MajorLease2022,centroid_from_NGDR_lease_polygon
07BHR32005,Chirodih Bauxite Mine Area_84412,Bauxite,mining,23.335177193060044,84.26602765050436,JHARKHAND,Gumla,84.412,J M L Gupta,Private,Opencast,Metallic,NGDR_MajorLease2022,centroid_from_NGDR_lease_polygon
38JHK10006,Kadru Limestone Mine Area_3451,Limestone,mining,23.578336196454458,85.44660689905675,JHARKHAND,Ramgarh,3.451,M/s Pandaya Minerals,Private,Opencast,Non-Metallic,NGDR_MajorLease2022,centroid_from_NGDR_lease_polygon
07BHR32006,Chirodih Bauxite Mine Area_3142,Bauxite,mining,23.31901203226188,84.28935812936835,JHARKHAND,Gumla,31.42,M M P Singh,Private,Opencast,Metallic,NGDR_MajorLease2022,centroid_from_NGDR_lease_polygon
07BHR32028,Langratand Bauxite Mine Area_16754,Bauxite,mining,23.42464133388572,84.2599838572633,JHARKHAND,Gumla,16.754,Arvind Bhai Patel,Private,Opencast,Metallic,NGDR_MajorLease2022,centroid_from_NGDR_lease_polygon
14BHR27002,Rakha Copper,Copper Ore,mining,22.640639348350554,86.3722252478458,JHARKHAND,Purbi Singhbhum,785.091,"M/S HCL, Tamra Bhawan,                                   1, Ashutosh Choudhury Avenue, Kolkata-700019",CPSU,Underground,Metallic,NGDR_MajorLease2022,centroid_from_NGDR_lease_polygon
07BHR32023,Bahagarha Bauxite Mine Area_6029,Bauxite,mining,23.352538273053987,84.3001793981783,JHARKHAND,Gumla,6.029,V H Pathak,Private,Opencast,Metallic,NGDR_MajorLease2022,centroid_from_NGDR_lease_polygon
07BHR33009,Pakhar Bauxite Mine Area_1558,Bauxite,mining,23.538710640217673,84.59865823178578,JHARKHAND,Lohardaga,15.577,M/s Minerals & Minerals Ltd,Private,Opencast,Metallic,NGDR_MajorLease2022,centroid_from_NGDR_lease_polygon
38JHK06002,Bhawanathpur (Saraiya) Limestone Mine Area_27000,Limestone,mining,24.413760863521084,83.5865962175095,JHARKHAND,Garhwa,275.0,M/s SAIL (RMD) Division,CPSU,Opencast,Non-Metallic,NGDR_MajorLease2022,centroid_from_NGDR_lease_polygon
38JHK10007,Kori Limestone Mine Area_11568,Limestone,mining,23.583461397908355,85.42225432768163,JHARKHAND,Ramgarh,11.568,M/s Janpriya Minerals,Private,Opencast,Non-Metallic,NGDR_MajorLease2022,centroid_from_NGDR_lease_polygon
28BHR18006,Purnadih Sehra Graphite Mine   (2 blocks with sepa,Graphite,mining,23.962539199161,84.23214078890746,JHARKHAND,Palamu,47.06,Singhania Commercial Co,Private,Opencast,Non-Metallic,NGDR_MajorLease2022,centroid_from_NGDR_lease_polygon
07BHR32022,Harup Bauxite Mine Area_4565,Bauxite,mining,23.395113602311422,84.41886128085238,JHARKHAND,Gumla,45.65,C K T Popat,Private,Opencast,Metallic,NGDR_MajorLease2022,centroid_from_NGDR_lease_polygon
28BHR18002,Mahugain Graphite Mine Area_223448,Graphite,mining,24.249960739994233,84.02221559010738,JHARKHAND,Palamu,223.4479,M/s J S M D C Limited,SPSU,Opencast,Non-Metallic,NGDR_MajorLease2022,centroid_from_NGDR_lease_polygon
30JHK18002,AjitaburuFe_SAIL_323 Ha,Iron Ore,mining,22.292127415453795,85.27200789893871,JHARKHAND,Pashchimi Singhbhum,323.88,"M/s SAIL,Industry House (5th&6th) floor,10 Camac Street,Kolkata-700017",CPSU,Opencast,Metallic,NGDR_MajorLease2022,centroid_from_NGDR_lease_polygon
88JHK16001,Khairboni Flintsone Mine Area_0971,Flintstone,mining,25.09246272139896,87.74227599396701,JHARKHAND,Sahibganj,0.971,Sanjay Sone Industries Limited,Private,Opencast,Non-Metallic,NGDR_MajorLease2022,centroid_from_NGDR_lease_polygon
07BHR32014,New Amtipani Bauxite Mine,Bauxite,mining,23.359843658964135,84.27604046237657,JHARKHAND,Gumla,49.069,Awadesh Kumar Singh,Private,Opencast,Metallic,NGDR_MajorLease2022,centroid_from_NGDR_lease_polygon
33JHK17003,Sirboi Kyantite Mine _68142 Ha,Kyanite,mining,22.34309939064441,86.64960684061326,JHARKHAND,Purbi Singhbhum,68.142,"M/s Jharkhand State Mineral Development Corporation Ltd Khanij Nigam Bhawan,  Doranda Ranchi-834 002,Jharkhand",SPSU,Opencast,Non-Metallic,NGDR_MajorLease2022,centroid_from_NGDR_lease_polygon
28BHR18003,Khamdih Graphite Mine (Consisting of 6 blocks),Graphite,mining,23.96935162481901,84.23465150312568,JHARKHAND,Palamu,69.606,O M M Private Limited,Private,Opencast,Non-Metallic,NGDR_MajorLease2022,centroid_from_NGDR_lease_polygon
40JHK18002,Gua(Jhillingburu_I__Fe_Mn_210526Ha)_SAIL_14,Iron Ore & Manganese Ore,mining,22.197988759408254,85.37441635568722,JHARKHAND,Pashchimi Singhbhum,210.44,"M/s SAIL,Industry House (5th&6th) floor,10 Camac Street,Kolkata-700017",CPSU,Opencast,Metallic,NGDR_MajorLease2022,centroid_from_NGDR_lease_polygon
30BHR27027,Rajaberairon_PKJain,Iron Ore,mining,22.26023733213008,85.32290911383032,JHARKHAND,Pashchimi Singhbhum,41.639,"Padam Kumar Jain,PO.-Chaibasa-833201,Dt.-Singhbhum(W),  Jharkhand",Private,Opencast,Metallic,NGDR_MajorLease2022,centroid_from_NGDR_lease_polygon
30JHK18009,GHATKURI IRON ORE MINES(BLOCK-'B'&'C',Iron Ore,mining,22.24981405071375,85.38488785000663,JHARKHAND,Pashchimi Singhbhum,275.19,"M/s Orissa Manganese & Minerals Pvt Ltd                Lansdown Towers, 6th floor 2/1A Sarat Bose Road       Kolkata-700 020",Private,Opencast,Metallic,NGDR_MajorLease2022,centroid_from_NGDR_lease_polygon
38BHR27019,Tekrahatu & singpokhariya mine,Limestone,mining,22.50242087692037,85.79491447170943,JHARKHAND,Pashchimi Singhbhum,9.187,"BL. Newatia,Post Box No-5,Circuit House Road,Chaibasa-833201, Dt.-Singhbhum(W), Jharkhand",Private,Opencast,Non-Metallic,NGDR_MajorLease2022,centroid_from_NGDR_lease_polygon
38BHR27021,Guira Lst_RungtaMinesLtd_28,Limestone,mining,22.53157054476023,85.7557499742151,JHARKHAND,Pashchimi Singhbhum,12.98,"M/s Rungta Mines Ltd  Rungta House,     Chaibasa-833201,        Dist-Singhbhum(W), Jharkhand",Private,Opencast,Non-Metallic,NGDR_MajorLease2022,centroid_from_NGDR_lease_polygon
30JHK18019,KARAMPADA IRON ORE MINE_GENRAL PRODUCE COLTD,Iron Ore,mining,22.128344413191623,85.30514732036684,JHARKHAND,Pashchimi Singhbhum,70.68,M/S General Produce Company Ltd At : Kalpana,Private,Opencast,Metallic,NGDR_MajorLease2022,centroid_from_NGDR_lease_polygon
27JHK17001,KunderkochaU_G_Gold_MMIPL_CadestralMap,Gold ore,mining,22.45824709574314,86.23118728680984,JHARKHAND,Purbi Singhbhum,19.5,"M/s Manmohan Minerals Pvt Ltd, 286, New Patliputra Colony,Shanti Niketan, Patna-800013",Private,Underground,Metallic,NGDR_MajorLease2022,centroid_from_NGDR_lease_polygon
28BHR18024,Rengai Graphite Mine Area_38125,Graphite,mining,23.964399427041293,84.4206077790969,JHARKHAND,Palamu,38.125,Sri S K Bajaj,Private,Opencast,Non-Metallic,NGDR_MajorLease2022,centroid_from_NGDR_lease_polygon
38JHK10005,Bicha Limestone Mine Area_4111,Limestone,mining,23.572512446421563,85.33583349582489,JHARKHAND,Ramgarh,4.111,Sri Karma Oraon,Private,Opencast,Non-Metallic,NGDR_MajorLease2022,centroid_from_NGDR_lease_polygon
38JHK18004,KamarhatuLst_641ha_BLNewatia_F,Limestone,mining,22.537503445199313,85.79535455822553,JHARKHAND,Pashchimi Singhbhum,6.419,Mr. BANWARILALL NEWATIA,Private,Opencast,Non-Metallic,NGDR_MajorLease2022,centroid_from_NGDR_lease_polygon
38JHK18013,Dokata Limestone_2174 Ha,Limestone,mining,22.401141719295396,85.73240281433195,JHARKHAND,Pashchimi Singhbhum,21.74,"Sri Satish Khirwal PO-                     Dt-Singhbhum(W), Jharkhand",Private,Opencast,Non-Metallic,NGDR_MajorLease2022,centroid_from_NGDR_lease_polygon
28JHK14002,Rabda Graphite Mine Area_3176,Graphite,mining,23.4312781576921,84.25267271284463,JHARKHAND,Gumla,31.76,Hemant Kumar Poddar,Private,Opencast,Non-Metallic,NGDR_MajorLease2022,centroid_from_NGDR_lease_polygon
07BHR32026,Narma Bauxite Mine Area_173,Bauxite,mining,23.393811648189065,84.26907080386816,JHARKHAND,Gumla,17.3,A K Poddar,Private,Opencast,Metallic,NGDR_MajorLease2022,centroid_from_NGDR_lease_polygon
38BHR27013,RAJNNKA LIMESTONE MINES ACC LIMITED,Limestone,mining,22.41548078961049,85.73480344160309,JHARKHAND,Pashchimi Singhbhum,598.894,"M/s ACC Ltd, Cement House,121, Maharshi Karve Road,Mumbai",Private,Opencast,Non-Metallic,NGDR_MajorLease2022,centroid_from_NGDR_lease_polygon
28JHK14005,Sohegarha Graphite Mine Area_12885,Graphite,mining,23.99318600718107,84.25860389228119,JHARKHAND,Palamu,12.885,M/s Vinira Minerals,Private,Opencast,Non-Metallic,NGDR_MajorLease2022,centroid_from_NGDR_lease_polygon
28JHK14001,Gaura Graphite Mine Area_4664,Graphite,mining,23.929469939446662,84.22954064824516,JHARKHAND,Palamu,4.662,Sri  S K Poddar,Private,Opencast,Non-Metallic,NGDR_MajorLease2022,centroid_from_NGDR_lease_polygon
30BHR18015,Hesra Magnetite Mine Area_2052,Iron Ore,mining,23.95936225357014,83.9926724203586,JHARKHAND,Palamu,20.52,M/S MOHAN MINERALS,Private,Opencast,Metallic,NGDR_MajorLease2022,centroid_from_NGDR_lease_polygon
28BHR18015,Serendag Graphite Mine Area_1315,Graphite,mining,23.926504933064074,84.3080770841878,JHARKHAND,Palamu,13.15,Parijat Mining Industies Limited,Private,Opencast,Non-Metallic,NGDR_MajorLease2022,centroid_from_NGDR_lease_polygon
40BHR27010,KhasjamdaIron_SriRamMineralCo,Manganese Ore,mining,22.177113946484074,85.43634510831431,JHARKHAND,Pashchimi Singhbhum,129.22,SRI RAM MINERAL COMPANY,Private,Opencast,Metallic,NGDR_MajorLease2022,centroid_from_NGDR_lease_polygon
07BHR32015,Sherengdag Bauxite Mine Area_1558,Bauxite,mining,23.378400672371914,84.43161901493494,JHARKHAND,Gumla,155.81,M/s Hindalco Industies Limited,Private,Opencast,Metallic,NGDR_MajorLease2022,centroid_from_NGDR_lease_polygon
40BHR27009,MahabirMn_VKOjha_24,Manganese Ore,mining,22.169424178784887,85.46479705808218,JHARKHAND,Pashchimi Singhbhum,21.19,"VK.Ojha,P.O.-Barajamda-833221,Dt-Singhbhum(W)   Jharkhand",Private,Opencast,Metallic,NGDR_MajorLease2022,centroid_from_NGDR_lease_polygon
28JHK14004,Angara Graphite Mine Area_6261,Graphite,mining,23.969171470214103,84.4000553596959,JHARKHAND,Palamu,6.28,Arunjay Narayan Sinha,Private,Opencast,Non-Metallic,NGDR_MajorLease2022,centroid_from_NGDR_lease_polygon
40JHK18001,Gua(JhillingburuII_Fe_3043Ha)_SAIL_15,Iron Ore & Manganese Ore,mining,22.189147610576143,85.37582420361021,JHARKHAND,Pashchimi Singhbhum,30.0,"M/s SAIL,Industry House (5th&6th) floor,10 Camac Street,Kolkata-700017",CPSU,Opencast,Metallic,NGDR_MajorLease2022,centroid_from_NGDR_lease_polygon
07BHR33002,Bagru Bauxite Mine Area_1011,Bauxite,mining,23.47853883381883,84.60191926458037,JHARKHAND,Lohardaga,10.117,M M P Singh,Private,Opencast,Metallic,NGDR_MajorLease2022,centroid_from_NGDR_lease_polygon
07BHR33017,Bandobar Bauxite Mine Area_2069,Bauxite,mining,23.563725688032832,84.57936704376492,JHARKHAND,Lohardaga,20.69,Smt Leela Devi,Private,Opencast,Metallic,NGDR_MajorLease2022,centroid_from_NGDR_lease_polygon
07BHR32021,Kujam Bauxite Mine Area_7640,Bauxite,mining,23.291892523071425,84.30364630356334,JHARKHAND,Gumla,76.4,G C P Agrawal,Private,Opencast,Metallic,NGDR_MajorLease2022,centroid_from_NGDR_lease_polygon
07BHR33003,Bagru Hill Bauxite Mine Area_9684,Bauxite,mining,23.48297815387594,84.59963178459897,JHARKHAND,Lohardaga,75.41,M/s Hindalco Industies Limited,Private,Opencast,Metallic,NGDR_MajorLease2022,centroid_from_NGDR_lease_polygon
38BHR11010,Sutherpur Limestone Mine Area_683,Limestone,mining,23.564236815827474,85.36687477313738,JHARKHAND,Ramgarh,68.3,Sutherpur Mineral Pvt Ltd,Private,Opencast,Non-Metallic,NGDR_MajorLease2022,centroid_from_NGDR_lease_polygon
38BHR27022,BARA JHINKPANI LIME STONE MINES,Limestone,mining,22.374948106800563,85.72194273752012,JHARKHAND,Pashchimi Singhbhum,9.295,Sri RS.Yadav At & PO.-Jhinkpani-833215 Dist. a Singhbhum West Jharkhand,Private,Opencast,Non-Metallic,NGDR_MajorLease2022,centroid_from_NGDR_lease_polygon
30BHR27024,NOAMUNDIRON_MINE,Iron Ore,mining,22.14868287990482,85.47743694965247,JHARKHAND,Pashchimi Singhbhum,1160.06,"M/s Tata Steel Ltd, Jamshedpur-831001,        Dt-Singhbhum(E), Jharkhand",Private,Opencast,Metallic,NGDR_MajorLease2022,centroid_from_NGDR_lease_polygon
07BHR33012,Tuimu Bauxite Mine Area_4694,Bauxite,mining,23.389165451465402,84.5113139288723,JHARKHAND,Lohardaga,46.94,SMT Beenapani Agrawal,Private,Opencast,Metallic,NGDR_MajorLease2022,centroid_from_NGDR_lease_polygon
07BHR33015,Pakhar Bauxite Mine Area_50854,Bauxite,mining,23.556053578867804,84.59079905841897,JHARKHAND,Lohardaga,50.64,G Oroan,Private,Opencast,Metallic,NGDR_MajorLease2022,centroid_from_NGDR_lease_polygon
07BHR33014,Chapi Bauxite Mine Area_987,Bauxite,mining,23.49434772141426,84.58878663877242,JHARKHAND,Lohardaga,9.87,A K Singh,Private,Opencast,Metallic,NGDR_MajorLease2022,centroid_from_NGDR_lease_polygon
38BHR21001,Benti-Bagda Limestone Mine Area_13552,Limestone,mining,23.588119764140853,85.2367502921259,JHARKHAND,Ranchi,135.508,M/s J S M D C Limited,SPSU,Opencast,Non-Metallic,NGDR_MajorLease2022,centroid_from_NGDR_lease_polygon
07BHR32017,Serka-Serendag Bauxite Mine Area_6325,Bauxite,mining,23.36523557245432,84.43926881985304,JHARKHAND,Gumla,63.25,U P Agrawal,Private,Opencast,Metallic,NGDR_MajorLease2022,centroid_from_NGDR_lease_polygon
07JHK15001,Tisiya Bauxite Mine Area_34413,Bauxite,mining,23.564502239578783,84.64643018179865,JHARKHAND,Lohardaga,34.413,C M Gupta,Private,Opencast,Metallic,NGDR_MajorLease2022,centroid_from_NGDR_lease_polygon
BMCRNC04,GhatkuriFeMn_GPC_KeyPlan1,Limestone,mining,22.25802979355322,85.34541756991281,JHARKHAND,Pashchimi Singhbhum,174.696059054,#N/A,#N/A,#N/A,Non-Metallic,NGDR_MajorLease2022,centroid_from_NGDR_lease_polygon
07JHK12006,Bhusar/Kekrang Bauxite Mine Area_1073,Bauxite,mining,23.490979178014857,84.59538223257051,JHARKHAND,Lohardaga,65.31,M/s Hindalco Industies Limited,Private,Opencast,Metallic,NGDR_MajorLease2022,centroid_from_NGDR_lease_polygon
07JHK12010,Serendag Bauxite Mine Area_14007,Bauxite,mining,23.366666554919156,84.43914355083272,JHARKHAND,Gumla,140.07,M/s Hindalco Industies Limited,Private,Opencast,Metallic,NGDR_MajorLease2022,centroid_from_NGDR_lease_polygon
BMCRNC05,Megahatuburu / Karampada_879439_Ha,Limestone,mining,22.097597330293414,85.24480102579778,JHARKHAND,Pashchimi Singhbhum,910.68119125,#N/A,#N/A,#N/A,Non-Metallic,NGDR_MajorLease2022,centroid_from_NGDR_lease_polygon
38JHK18003,Rajanka F3 block,Limestone,mining,22.417669279178224,85.72970644419709,JHARKHAND,Pashchimi Singhbhum,115.38,M/s ACC Ltd.,Private,Opencast,Non-Metallic,NGDR_MajorLease2022,centroid_from_NGDR_lease_polygon
07JHK09005,Kujam-II Bauxite Mine Area_15739,Bauxite,mining,23.30999126539737,84.29584303982742,JHARKHAND,Gumla,157.38,M/s Hindalco Industies Limited,Private,Opencast,Metallic,NGDR_MajorLease2022,centroid_from_NGDR_lease_polygon
30JHKTEMP02,Bhangaon Iron ore mine,Iron Ore,mining,22.03342337578324,85.25270846189031,JHARKHAND,Pashchimi Singhbhum,111.0,M/s South West Mining Ltd.,Private,Opencast,Metallic,NGDR_MajorLease2022,centroid_from_NGDR_lease_polygon
28JHKTEMP01,Lesliganj Graphite Mine,Graphite,mining,24.018847157763048,84.22530850563308,JHARKHAND,Palamu,94.521,M/s Team Geo Resources (P) Ltd.,Private,Opencast,Non-Metallic,NGDR_MajorLease2022,centroid_from_NGDR_lease_polygon
27JHKTEMP05,pahardiha,Gold ore,mining,22.507456893101335,85.18377915769815,JHARKHAND,Pashchimi Singhbhum,279.609,Maithan Ispat Ltd,Private,#N/A,Metallic,NGDR_MajorLease2022,centroid_from_NGDR_lease_polygon
28BHR18010,Murma Graphite Mine Area_4935,Graphite,mining,23.913627813363117,84.28612467667485,JHARKHAND,Palamu,4.935,Sri KK.Poddar,Private,Opencast,Non-Metallic,NGDR_MajorLease2022,centroid_from_NGDR_lease_polygon
30ORI08114,Bolani,Iron Ore,mining,22.128145462836457,85.3506766820551,ODISHA,KENDUJHAR,1586.36,SAIL,CPSU,Opencast,Metallic,NGDR_MajorLease2022,centroid_from_NGDR_lease_polygon
28BHR18020,Purnadih Graphite Mine Area_8175,Graphite,mining,23.966390236454558,84.23511170414933,JHARKHAND,Palamu,81.75,M/s Mohan Minerals,Private,Opencast,Non-Metallic,NGDR_MajorLease2022,centroid_from_NGDR_lease_polygon
30BHR27010,Gua(Durgaiburu)Iron_SAIL_2,Iron Ore,mining,22.212821068028916,85.36547711701473,JHARKHAND,Pashchimi Singhbhum,1443.755,"M/s SAIL,Industry House (5th&6th) floor,10 Camac Street,Kolkata-700017",CPSU,Opencast,Metallic,NGDR_MajorLease2022,centroid_from_NGDR_lease_polygon
07BHR32008,Gurdari Bauxite Mine Area_58419,Bauxite,mining,23.30207183658111,84.25471230352333,JHARKHAND,Gumla,584.19,M/s Hindalco Industies Limited,Private,Opencast,Metallic,NGDR_MajorLease2022,centroid_from_NGDR_lease_polygon
30BHR27004,BARAIBURU TATAIBA IRON & MANGANESE ORE MINE,Iron Ore,mining,22.147281875964634,85.34401936325656,JHARKHAND,Pashchimi Singhbhum,259.003,"M/s Rameswar Jute Mills, C/o M/s ESSEL, Ind House, 10, Camac St. Kolkata-17",Private,Opencast,Metallic,NGDR_MajorLease2022,centroid_from_NGDR_lease_polygon
30BHR27030,GHATKURI IRON ORE MINES_N KUMAR_1497343 Hac,Iron Ore,mining,22.13716898159611,85.33761536516599,JHARKHAND,Pashchimi Singhbhum,149.74,"M/s NKumar  P. Kumar,      Jain Mandir Road,       Gandhi tola,                 P.O-Chaibasa-833201,     Dt-Singhbhum(W), Jharkhand",Private,Opencast,Metallic,NGDR_MajorLease2022,centroid_from_NGDR_lease_polygon
30JHK18015,VIJAY_2IRON ORE MINE,Iron Ore,mining,22.17523384451636,85.35344244381378,JHARKHAND,Pashchimi Singhbhum,155.078,M/s Tata steel Long Products Ltd.,Private,Opencast,Metallic,NGDR_MajorLease2022,centroid_from_NGDR_lease_polygon
07BHR32025,Narma Bauxite Mine Area_2099,Bauxite,mining,23.395867366011807,84.2726298399702,JHARKHAND,Gumla,20.995,M M P Singh,Private,Opencast,Metallic,NGDR_MajorLease2022,centroid_from_NGDR_lease_polygon
38BHR27009,KamarhatuLst_22Ha_BLNewatia_KhasraPlan,Limestone,mining,22.53520874814309,85.79379784204261,JHARKHAND,Pashchimi Singhbhum,22.966,"BL. Newatia,Post Box No-5,Circuit House Road,Chaibasa-833201, Dt.-Singhbhum(W), Jharkhand",Private,Opencast,Non-Metallic,NGDR_MajorLease2022,centroid_from_NGDR_lease_polygon
07JHK09006,Amtipani Bauxite Mine Area_65167,Bauxite,mining,23.351430552690854,84.26664946510581,JHARKHAND,Gumla,65.167,M/s S S Enterprises,Private,Opencast,Metallic,NGDR_MajorLease2022,centroid_from_NGDR_lease_polygon
07JHK19001,Orsapat Bauxite Mine Area_309191,Bauxite,mining,23.41335773560279,83.99507245217544,JHARKHAND,Latehar,309.36,M/s Hindalco Industies Limited,Private,Opencast,Metallic,NGDR_MajorLease2022,centroid_from_NGDR_lease_polygon
BMCRNC03,Tumbagarha  Graphite Mine Area_647,Limestone,mining,23.903450099355812,84.27473849714714,JHARKHAND,Palamu,6.47,SRI HEMANT KUMAR PODDER,Private,Opencast,Non-Metallic,NGDR_MajorLease2022,centroid_from_NGDR_lease_polygon
38BHR27018,SurajbasaLst_NarsinghHarji_KhasraPlan,Limestone,mining,22.46731582348184,85.76320017901124,JHARKHAND,Pashchimi Singhbhum,16.679,"M/s Narsinh Harji,          Post BoxNo-63,               Chaibasa-833201,            Dist - Singhbhum(W), Jharkhand",Private,Opencast,Non-Metallic,NGDR_MajorLease2022,centroid_from_NGDR_lease_polygon
38JHK06003,Bhawanathpur (Gorgaon) Limestone Mine Area_22846,Limestone,mining,24.40302441345506,83.58635394993334,JHARKHAND,Garhwa,228.46,M/s SAIL (RMD) Division,CPSU,Opencast,Non-Metallic,NGDR_MajorLease2022,centroid_from_NGDR_lease_polygon
38JHK18006,NAKAHASA LIME STONE MINES M/S SRI BL NEWWATIA,Limestone,mining,22.47654545472031,85.74796760383147,JHARKHAND,Pashchimi Singhbhum,4.808,"BL. Newatia,Post Box No-5,Circuit House Road,Chaibasa-833201, Dt.-Singhbhum(W), Jharkhand",Private,Opencast,Non-Metallic,NGDR_MajorLease2022,centroid_from_NGDR_lease_polygon
27JHKTEMP04,"Parasi Gold & Associated Minerals, Tamar",Gold ore,mining,22.99192209088897,85.72157527813377,JHARKHAND,Ranchi,69.24,M/s Rungta Mines Ltd.,Private,Opencast,Metallic,NGDR_MajorLease2022,centroid_from_NGDR_lease_polygon
27JHK22001,Lawa Gold Mine,Gold ore,mining,23.027911836034612,86.06865384277307,JHARKHAND,Saraikela-Kharsawan,54.55,M/s Manmohan Mineral Industries (P) Ltd.,Private,Underground,Metallic,NGDR_MajorLease2022,centroid_from_NGDR_lease_polygon
07JHK09004,Kujam-I Bauxite Mine Area_8087,Bauxite,mining,23.302832173566795,84.3151033560399,JHARKHAND,Gumla,80.87,M/s Hindalco Industies Limited,Private,Opencast,Metallic,NGDR_MajorLease2022,centroid_from_NGDR_lease_polygon
30ORI08035,Katamati,Iron Ore,mining,22.125357029615177,85.48551021437522,ODISHA,KENDUJHAR,403.324,TATA Steel Ltd.,Private,Opencast,Metallic,NGDR_MajorLease2022,centroid_from_NGDR_lease_polygon
07JHK12011,Hisri (New) Bauxite Mine Area_1455,Bauxite,mining,23.481279172824134,84.58631457048207,JHARKHAND,Lohardaga,14.55,M/s Hindalco Industies Limited,Private,Opencast,Metallic,NGDR_MajorLease2022,centroid_from_NGDR_lease_polygon
30BHR27014,KARAMPADA IRON MINES M/S MISRILALL JAIN & SONS,Iron Ore,mining,22.15510308370379,85.33959899458472,JHARKHAND,Pashchimi Singhbhum,202.348,"M/s Misrilal Jain & Sons, MD.House,                 P.O- Chaibasa-833201,                         Dist- Singhbhum(W),   Jharkhand",Private,Opencast,Metallic,NGDR_MajorLease2022,centroid_from_NGDR_lease_polygon
30BHR27028,KumirtaFe_Mn_KLThackar_191,Iron Ore,mining,22.199475487384035,85.51450640079334,JHARKHAND,Pashchimi Singhbhum,30.84,"K L. Thakkar,             P.O.-Gua-833213,         Dt.-Singhbhum(W), Jharkhand",Private,Opencast,Metallic,NGDR_MajorLease2022,centroid_from_NGDR_lease_polygon
30JHK18001,Manoharpur (Mclellan/ Budhaburu lease),Iron Ore,mining,22.28232245742484,85.28338697243838,JHARKHAND,Pashchimi Singhbhum,823.83,"M/s SAIL,Industry House (5th&6th) floor,10 Camac Street,Kolkata-700017",CPSU,Opencast,Metallic,NGDR_MajorLease2022,centroid_from_NGDR_lease_polygon
30JHK18003,SukriLuturburuIron_Manoharpur_SAIL_12,Iron Ore,mining,22.26839780924841,85.24080290649637,JHARKHAND,Pashchimi Singhbhum,609.813,"M/s SAIL,Industry House (5th&6th) floor,10 Camac Street,Kolkata-700017",CPSU,Opencast,Metallic,NGDR_MajorLease2022,centroid_from_NGDR_lease_polygon
33BHR27001,JYOTI PAHARI KYANITE PROJECT,Kyanite,mining,22.317172779925286,86.6649059935583,JHARKHAND,Purbi Singhbhum,20.331,"M/s JSMDC, Khanij Nigam Bhawan, Doranda, Ranchi-834002, Jharkhand",SPSU,Opencast,Non-Metallic,NGDR_MajorLease2022,centroid_from_NGDR_lease_polygon
38JHK06001,Bhawanathpur (Ghaghra) Limestone Mine Area_67546,Limestone,mining,24.404864331339923,83.61128916575483,JHARKHAND,Garhwa,675.98,M/s SAIL (RMD) Division,CPSU,Opencast,Non-Metallic,NGDR_MajorLease2022,centroid_from_NGDR_lease_polygon
07JHKTEMP03,Amptipani-Chirodih mine,Bauxite,mining,23.347205982074534,84.29032552621804,JHARKHAND,Gumla,130.01,M/s Minerals & Minerals Ltd.,Private,Opencast,Metallic,NGDR_MajorLease2022,centroid_from_NGDR_lease_polygon
30ORI08013,Bolani,Iron Ore,mining,22.123236569719108,85.32278834085285,ODISHA,KENDUJHAR,1321.45,M/s SAIL,0,Opencast,Metallic,NGDR_MajorLease2022,centroid_from_NGDR_lease_polygon
30KAR03178,KAMMATHERUVU(DEOGIRI),Iron Ore,mining,15.01582624053337,76.6079229991302,KARNATAKA,Bellary,10.0376160908,"Mr K.N.Srinivasa,",Private,Opencast,Metallic,NGDR_MajorLease2022,centroid_from_NGDR_lease_polygon
37KAR15019,Kagal,Lime Shell,mining,14.483210757302805,74.38225175060666,KARNATAKA,Uttara Kannada,2.77109945799,Jogi VNayak,Private,Opencast,Non-Metallic,NGDR_MajorLease2022,centroid_from_NGDR_lease_polygon
30KAR19026,SONDEVANAHALLI ML 2175,Iron Ore,mining,13.361914660665173,76.70032195466412,KARNATAKA,Tumkur,64.9165575562,"M/s TUMKUR MINERALS (P) LIMITED,",Private,Opencast,Metallic,NGDR_MajorLease2022,centroid_from_NGDR_lease_polygon
38KAR26012,Hebbal,Limestone,mining,16.188424399416654,75.33140627855005,KARNATAKA,Bagalkot,1.47984167419,IS.Sarwan,Private,Opencast,Non-Metallic,NGDR_MajorLease2022,centroid_from_NGDR_lease_polygon
30KAR03065,SANKALAPURAM(188 AC),Iron Ore,mining,15.237292768926476,76.41955913292244,KARNATAKA,Bellary,75.9506928077,Mr AJAY SARAF,Private,Opencast,Metallic,NGDR_MajorLease2022,centroid_from_NGDR_lease_polygon
62KAR14001,Mundur Vermiculite Mine,Vermiculite,mining,12.616553150060978,76.25438405217056,KARNATAKA,Mysore,4.83655486602,"M/s DUGAR INSULATIONS INDIA PRIVATE LIMITED,",Private,Opencast,Metallic,NGDR_MajorLease2022,centroid_from_NGDR_lease_polygon
30KAR03028,JAMBUNATHANAHALLI,Iron Ore,mining,15.236910959578504,76.41249819868706,KARNATAKA,Bellary,51.1860264094,"M/s Mysore Minerals Ltd,",SPSU,Opencast,Metallic,NGDR_MajorLease2022,centroid_from_NGDR_lease_polygon
30KAR03123,SANJEEVARAYANAKOTE,Iron Ore,mining,15.045312192220495,76.9272036489352,KARNATAKA,Bellary,43.155037116,"ALLUM PRASHANT,",Private,Opencast,Metallic,NGDR_MajorLease2022,centroid_from_NGDR_lease_polygon
40KAR19020,BALAGUDDA ML 2512(KONDLI),Manganese Ore,mining,13.381727554713885,76.73907973132751,KARNATAKA,Tumkur,36.7207660277,"MS.R. Gupta,",Private,Opencast,Metallic,NGDR_MajorLease2022,centroid_from_NGDR_lease_polygon
40KAR19028,DOREGUDDA  ML 2601/1266,Manganese Ore,mining,13.368988252321612,76.76328560197915,KARNATAKA,Tumkur,128.748949556,"M DASARATHARAMI REDDY, GPA HOLDER OF MChennakeshava Reddy",Private,Opencast,Metallic,NGDR_MajorLease2022,centroid_from_NGDR_lease_polygon
38KAR26016,Ankalgi,Limestone,mining,16.221311038495056,75.4829807222686,KARNATAKA,Bagalkot,57.0358491558,Mysore Minerals Ltd,SPSU,Opencast,Non-Metallic,NGDR_MajorLease2022,centroid_from_NGDR_lease_polygon
30KAR03035,KARADIKOLLA SURESH,Iron Ore,mining,15.229170187120548,76.43238032728127,KARNATAKA,Bellary,42.3518756891,"M/s PBALASUBBASHETTY & SONS,",Private,Opencast,Metallic,NGDR_MajorLease2022,centroid_from_NGDR_lease_polygon
30KAR03113,DONIMALAI IRON ORE,Iron Ore,mining,15.086799816874636,76.60232512009696,KARNATAKA,Bellary,53.3123585945,"NADEEM MINERALS,",Private,Opencast,Metallic,NGDR_MajorLease2022,centroid_from_NGDR_lease_polygon
30KAR03125,THIMMAPANAGUDI RION ORE,Iron Ore,mining,15.149118389935136,76.53905657220257,KARNATAKA,Bellary,46.5446732121,"HG.RANGAN GOUD,",Private,Opencast,Metallic,NGDR_MajorLease2022,centroid_from_NGDR_lease_polygon
30KAR03174,DEOGIRI,Iron Ore,mining,15.014054671339403,76.62450118946514,KARNATAKA,Bellary,10.4528475518,"M/s VARALAKSHMI MINING CO ,",Private,Opencast,Metallic,NGDR_MajorLease2022,centroid_from_NGDR_lease_polygon
30KAR03175,SIDDAPURA ML 2572,Iron Ore,mining,15.186285942201158,76.48572999565319,KARNATAKA,Bellary,15.3396027425,"NSHAIK SAB,",Private,Opencast,Metallic,NGDR_MajorLease2022,centroid_from_NGDR_lease_polygon
30KAR03176,KAKUBAL ML 2555,Iron Ore,mining,15.191516955360438,76.49827847571058,KARNATAKA,Bellary,57.274011009,"M/S ESSAR STEEL HAZIRA LTD, F s 91-22-66155446",Private,Opencast,Metallic,NGDR_MajorLease2022,centroid_from_NGDR_lease_polygon
38KAR26015,Kanasageri/ Thimmapur,Limestone,mining,16.182329901930167,75.3298676282584,KARNATAKA,Bagalkot,9.45854209408,Murugaiah Mallaiah Virakthmat,Private,Opencast,Non-Metallic,NGDR_MajorLease2022,centroid_from_NGDR_lease_polygon
30KAR19016,HIND ML 2208,Iron Ore,mining,13.414549269923619,76.67233169279518,KARNATAKA,Tumkur,74.897897965,"M/s BALAJI PRODUCE COMPANY,",Private,Opencast,Metallic,NGDR_MajorLease2022,centroid_from_NGDR_lease_polygon
27KAR16002,UTI,Gold ore,mining,16.268848493534687,76.78034526795365,KARNATAKA,Raichur,47.9158383,M/s Hutti Gold Mines Company Ltd,SPSU,Underground,Metallic,NGDR_MajorLease2022,centroid_from_NGDR_lease_polygon
27KAR16004,HIRA-BUDIDIN,Gold ore,mining,16.19126379273728,76.80233374791483,KARNATAKA,Raichur,21.8620811493,M/s Hutti Gold Mines Company Ltd,SPSU,Underground,Metallic,NGDR_MajorLease2022,centroid_from_NGDR_lease_polygon
19KAR26013,Palkimanya,Limestone,mining,16.132732963222974,75.37154795823056,KARNATAKA,Bagalkot,3.25,Gayatri Minerals (S.H.Deshpande),Private,Opencast,Non-Metallic,NGDR_MajorLease2022,centroid_from_NGDR_lease_polygon
30KAR03156,HADDINAPADE,Iron Ore,mining,15.029828523832926,76.54677168820322,KARNATAKA,Bellary,79.9968132638,BKUMARA GOWDA,Private,Opencast,Metallic,NGDR_MajorLease2022,centroid_from_NGDR_lease_polygon
38KAR26033,Chowdapur,Limestone,mining,16.17435365634373,75.39760577473245,KARNATAKA,Bagalkot,2.61347475681,"SN.Hiremath,(Legal heir of LS Hiremath)",Private,Opencast,Non-Metallic,NGDR_MajorLease2022,centroid_from_NGDR_lease_polygon
38KAR26036,Hirashellikeri,Limestone,mining,16.148516457463753,75.53827996150234,KARNATAKA,Bagalkot,451.885205305,Mysore Minerals Ltd,SPSU,Opencast,Non-Metallic,NGDR_MajorLease2022,centroid_from_NGDR_lease_polygon
38KAR26039,Kajjidoni,Limestone,mining,16.157871599313836,75.45492083909427,KARNATAKA,Bagalkot,48.9173701609,Bagalkot Cement & Industries Ltd,Private,Opencast,Non-Metallic,NGDR_MajorLease2022,centroid_from_NGDR_lease_polygon
38KAR26049,Naganapur,Limestone,mining,16.17949859641249,75.35138025760982,KARNATAKA,Bagalkot,3.61586750369,GURUNATH B HUGAR (Shri Annadanesh Mines),Private,Opencast,Non-Metallic,NGDR_MajorLease2022,centroid_from_NGDR_lease_polygon
38KAR26050,Sulikeri,Limestone,mining,16.1093123246993,75.65006652139736,KARNATAKA,Bagalkot,14.8920595139,"VS.Raikar,C/o Vijayalaxmi Jewellers",Private,Opencast,Non-Metallic,NGDR_MajorLease2022,centroid_from_NGDR_lease_polygon
30KAR03160,RAMGAD  ML 2547,Iron Ore,mining,15.082373457792526,76.49586098157158,KARNATAKA,Bellary,50.032886562,"M/s ZEENATH TRANSPORTCO.,",Private,Opencast,Metallic,NGDR_MajorLease2022,centroid_from_NGDR_lease_polygon
38KAR26053,Hebbal,Limestone,mining,16.198022875971155,75.33979090062148,KARNATAKA,Bagalkot,3.98192532517,H G. Shripad,Private,Opencast,Non-Metallic,NGDR_MajorLease2022,centroid_from_NGDR_lease_polygon
11KAR11003,JAMBUR ML 2132,Chromite,mining,12.991991253364578,76.4748390052005,KARNATAKA,Hassan,214.611570185,"M/s Mysore Minerals Ltd,",SPSU,Opencast,Metallic,NGDR_MajorLease2022,centroid_from_NGDR_lease_polygon
28KAR14001,ITNA THORWALLI,Graphite,mining,12.016500619352032,76.39940865318052,KARNATAKA,Mysore,19.3120667122,M/s DURGA MINING,Private,Opencast,Non-Metallic,NGDR_MajorLease2022,centroid_from_NGDR_lease_polygon
38KAR26054,Kanasageri,Limestone,mining,16.185988522465173,75.3268497006035,KARNATAKA,Bagalkot,5.85392949371,SB.Mudakavi,Private,Opencast,Non-Metallic,NGDR_MajorLease2022,centroid_from_NGDR_lease_polygon
38KAR26055,Halki and Ninganpur,Limestone,mining,16.21991497458621,75.26792241841756,KARNATAKA,Bagalkot,4.85283172175,Navodaya Minerals(HS.Naikar),Private,Opencast,Non-Metallic,NGDR_MajorLease2022,centroid_from_NGDR_lease_polygon
38KAR26056,Lokapur,Limestone,mining,16.172512301033798,75.37023841088194,KARNATAKA,Bagalkot,2.99718593917,Kashinath GBollishetti,Private,Opencast,Non-Metallic,NGDR_MajorLease2022,centroid_from_NGDR_lease_polygon
37KAR15029,Bargi,Lime Shell,mining,14.532217050393676,74.37763967416146,KARNATAKA,Uttara Kannada,0.618605272687,Narayan Sannakus Harikantra,Private,Opencast,Non-Metallic,NGDR_MajorLease2022,centroid_from_NGDR_lease_polygon
30KAR03172,KALLAHALLI IRON ORE MINES,Iron Ore,mining,15.219030382350311,76.42384995543514,KARNATAKA,Bellary,36.5295289567,"KR. KAVIRAJ,",Private,Opencast,Metallic,NGDR_MajorLease2022,centroid_from_NGDR_lease_polygon
37KAR15016,Mavinhalla,Lime Shell,mining,14.862413473302155,74.171013991141,KARNATAKA,Uttara Kannada,11.3414248805,Kamala MPawar,Private,Opencast,Non-Metallic,NGDR_MajorLease2022,centroid_from_NGDR_lease_polygon
30KAR03141,HARISHANKAR ML 1754,Iron Ore,mining,15.024869299340331,76.56706951149401,KARNATAKA,Bellary,6.76243146319,"MYSORE MINERALS LTD,",SPSU,Opencast,Metallic,NGDR_MajorLease2022,centroid_from_NGDR_lease_polygon
38KAR26057,Lokapur,Limestone,mining,16.158229108869946,75.38659908806191,KARNATAKA,Bagalkot,1.15898050129,SS.Malligeri (Chinmay Udyog),Private,Opencast,Non-Metallic,NGDR_MajorLease2022,centroid_from_NGDR_lease_polygon
38KAR26069,Chikkalgundi,Limestone,mining,16.254887621787578,75.44502486973855,KARNATAKA,Bagalkot,1.84270809505,Linganand SHiremath,Private,Opencast,Non-Metallic,NGDR_MajorLease2022,centroid_from_NGDR_lease_polygon
38KAR26070,Lokapur,Limestone,mining,16.170739623302694,75.36955675590956,KARNATAKA,Bagalkot,4.0124790913,LS.Hiremath,Private,Opencast,Non-Metallic,NGDR_MajorLease2022,centroid_from_NGDR_lease_polygon
30KAR03157,KALLAHALLI / HN.P.MINES&MINERALS ML 2538,Iron Ore,mining,15.223853028010772,76.42520678932208,KARNATAKA,Bellary,20.5123615269,"H N PREMKUMAR,",Private,Opencast,Metallic,NGDR_MajorLease2022,centroid_from_NGDR_lease_polygon
38KAR26061,Yendigere,Limestone,mining,16.13685608525477,75.45217757171228,KARNATAKA,Bagalkot,4.45157686587,SR.Salimath,Private,Opencast,Non-Metallic,NGDR_MajorLease2022,centroid_from_NGDR_lease_polygon
38KAR26073,Muddapur,Limestone,mining,16.199639924019635,75.29042746454915,KARNATAKA,Bagalkot,18.1993158248,South West Mining Ltd,Private,Opencast,Non-Metallic,NGDR_MajorLease2022,centroid_from_NGDR_lease_polygon
38KAR26058,Muddapur,Limestone,mining,16.2223000197552,75.327272769081,KARNATAKA,Bagalkot,161.508226858,JK. Cement Ltd.,Private,Opencast,Non-Metallic,NGDR_MajorLease2022,centroid_from_NGDR_lease_polygon
38KAR26059,Halki,Limestone,mining,16.225741477359428,75.25349379774939,KARNATAKA,Bagalkot,123.144749714,JK. Cement Ltd.,Private,Opencast,Non-Metallic,NGDR_MajorLease2022,centroid_from_NGDR_lease_polygon
38KAR26072,Halki,Limestone,mining,16.219201539054627,75.26668275824717,KARNATAKA,Bagalkot,3.37735330053,JK. Cement Ltd.,Private,Opencast,Non-Metallic,NGDR_MajorLease2022,centroid_from_NGDR_lease_polygon
38KAR26074,Naganapur,Limestone,mining,16.179435338909965,75.34654223756564,KARNATAKA,Bagalkot,5.08341827278,AB. Anagal (M/s Srisha Mines),Private,Opencast,Non-Metallic,NGDR_MajorLease2022,centroid_from_NGDR_lease_polygon
38KAR26078,Muddapur,Limestone,mining,16.201981183852023,75.28766318364511,KARNATAKA,Bagalkot,4.78346662666,CA. Patil,Private,Opencast,Non-Metallic,NGDR_MajorLease2022,centroid_from_NGDR_lease_polygon
38KAR26077,Srinivas Mines & Minerals,Limestone,mining,16.15905335321684,75.38739729012322,KARNATAKA,Bagalkot,3.29951003546,Srinivas Mines & Minerals,Private,Opencast,Non-Metallic,NGDR_MajorLease2022,centroid_from_NGDR_lease_polygon
38KAR26079,Chaithanya Industries,Limestone,mining,16.216912050075006,75.31963706003438,KARNATAKA,Bagalkot,3.95008422807,Khotha Ramkrishnarao,Private,Opencast,Non-Metallic,NGDR_MajorLease2022,centroid_from_NGDR_lease_polygon
30KAR26001,Amingad,Iron Ore,mining,16.063072709477904,75.91394151788994,KARNATAKA,Bagalkot,4.93503437244,Ravi Sangappa Sardesai,Private,Opencast,Metallic,NGDR_MajorLease2022,centroid_from_NGDR_lease_polygon
30KAR05001,Hiremagi Aiholi,Iron Ore,mining,16.06382595128867,75.90830236856269,KARNATAKA,Bagalkot,29.2014887979,Doddanwar Brothers,Private,Opencast,Metallic,NGDR_MajorLease2022,centroid_from_NGDR_lease_polygon
30KAR03164,JAISING IRON ML 2545,Iron Ore,mining,15.175853956287556,76.43401012354816,KARNATAKA,Bellary,34.62002359,"KR. KAVIRAJ,",Private,Opencast,Metallic,NGDR_MajorLease2022,centroid_from_NGDR_lease_polygon
38KAR26087,Lokapur,Limestone,mining,16.156507168477663,75.38860978541236,KARNATAKA,Bagalkot,5.62023833408,Akshay Minerals (Nagappa Rudrappa Sidnal),Private,Opencast,Non-Metallic,NGDR_MajorLease2022,centroid_from_NGDR_lease_polygon
30KAR03002,APPANAHALLI     ML NEW-2594     ML 987,Iron Ore,mining,15.014471893276413,76.6572532563949,KARNATAKA,Bellary,209.231664872,"M/s TUNGABHADRA MINERALS (P) LIMITED,",Private,Opencast,Metallic,NGDR_MajorLease2022,centroid_from_NGDR_lease_polygon
11KAR11002,BYRAPUR,Chromite,mining,13.110415274729359,76.41215553861882,KARNATAKA,Hassan,18.2061433289,"M/s Mysore Minerals Ltd,",SPSU,Underground,Metallic,NGDR_MajorLease2022,centroid_from_NGDR_lease_polygon
30KAR07033,MAHADEVANAKATTE,Iron Ore,mining,14.085114230078181,76.33593058239644,KARNATAKA,Chitradurga,14.7761338169,"SV.Basavaraj,",Private,Opencast,Metallic,NGDR_MajorLease2022,centroid_from_NGDR_lease_polygon
38KAR26080,Muddapur,Limestone,mining,16.225008728652817,75.32662796089556,KARNATAKA,Bagalkot,4.61213983321,Shri Venkatesh S Patil,Private,Opencast,Non-Metallic,NGDR_MajorLease2022,centroid_from_NGDR_lease_polygon
38KAR26082,Palkimanya,Limestone,mining,16.125309372533646,75.37333453146645,KARNATAKA,Bagalkot,3.53509434171,Abhay Kumar Hemaraj Sharma,Private,Opencast,Non-Metallic,NGDR_MajorLease2022,centroid_from_NGDR_lease_polygon
38KAR26081,Lokapur,Limestone,mining,16.149292016598515,75.39602685338367,KARNATAKA,Bagalkot,5.16248861185,Ashok M Patil,Private,Opencast,Non-Metallic,NGDR_MajorLease2022,centroid_from_NGDR_lease_polygon
38KAR26086,Naganapur,Limestone,mining,16.174685578000865,75.34426117586295,KARNATAKA,Bagalkot,5.2684575264,Sri Somalingeshwar Stone Powder Inds,Private,Opencast,Non-Metallic,NGDR_MajorLease2022,centroid_from_NGDR_lease_polygon
38KAR26085,Hebbal,Limestone,mining,16.18911608660991,75.32621887790815,KARNATAKA,Bagalkot,5.38415787922,Sandeep Minerals  (Sri Bheemappa D.Katti),Private,Opencast,Non-Metallic,NGDR_MajorLease2022,centroid_from_NGDR_lease_polygon
28KAR14003,HUNAGANAHALLI,Graphite,mining,12.061389831650738,76.41874311417749,KARNATAKA,Mysore,32.7243941835,"M/s KARNATAKA MINING INDUSTRY,",Private,Opencast,Non-Metallic,NGDR_MajorLease2022,centroid_from_NGDR_lease_polygon
30KAR07034,Dindadahalli ML 2658,Iron Ore,mining,14.198327707176523,76.22951992946085,KARNATAKA,Chitradurga,11.0622267429,"M/s Goa Sponge & Power Ltd,",Private,Opencast,Metallic,NGDR_MajorLease2022,centroid_from_NGDR_lease_polygon
30KAR03111,JANIKUNTA ML 2368,Iron Ore,mining,15.11110128339171,76.7966976232591,KARNATAKA,Bellary,48.4749078427,"V Venkateshulu,",Private,Opencast,Metallic,NGDR_MajorLease2022,centroid_from_NGDR_lease_polygon
33KAR11001,Madagatta Kyanite Mines,Kyanite,mining,13.079354917046503,75.91582749737775,KARNATAKA,Hassan,3.40863306165,"M/s Limra Kyanite Minerals , (Raffulla sab)",Private,Opencast,Non-Metallic,NGDR_MajorLease2022,centroid_from_NGDR_lease_polygon
38KAR02037,Yadwad (312 ha.),Limestone,mining,16.239644009680777,75.19277888176975,KARNATAKA,Belgaum,3.17554341845,IL. Ittannavar,Private,Opencast,Non-Metallic,NGDR_MajorLease2022,centroid_from_NGDR_lease_polygon
38KAR26051,Naganapur,Limestone,mining,16.17476201664614,75.34386967246809,KARNATAKA,Bagalkot,2.8728760281,SMT RAJESWARI M. VIRAKTAMATH,Private,Opencast,Non-Metallic,NGDR_MajorLease2022,centroid_from_NGDR_lease_polygon
38KAR26088,Muddapur,Limestone,mining,16.201027514152408,75.29147923998256,KARNATAKA,Bagalkot,5.31995818726,Veerendera R Mathad,Private,Opencast,Non-Metallic,NGDR_MajorLease2022,centroid_from_NGDR_lease_polygon
38KAR02036,Budnikhurd,Limestone,mining,16.19618840998881,75.2212166580062,KARNATAKA,Belgaum,4.72245312639,Suresh Kumar Lakhotia,Private,Opencast,Non-Metallic,NGDR_MajorLease2022,centroid_from_NGDR_lease_polygon
38KAR05002,Bagalkot,Limestone,mining,16.182556016195807,75.67196635729059,KARNATAKA,Bagalkot,427.860094466,Bagalkot Cement & Industries Ltd,Private,Opencast,Non-Metallic,NGDR_MajorLease2022,centroid_from_NGDR_lease_polygon
38KAR07025,DODDABYLADEKERE(2367),Limestone,mining,13.674675334787027,76.52152929857675,KARNATAKA,Chitradurga,41.0044055563,"M/sThe RAMCO Cements LTD,",Private,Opencast,Non-Metallic,NGDR_MajorLease2022,centroid_from_NGDR_lease_polygon
38KAR26003,Varchagal,Limestone,mining,16.128155824976613,75.37217371988926,KARNATAKA,Bagalkot,16.3008522654,VP.Patel (M/s Bhagya Laxmi Mineral Industries),Private,Opencast,Non-Metallic,NGDR_MajorLease2022,centroid_from_NGDR_lease_polygon
38KAR26008,Kalaskoppa,Limestone,mining,16.155136718928794,75.50383553173437,KARNATAKA,Bagalkot,85.1116201165,Mysore Minerals Ltd,SPSU,Opencast,Non-Metallic,NGDR_MajorLease2022,centroid_from_NGDR_lease_polygon
38KAR26017,Chikkalgundi,Limestone,mining,16.254927543365003,75.44392480999568,KARNATAKA,Bagalkot,2.83182623496,HB.B.B.Patil,Private,Opencast,Non-Metallic,NGDR_MajorLease2022,centroid_from_NGDR_lease_polygon
38KAR26021,Muddapur,Limestone,mining,16.220768014082413,75.32495923603817,KARNATAKA,Bagalkot,10.3465643519,Shivaji Vasudev Deogiri,Private,Opencast,Non-Metallic,NGDR_MajorLease2022,centroid_from_NGDR_lease_polygon
38KAR26090,NAGANAPUR,Limestone,mining,16.185121733106588,75.33663476707082,KARNATAKA,Bagalkot,4.85,ASHIRWAD MINERALS,Private,Opencast,Non-Metallic,NGDR_MajorLease2022,centroid_from_NGDR_lease_polygon
38KAR26071,Muddapur,Limestone,mining,16.202189648200765,75.29261189490971,KARNATAKA,Bagalkot,5.18628177471,VR.Mathad,Private,Opencast,Non-Metallic,NGDR_MajorLease2022,centroid_from_NGDR_lease_polygon
19KAR26007,Kadapatti,Limestone,mining,16.103005836236168,75.69746649750793,KARNATAKA,Bagalkot,85.1963384421,Mysore Minerals Ltd,SPSU,Opencast,Non-Metallic,NGDR_MajorLease2022,centroid_from_NGDR_lease_polygon
19KAR26014,Thimmapur,Limestone,mining,16.199772700626056,75.31668617121026,KARNATAKA,Bagalkot,2.5745520264,Ningagouda A Patel,Private,Opencast,Non-Metallic,NGDR_MajorLease2022,centroid_from_NGDR_lease_polygon
30KAR07029,Bedarabommanahalli,Iron Ore,mining,14.20843472970247,76.22888799468208,KARNATAKA,Chitradurga,1.58455102054,GJ.KUMAR,Private,Opencast,Metallic,NGDR_MajorLease2022,centroid_from_NGDR_lease_polygon
38KAR26028,Chowdapur,Limestone,mining,16.180280084798508,75.39885899567432,KARNATAKA,Bagalkot,5.03468854714,BC. Male,Private,Opencast,Non-Metallic,NGDR_MajorLease2022,centroid_from_NGDR_lease_polygon
37KAR15001,Hoskatti,Lime Shell,mining,14.54771395429269,74.3601788696126,KARNATAKA,Uttara Kannada,7.89878847438,"PP.Gaonkar,Partner",Private,Opencast,Non-Metallic,NGDR_MajorLease2022,centroid_from_NGDR_lease_polygon
37KAR15011,Chittakula,Lime Shell,mining,14.852340321989159,74.14466340003186,KARNATAKA,Uttara Kannada,71.2412092206,Naik Minerals,Private,Opencast,Non-Metallic,NGDR_MajorLease2022,centroid_from_NGDR_lease_polygon
37KAR15028,Navilgaon,Lime Shell,mining,14.365912056479791,74.43381563830735,KARNATAKA,Uttara Kannada,5.62683266772,Gajanan Mines(Siddarth GNayak),Private,Opencast,Non-Metallic,NGDR_MajorLease2022,centroid_from_NGDR_lease_polygon
38KAR26005,Kaladgi,Limestone,mining,16.16040502572815,75.49526306076532,KARNATAKA,Bagalkot,174.066566614,Bagalkot Cement & Industries Ltd,Private,Opencast,Non-Metallic,NGDR_MajorLease2022,centroid_from_NGDR_lease_polygon
40KAR03026,SWAMYHALLI Manganese MINE,Manganese Ore,mining,14.973361457174017,76.59941282470707,KARNATAKA,Bellary,4.79130546834,"J.M Vrushabhendriah, bdcc bank employees colony, m.t nagar, hospet, bellary- 583203",Private,Opencast,Metallic,NGDR_MajorLease2022,centroid_from_NGDR_lease_polygon
38KAR26035,Hanamareri,Limestone,mining,16.141650643209086,75.4337675327915,KARNATAKA,Bagalkot,105.058835245,Mysore Minerals Ltd,SPSU,Opencast,Non-Metallic,NGDR_MajorLease2022,centroid_from_NGDR_lease_polygon
40KAR19029,Shivasandra,Manganese Ore,mining,13.353645402137541,76.76810319716807,KARNATAKA,Tumkur,21.1195437435,"M/s Sunanda V. Allum,",Private,Opencast,Metallic,NGDR_MajorLease2022,centroid_from_NGDR_lease_polygon
38KAR19007,SOMANAHALLI ML-1951,Limestone,mining,13.640480432937181,76.57417150639122,KARNATAKA,Tumkur,75.5151101628,"M/s  The RAMCO Cements LTD,",Private,Opencast,Non-Metallic,NGDR_MajorLease2022,centroid_from_NGDR_lease_polygon
38KAR19012,YEREKATTE,Limestone,mining,13.400083644793245,76.71973209774944,KARNATAKA,Tumkur,32.7557298888,"M/s Heidelberg Cement India Ltd,",Private,Opencast,Non-Metallic,NGDR_MajorLease2022,centroid_from_NGDR_lease_polygon
38KAR05024,Neerbudhial,Limestone,mining,16.131876319470976,75.52840308455121,KARNATAKA,Bagalkot,385.446906325,Mysore Minerals Ltd,SPSU,Opencast,Non-Metallic,NGDR_MajorLease2022,centroid_from_NGDR_lease_polygon
38KAR26002,Jalikatti,Limestone,mining,16.15935165603291,75.38540158998981,KARNATAKA,Bagalkot,4.65830688925,RATNA MINERALS (SG.RAIKAR),Private,Opencast,Non-Metallic,NGDR_MajorLease2022,centroid_from_NGDR_lease_polygon
38KAR26060,Hebbal,Limestone,mining,16.195593469534053,75.33806978103003,KARNATAKA,Bagalkot,5.13725181537,Kallappa H Sabarad,Private,Opencast,Non-Metallic,NGDR_MajorLease2022,centroid_from_NGDR_lease_polygon
38KAR26027,Lokapur,Limestone,mining,16.169035655391394,75.38713309959545,KARNATAKA,Bagalkot,2.11073035808,RG.Bolishetty (Gurubasav Minerals),Private,Opencast,Non-Metallic,NGDR_MajorLease2022,centroid_from_NGDR_lease_polygon
38KAR26048,Naganapur,Limestone,mining,16.173898970683055,75.34553020121768,KARNATAKA,Bagalkot,2.42478380176,Naveen Minerals (VITTAL RAMCHANDRA GOUD PATIL),Private,Opencast,Non-Metallic,NGDR_MajorLease2022,centroid_from_NGDR_lease_polygon
30KAR19015,BD.HANUMAN SINGH,Iron Ore,mining,13.334352177481826,76.70727719572905,KARNATAKA,Tumkur,88.5892429757,"VINOD GOEL,",Private,Opencast,Metallic,NGDR_MajorLease2022,centroid_from_NGDR_lease_polygon
30KAR19036,SHANKARESHWAR MINING INDUSTRIES ML 1700/ 2570,Iron Ore,mining,13.411085667036208,76.67823711833937,KARNATAKA,Tumkur,10.4438783703,"BR. GANANPATHI SINGH,",Private,Opencast,Metallic,NGDR_MajorLease2022,centroid_from_NGDR_lease_polygon
30KAR19022,MOOKAMBIKA ML 1957,Iron Ore,mining,13.37628276891661,76.68203797393898,KARNATAKA,Tumkur,40.3692713052,"M UPENDRAN ,",Private,Opencast,Metallic,NGDR_MajorLease2022,centroid_from_NGDR_lease_polygon
30KAR03104,DHARMAPURI ML2160,Iron Ore,mining,15.071917871210173,76.50702065219599,KARNATAKA,Bellary,17.5636894296,"M/s Veerabhadrappa Sangappa &Co,",Private,Opencast,Metallic,NGDR_MajorLease2022,centroid_from_NGDR_lease_polygon
38KAR26063,Lokapur,Limestone,mining,16.16980938711155,75.38365478900747,KARNATAKA,Bagalkot,3.64783199768,BC.Udapudi (Lokapur Mineral Industries),Private,Opencast,Non-Metallic,NGDR_MajorLease2022,centroid_from_NGDR_lease_polygon
30KAR03124,KARADIKOLLA ML 1874/2520,Iron Ore,mining,15.225273185609076,76.42937000884686,KARNATAKA,Bellary,18.8476946172,"M/s GG. Brothers,",Private,Opencast,Metallic,NGDR_MajorLease2022,centroid_from_NGDR_lease_polygon
30KAR03052,RAJAPURA ML NEW 2595  ML 899,Iron Ore,mining,15.029261312969746,76.66001114209597,KARNATAKA,Bellary,42.999578274,M/s TUNGABHADRA MINERALS PVT LTD,Private,Opencast,Metallic,NGDR_MajorLease2022,centroid_from_NGDR_lease_polygon
38KAR02025,Kamkeri,Limestone,mining,16.20291134019663,75.25711562000171,KARNATAKA,Belgaum,4.39926205947,BD.Kenchareddi,Private,Opencast,Non-Metallic,NGDR_MajorLease2022,centroid_from_NGDR_lease_polygon
38KAR02026,Kamakeri,Limestone,mining,16.192549937022132,75.27263394814688,KARNATAKA,Belgaum,4.10419915171,RS.Pujari,Private,Opencast,Non-Metallic,NGDR_MajorLease2022,centroid_from_NGDR_lease_polygon
38KAR02027,Yadwad,Limestone,mining,16.206607435060157,75.19380798419814,KARNATAKA,Belgaum,10.0614406008,BB.Nyamagowdar,Private,Opencast,Non-Metallic,NGDR_MajorLease2022,centroid_from_NGDR_lease_polygon
11KAR11001,BHAKTARHALLI,Chromite,mining,13.095630097177485,76.42017545634783,KARNATAKA,Hassan,263.889211397,"M/s Mysore Minerals Ltd,",SPSU,Opencast,Metallic,NGDR_MajorLease2022,centroid_from_NGDR_lease_polygon
38KAR02028,Awardi,Limestone,mining,16.319155175171908,75.1096438199325,KARNATAKA,Belgaum,5.22475496972,Adarsh Minerals (MS.Patil),Private,Opencast,Non-Metallic,NGDR_MajorLease2022,centroid_from_NGDR_lease_polygon
38KAR02029,Awaradi,Limestone,mining,16.320341092920387,75.11049382672196,KARNATAKA,Belgaum,4.1286798367,R K. Utagi,Private,Opencast,Non-Metallic,NGDR_MajorLease2022,centroid_from_NGDR_lease_polygon
38KAR02030,Yadwad,Limestone,mining,16.231443202217328,75.1848484095362,KARNATAKA,Belgaum,4.38201231774,Sashi Minerals,Private,Opencast,Non-Metallic,NGDR_MajorLease2022,centroid_from_NGDR_lease_polygon
38KAR02031,Kamakeri,Limestone,mining,16.20054259795466,75.25773413039404,KARNATAKA,Belgaum,4.49894974877,Basappa Dundappa Kencha Reddy,Private,Opencast,Non-Metallic,NGDR_MajorLease2022,centroid_from_NGDR_lease_polygon
30KAR03069,SUBBARAYANAHALLI IRON ORE MINES,Iron Ore,mining,15.021027925841148,76.5560460047979,KARNATAKA,Bellary,81.0742281269,"M/s Mysore Minerals Ltd,",SPSU,Opencast,Metallic,NGDR_MajorLease2022,centroid_from_NGDR_lease_polygon
38KAR02032,Yadwad,Limestone,mining,16.23765727290993,75.19952845355915,KARNATAKA,Belgaum,5.26517976782,Mallappa Shivappa Chekkennavar,Private,Opencast,Non-Metallic,NGDR_MajorLease2022,centroid_from_NGDR_lease_polygon
38KAR02033,YADWAD,Limestone,mining,16.218187523946494,75.19830757647566,KARNATAKA,Belgaum,4.48269836996,LAKSHMAN BHIMAPPA KERI,Private,Opencast,Non-Metallic,NGDR_MajorLease2022,centroid_from_NGDR_lease_polygon
39KAR14002,KARYA,Magnesite,mining,12.070540973415945,76.55131045532883,KARNATAKA,Mysore,87.3976158271,"M/s Mysore Minerals Ltd,",SPSU,Opencast,Non-Metallic,NGDR_MajorLease2022,centroid_from_NGDR_lease_polygon
30KAR03109,BASAVESWARA ML 1611,Iron Ore,mining,15.142534201871447,76.46603440791571,KARNATAKA,Bellary,16.7225035283,"M/s Shree Marketing Corporation,",Private,Opencast,Metallic,NGDR_MajorLease2022,centroid_from_NGDR_lease_polygon
38KAR05005,Chikkashellikeri,Limestone,mining,16.155385822665085,75.51719475454965,KARNATAKA,Bagalkot,8.67173418471,Bagalkot Chemical Industries,Private,Opencast,Non-Metallic,NGDR_MajorLease2022,centroid_from_NGDR_lease_polygon
40KAR07041,HULLIKATTE 1992,Manganese Ore,mining,14.446948102027937,76.12293775557097,KARNATAKA,Davanagere,25.5250081231,"M/s Mineral Enterprises Pvt Ltd.,",Private,Opencast,Metallic,NGDR_MajorLease2022,centroid_from_NGDR_lease_polygon
38KAR05010,Choudapur,Limestone,mining,16.17292267364526,75.37213986256177,KARNATAKA,Bagalkot,4.19737864682,Latey Mines,Private,Opencast,Non-Metallic,NGDR_MajorLease2022,centroid_from_NGDR_lease_polygon
38KAR05009,Kaladgi / Chikkashellikeri,Limestone,mining,16.152599881149122,75.52151103631107,KARNATAKA,Bagalkot,63.914456596,Mysore Minerals Ltd,SPSU,Opencast,Non-Metallic,NGDR_MajorLease2022,centroid_from_NGDR_lease_polygon
38KAR07018,KANCHIPURA ML1839,Limestone,mining,13.723103976950325,76.4567265379078,KARNATAKA,Chitradurga,125.133628891,"M/s The RAMCO Cements LTD,",Private,Opencast,Non-Metallic,NGDR_MajorLease2022,centroid_from_NGDR_lease_polygon
30KAR03163,DONIMALAI IRON ORE,Iron Ore,mining,15.04179435016767,76.62709020699921,KARNATAKA,Bellary,139.681581359,"SHREE GAVISIDDESWARA MINERALS,",Private,Opencast,Metallic,NGDR_MajorLease2022,centroid_from_NGDR_lease_polygon
38KAR26047,Lokapur (Jalikatti),Limestone,mining,16.159292551694787,75.38277123795093,KARNATAKA,Bagalkot,4.31182692198,SG.Raikar,Private,Opencast,Non-Metallic,NGDR_MajorLease2022,centroid_from_NGDR_lease_polygon
30KAR03103,THIMMAPPANAGUDI,Iron Ore,mining,15.138882343346005,76.52821827952344,KARNATAKA,Bellary,140.835464841,"M/s Mysore Minerals Ltd,",SPSU,Opencast,Metallic,NGDR_MajorLease2022,centroid_from_NGDR_lease_polygon
38KAR26065,Yandigeri,Limestone,mining,16.13731994834567,75.45349921184153,KARNATAKA,Bagalkot,4.91182837272,SESHA SAI LIMESTONE,Private,Opencast,Non-Metallic,NGDR_MajorLease2022,centroid_from_NGDR_lease_polygon
38KAR10003,INJEPALLI,Limestone,mining,17.166462355141324,77.30828725934211,KARNATAKA,Gulbarga,898.203396136,M/s KESORAM INDUSTRIES LIMITED,Private,Opencast,Non-Metallic,NGDR_MajorLease2022,centroid_from_NGDR_lease_polygon
38KAR10017,Kalburgi Cement Limestone Mine,Limestone,mining,17.31806256522539,77.44499736393111,KARNATAKA,Gulbarga,483.104243313,"M/s Kalburgi Cement Private Limited,",Private,Opencast,Non-Metallic,NGDR_MajorLease2022,centroid_from_NGDR_lease_polygon
38KAR10020,KHARCHIKHED LIMESTONE MINE,Limestone,mining,17.296584568286892,77.41979280053305,KARNATAKA,Gulbarga,472.152753167,"M/s Kalburgi Cement Private Limited, 8-2-626,  reliance majestic road no. 10, banjara hills, Hyderabad-500034,",Private,Opencast,Non-Metallic,NGDR_MajorLease2022,centroid_from_NGDR_lease_polygon
38KAR26019,Varchagal,Limestone,mining,16.13501328734358,75.35548281322347,KARNATAKA,Bagalkot,4.71409653469,SundhakarS.Sarwad,Private,Opencast,Non-Metallic,NGDR_MajorLease2022,centroid_from_NGDR_lease_polygon
38KAR26032,Anthapur,Limestone,mining,16.265417624626615,75.37933524411562,KARNATAKA,Bagalkot,45.0008853144,Lime Chem Industries,Private,Opencast,Non-Metallic,NGDR_MajorLease2022,centroid_from_NGDR_lease_polygon
38KAR26018,Thimmapur,Limestone,mining,16.20996826945241,75.32010141192063,KARNATAKA,Bagalkot,4.78751566749,Devaraya Mining Company(KSuresh Reddy),Private,Opencast,Non-Metallic,NGDR_MajorLease2022,centroid_from_NGDR_lease_polygon
38KAR26066,Kaladgi,Limestone,mining,16.159998287812773,75.49911664850778,KARNATAKA,Bagalkot,5.08201900841,SB.Angadi,Private,Opencast,Non-Metallic,NGDR_MajorLease2022,centroid_from_NGDR_lease_polygon
38KAR26067,Muddapur,Limestone,mining,16.214656932828184,75.31695284533517,KARNATAKA,Bagalkot,8.19775174148,KASHIVISHWANATHAN HANUMAYYA KOTHA,Private,Opencast,Non-Metallic,NGDR_MajorLease2022,centroid_from_NGDR_lease_polygon
38KAR26068,Thimmapur,Limestone,mining,16.20034867498953,75.31361095130592,KARNATAKA,Bagalkot,4.77086309179,Shivangouda A Patel,Private,Opencast,Non-Metallic,NGDR_MajorLease2022,centroid_from_NGDR_lease_polygon
37KAR15004,Kinner Kadwad /Sunkeri,Lime Shell,mining,14.857008151720066,74.17393586538647,KARNATAKA,Uttara Kannada,135.998863644,Coastal Minerals,Private,Opencast,Non-Metallic,NGDR_MajorLease2022,centroid_from_NGDR_lease_polygon
37KAR15010,Sunkeri & Nandangad,Lime Shell,mining,14.841905873179467,74.16186047628558,KARNATAKA,Uttara Kannada,33.2654057215,Naik Minerals,Private,Opencast,Non-Metallic,NGDR_MajorLease2022,centroid_from_NGDR_lease_polygon
37KAR15008,Sunkeri & Kadwad,Lime Shell,mining,14.85756752790347,74.153488033853,KARNATAKA,Uttara Kannada,38.0851490356,West Coast Paper Mills Ltd,Private,Opencast,Non-Metallic,NGDR_MajorLease2022,centroid_from_NGDR_lease_polygon
07KAR02001,DBS Bauxite Mine,Bauxite,mining,15.807131555030471,74.43020708146808,KARNATAKA,Belgaum,120.074120319,Dalchand Bahadur Singh,Private,Opencast,Metallic,NGDR_MajorLease2022,centroid_from_NGDR_lease_polygon
38KAR05025,Lokapur (East),Limestone,mining,16.155251374436336,75.39355733096271,KARNATAKA,Bagalkot,242.823061628,Mysore Minerals Ltd,SPSU,Opencast,Non-Metallic,NGDR_MajorLease2022,centroid_from_NGDR_lease_polygon
38KAR17001,BADIGUND,Limestone,mining,13.883783490513999,75.85291352352579,KARNATAKA,Davanagere,40.3280332196,M/s STEEL AUTHORITY OF INDIA LIMITED (SAIL),CPSU,Opencast,Non-Metallic,NGDR_MajorLease2022,centroid_from_NGDR_lease_polygon
30KAR03154,MH.R MINES /SM BLOCK,Iron Ore,mining,14.992043028876472,76.6755572861739,KARNATAKA,Bellary,19.2445550568,MHANUMANTHA RAO,Private,Opencast,Metallic,NGDR_MajorLease2022,centroid_from_NGDR_lease_polygon
37KAR15017,Kodkani,Lime Shell,mining,14.493175392296898,74.40335654249677,KARNATAKA,Uttara Kannada,3.13629770049,Sudhakar R Shanbagh,Private,Opencast,Non-Metallic,NGDR_MajorLease2022,centroid_from_NGDR_lease_polygon
37KAR15031,Kanasgeri,Lime Shell,mining,14.855944703883985,74.14346393354576,KARNATAKA,Uttara Kannada,9.63408458883,Suresh P Pednekar,Private,Opencast,Non-Metallic,NGDR_MajorLease2022,centroid_from_NGDR_lease_polygon
37KAR15030,Gokarna,Lime Shell,mining,14.541689066208503,74.34951823160934,KARNATAKA,Uttara Kannada,4.9636880345,Shri Veeranjanaya Minerals,Private,Opencast,Non-Metallic,NGDR_MajorLease2022,centroid_from_NGDR_lease_polygon
11KAR11005,ALADAHALLI,Chromite,mining,13.146604129054646,76.35431654506041,KARNATAKA,Hassan,132.263990462,"M/s Mysore Minerals Ltd,",SPSU,Opencast,Metallic,NGDR_MajorLease2022,centroid_from_NGDR_lease_polygon
40KAR03014,RAMGAD/SB Halli(1952),Manganese Ore,mining,15.094448915448604,76.47957421493746,KARNATAKA,Bellary,136.574265595,"M/s The Sandur Manganese & Iron Ores Ltd,",Private,Opencast,Metallic,NGDR_MajorLease2022,centroid_from_NGDR_lease_polygon
30KAR03110,KARADIKOLLA,Iron Ore,mining,15.156559024845478,76.50883259374076,KARNATAKA,Bellary,103.297612521,"M/s CHOWGULE AND CO LTD,",Private,Opencast,Metallic,NGDR_MajorLease2022,centroid_from_NGDR_lease_polygon
30KAR03133,HARGINADONA,Iron Ore,mining,15.134962687417634,76.76446900967255,KARNATAKA,Bellary,77.5267410565,"ALLUM PRASHANT,",Private,Opencast,Metallic,NGDR_MajorLease2022,centroid_from_NGDR_lease_polygon
30KAR03011,DONIMALAI,Iron Ore,mining,15.047086974716647,76.62845021013115,KARNATAKA,Bellary,595.936732068,M/s NMDC LIMITED,CPSU,Opencast,Metallic,NGDR_MajorLease2022,centroid_from_NGDR_lease_polygon
30KAR07032,KUDUREKANVEKAVAL IRON ORE MINES,Iron Ore,mining,13.665026299365815,76.49303101558942,KARNATAKA,Chitradurga,20.8617066553,"M/s GARUDADHRI IMPLEX PVT LTD,",Private,Opencast,Metallic,NGDR_MajorLease2022,centroid_from_NGDR_lease_polygon
38KAR05012,Naganapur,Limestone,mining,16.17631038625513,75.35216199938299,KARNATAKA,Bagalkot,1.65242365316,Malaprabha Mining Industries (P) LTD,Private,Opencast,Non-Metallic,NGDR_MajorLease2022,centroid_from_NGDR_lease_polygon
30KAR03168,VENKATAGIRI IRON ORE MINES ML 2551,Iron Ore,mining,15.193137475161718,76.41120995023238,KARNATAKA,Bellary,21.6686246392,"KR. KAVIRAJ,",Private,Opencast,Metallic,NGDR_MajorLease2022,centroid_from_NGDR_lease_polygon
38KAR26014,Timmapur,Limestone,mining,16.208014520351153,75.31665270826339,KARNATAKA,Bagalkot,15.1074494213,Pawanputra Minerals(PH.Pujar),Private,Opencast,Non-Metallic,NGDR_MajorLease2022,centroid_from_NGDR_lease_polygon
38KAR26041,Hoskatta,Limestone,mining,16.128978351354945,75.2933828969025,KARNATAKA,Bagalkot,89.2921914698,Basappa Pandapp Naik,Private,Opencast,Non-Metallic,NGDR_MajorLease2022,centroid_from_NGDR_lease_polygon
30KAR03055,ZEENATH ML-2120,Iron Ore,mining,15.145591458412408,76.45331412691635,KARNATAKA,Bellary,37.8847716835,M/s ZEENATH TRANSPORT,Private,Opencast,Metallic,NGDR_MajorLease2022,centroid_from_NGDR_lease_polygon
38KAR05016,Petlur,Limestone,mining,16.231183385759316,75.32470755289032,KARNATAKA,Bagalkot,8.2620815025,Gururaj Krishnacharya Katti(U/T to JKCW),Private,Opencast,Non-Metallic,NGDR_MajorLease2022,centroid_from_NGDR_lease_polygon
38KAR02010,Yadwad,Limestone,mining,16.204134260794834,75.1930043679243,KARNATAKA,Belgaum,16.3171660858,BG.K.Sangh,Private,Opencast,Non-Metallic,NGDR_MajorLease2022,centroid_from_NGDR_lease_polygon
38KAR02024,Yadwad,Limestone,mining,16.205161363001103,75.17745806482905,KARNATAKA,Belgaum,5.42098473526,Lakshmi Minerals,Private,Opencast,Non-Metallic,NGDR_MajorLease2022,centroid_from_NGDR_lease_polygon
38KAR26064,Yendigere,Limestone,mining,16.137684554575237,75.45130869955022,KARNATAKA,Bagalkot,3.18334226446,SESHA SAI MINERAL ENTERPRISES,Private,Opencast,Non-Metallic,NGDR_MajorLease2022,centroid_from_NGDR_lease_polygon
38KAR05021,Hebbal & Kannagere,Limestone,mining,16.187234411033725,75.33219705212056,KARNATAKA,Bagalkot,14.3323160409,Murugaiah Mallaiah Virakthmat,Private,Opencast,Non-Metallic,NGDR_MajorLease2022,centroid_from_NGDR_lease_polygon
38KAR05023,HEBBAL,Limestone,mining,16.190397858730023,75.34293288641192,KARNATAKA,Bagalkot,89.8725468936,SHRI SM. MODI,Private,Opencast,Non-Metallic,NGDR_MajorLease2022,centroid_from_NGDR_lease_polygon
38KAR07010,ITTIGEHALLI(2260/ 1667),Limestone,mining,13.818583772435304,76.48084936071008,KARNATAKA,Chitradurga,243.957538425,"M/s  LAKSHMI CEMENT &CERAMICS INDUSTRIES LTD,",Private,Opencast,Non-Metallic,NGDR_MajorLease2022,centroid_from_NGDR_lease_polygon
38KAR07014,TAREKERE(1690)/2381,Limestone,mining,13.785957013276791,76.43849317536623,KARNATAKA,Chitradurga,90.8407132593,"M/s The RAMCO Cements LTD,",Private,Opencast,Non-Metallic,NGDR_MajorLease2022,centroid_from_NGDR_lease_polygon
38KAR07015,MKS  ML 1882,Limestone,mining,13.798183420494095,76.41685297186102,KARNATAKA,Chitradurga,403.036586341,"M/s The RAMCO Cements LTD,",Private,Opencast,Non-Metallic,NGDR_MajorLease2022,centroid_from_NGDR_lease_polygon
38KAR07017,DB.KERE,Limestone,mining,13.678470703822619,76.5188210107448,KARNATAKA,Chitradurga,41.7394332279,"M/s The RAMCO Cements LTD,",Private,Opencast,Non-Metallic,NGDR_MajorLease2022,centroid_from_NGDR_lease_polygon
38KAR07020,Kanchipura 1863,Limestone,mining,13.714990760880706,76.45918512063648,KARNATAKA,Chitradurga,55.3209137909,"M/s  The RAMCO Cements LTD,",Private,Opencast,Non-Metallic,NGDR_MajorLease2022,centroid_from_NGDR_lease_polygon
27KAR16001,HUTTI,Gold ore,mining,16.195704590588146,76.65220402866389,KARNATAKA,Raichur,535.194958109,M/s Hutti Gold Mines Company Ltd,SPSU,Underground,Metallic,NGDR_MajorLease2022,centroid_from_NGDR_lease_polygon
38KAR07026,KK.KAVAL(BUKKASAGAR) ML 2284,Limestone,mining,13.704025081057079,76.44527583760377,KARNATAKA,Chitradurga,9.0556315722,"M/s The RAMCO Cements LTD,",Private,Opencast,Non-Metallic,NGDR_MajorLease2022,centroid_from_NGDR_lease_polygon
38KAR10013,CHITTAPUR LST MINE,Limestone,mining,17.079674013332532,77.03366078842538,KARNATAKA,Gulbarga,925.885901629,M/s Lafarge India Private Ltd.,Private,Opencast,Non-Metallic,NGDR_MajorLease2022,centroid_from_NGDR_lease_polygon
38KAR10015,SHAHABAD(BANKUR) ML2092,Limestone,mining,17.177117722976565,76.96715797007796,KARNATAKA,Gulbarga,331.567486899,"M/s JAYPEE CEMENT CORPORATION LIMITED,",Private,Opencast,Non-Metallic,NGDR_MajorLease2022,centroid_from_NGDR_lease_polygon
38KAR19006,YEREKATTE,Limestone,mining,13.40996431752297,76.711864352318,KARNATAKA,Tumkur,343.657720927,"M/s Heidelberg Cement India Ltd,",Private,Opencast,Non-Metallic,NGDR_MajorLease2022,centroid_from_NGDR_lease_polygon
38KAR26045,Lokapur,Limestone,mining,16.1734111317751,75.36803243852152,KARNATAKA,Bagalkot,3.75800484487,SR.Mathad(Lokeshwar Minerals),Private,Opencast,Non-Metallic,NGDR_MajorLease2022,centroid_from_NGDR_lease_polygon
38KAR26009,Choudapur,Limestone,mining,16.176671123448127,75.36900175921869,KARNATAKA,Bagalkot,4.60743319843,SM.Modi,Private,Opencast,Non-Metallic,NGDR_MajorLease2022,centroid_from_NGDR_lease_polygon
38KAR26010,Hebbal,Limestone,mining,16.188447176582386,75.34780068903831,KARNATAKA,Bagalkot,5.00394762212,BC.Udapudi,Private,Opencast,Non-Metallic,NGDR_MajorLease2022,centroid_from_NGDR_lease_polygon
38KAR26022,Muddapur,Limestone,mining,16.2321749426207,75.33332916958682,KARNATAKA,Bagalkot,14.9738655427,BC.Udapudi,Private,Opencast,Non-Metallic,NGDR_MajorLease2022,centroid_from_NGDR_lease_polygon
38KAR26024,Kalaskoppa,Limestone,mining,16.161557594764215,75.50297693861215,KARNATAKA,Bagalkot,3.13262533719,SS.Melligeri(Sri LaxmiVenkatesh Minerals),Private,Opencast,Non-Metallic,NGDR_MajorLease2022,centroid_from_NGDR_lease_polygon
38KAR26025,Naganapur,Limestone,mining,16.17580309181452,75.3515428691537,KARNATAKA,Bagalkot,2.35320566255,HG.Shripad,Private,Opencast,Non-Metallic,NGDR_MajorLease2022,centroid_from_NGDR_lease_polygon
38KAR26031,ALGUNDI,Limestone,mining,16.275014056554458,75.4217245222004,KARNATAKA,Bagalkot,15.5803878754,MAHAVEER SILICONS  (P)  LTD,Private,Opencast,Non-Metallic,NGDR_MajorLease2022,centroid_from_NGDR_lease_polygon
30KAR07013,A NARRAIN,Iron Ore,mining,14.22759601976993,76.20522310783369,KARNATAKA,Chitradurga,168.600104816,"M/s Vedanta Limited( formerly Sesa sterlite/Sesa Goa Ltd),",Private,Opencast,Metallic,NGDR_MajorLease2022,centroid_from_NGDR_lease_polygon
40KAR03015,JIGENAHALLI,Manganese Ore,mining,14.989233251743068,76.5582134534443,KARNATAKA,Bellary,22.17552024,"M/s  MARWA  MIINIG COMPANY,",Private,Opencast,Metallic,NGDR_MajorLease2022,centroid_from_NGDR_lease_polygon
38KAR07027,MATHOD 2342,Limestone,mining,13.755820117225568,76.4349824025951,KARNATAKA,Chitradurga,115.159721973,"M/s The RAMCO Cements LTD,",Private,Opencast,Non-Metallic,NGDR_MajorLease2022,centroid_from_NGDR_lease_polygon
38KAR10019,ITAGI LST MINE,Limestone,mining,17.11904688153252,77.13894616736131,KARNATAKA,Gulbarga,522.971798916,"M/S ORIENT CEMENT LIMITED,",Private,Opencast,Non-Metallic,NGDR_MajorLease2022,centroid_from_NGDR_lease_polygon
30KAR07015,JOHN,Iron Ore,mining,14.22962829113139,76.20137590570053,KARNATAKA,Chitradurga,43.1451620994,"ERamamurthy,",Private,Opencast,Metallic,NGDR_MajorLease2022,centroid_from_NGDR_lease_polygon
38KAR26001,Halki Ninganpur,Limestone,mining,16.22515062648927,75.25353950402493,KARNATAKA,Bagalkot,615.525565144,Mysore Minerals Ltd,SPSU,Opencast,Non-Metallic,NGDR_MajorLease2022,centroid_from_NGDR_lease_polygon
39KAR14005,Hullahalli,Magnesite,mining,12.088150836964154,76.5526683725603,KARNATAKA,Mysore,36.3011585191,"M/s Mysore Minerals Ltd,",SPSU,Opencast,Non-Metallic,NGDR_MajorLease2022,centroid_from_NGDR_lease_polygon
39KAR14013,TALOORU,Magnesite,mining,12.202490408987767,76.60735442873315,KARNATAKA,Mysore,12.2272770708,"NRAJASHEKAR,",Private,Opencast,Non-Metallic,NGDR_MajorLease2022,centroid_from_NGDR_lease_polygon
38KAR02038,Yadwad Limestone Mine,Limestone,mining,16.18630817338437,75.18596130474063,KARNATAKA,Belgaum,798.01,Dalmia Cement (Bharat) Ltd,Private,Opencast,Non-Metallic,NGDR_MajorLease2022,centroid_from_NGDR_lease_polygon
38KAR02006,Guttigoli,Limestone,mining,16.1413657475886,75.27710316190448,KARNATAKA,Belgaum,77.9799991378,Pulakeshi Cements,Private,Opencast,Non-Metallic,NGDR_MajorLease2022,centroid_from_NGDR_lease_polygon
30KAR03092,KUMARASWAMY,Iron Ore,mining,15.01107155428482,76.59647177672115,KARNATAKA,Bellary,644.094580482,"M/s NMDC LTD,",CPSU,Opencast,Metallic,NGDR_MajorLease2022,centroid_from_NGDR_lease_polygon
38KAR26042,Thimmapur,Limestone,mining,16.20768718919175,75.32157352299798,KARNATAKA,Bagalkot,4.98100158029,sesha sai mining company,Private,Opencast,Non-Metallic,NGDR_MajorLease2022,centroid_from_NGDR_lease_polygon
38KAR26052,Lokapur,Limestone,mining,16.160701925278584,75.3829508333776,KARNATAKA,Bagalkot,4.43757769033,Venkappa Ramappa B Patil,Private,Opencast,Non-Metallic,NGDR_MajorLease2022,centroid_from_NGDR_lease_polygon
33KAR14004,KARIGALA ML 2286,Kyanite,mining,12.165290528164581,76.45467962172589,KARNATAKA,Mysore,11.991725274,"Mohammed Akram,",Private,Opencast,Non-Metallic,NGDR_MajorLease2022,centroid_from_NGDR_lease_polygon
38APR23001,KARANKOTE LIMESTONE MINE,Limestone,mining,17.32538679628366,77.45236325097673,TELANGANA,VIKARABAD,613.587,M/s CEMENT CORPORATION OF INDIA LIMITED,PSU,Opencast,Non-Metallic,NGDR_MajorLease2022,centroid_from_NGDR_lease_polygon
37KAR15027,Madageri,Lime Shell,mining,14.37626391253964,74.42773572553553,KARNATAKA,Uttara Kannada,78.0099911679,KS. Mohan Hegde,Private,Opencast,Non-Metallic,NGDR_MajorLease2022,centroid_from_NGDR_lease_polygon
28KAR14002,PURADAKATTE ML 2158,Graphite,mining,12.005414503179685,76.4426598535047,KARNATAKA,Mysore,160.242201283,"M/s DURGA MINING,",Private,Opencast,Non-Metallic,NGDR_MajorLease2022,centroid_from_NGDR_lease_polygon
37KAR15012,Kinnar-Kadwad,Lime Shell,mining,14.848959265225076,74.1710126466521,KARNATAKA,Uttara Kannada,42.0748478542,"Sagar Minerals,C/o UM.Abbas",Private,Opencast,Non-Metallic,NGDR_MajorLease2022,centroid_from_NGDR_lease_polygon
30KAR03017,VYASANAKERE,Iron Ore,mining,15.203968161251378,76.39483102043484,KARNATAKA,Bellary,360.787582697,"M/s MSPL LTD,",Private,Opencast,Metallic,NGDR_MajorLease2022,centroid_from_NGDR_lease_polygon
30KAR03190,Jaisingpur Iron ore Mine,Iron Ore,mining,15.183291564666655,76.47517932066668,KARNATAKA,Ballari,56.0,M/s MSPL LTD.,Private,Opencast,Metallic,NGDR_MajorLease2022,centroid_from_NGDR_lease_polygon
30KAR03192,Kirloskar Bharath Iron Ore Mine,Iron Ore,mining,15.032429240555551,76.59233562944445,KARNATAKA,Ballari,24.47,M/s Kirloskar Ferrous Industries Ltd.,Private,Opencast,Metallic,NGDR_MajorLease2022,centroid_from_NGDR_lease_polygon
30KAR03189,Dharmapura Iron ore Mine,Iron Ore,mining,15.142766050666747,76.45354832600012,KARNATAKA,Ballari,43.58,M/s JSW STTEL Limited,Private,Opencast,Metallic,NGDR_MajorLease2022,centroid_from_NGDR_lease_polygon
30KAR03184,Bhadra Iron ore Mine,Iron Ore,mining,15.10307170900376,76.63229872801932,KARNATAKA,Ballari,130.53,M/s JSW STTEL Limited,Private,Opencast,Metallic,NGDR_MajorLease2022,centroid_from_NGDR_lease_polygon
30KAR07035,Bhomman Iron ore Mine,Iron Ore,mining,14.21067360999291,76.2228559031837,KARNATAKA,CHITRADURGA,93.6,M/s JSW STTEL Limited,Private,Opencast,Metallic,NGDR_MajorLease2022,centroid_from_NGDR_lease_polygon
30KAR03191,Janikunta Iron Ore Mine,Iron Ore,mining,15.113562380099813,76.78540492036085,KARNATAKA,Ballari,44.42,M/s Hothur Ispat Pvt. Ltd.,Private,Opencast,Metallic,NGDR_MajorLease2022,centroid_from_NGDR_lease_polygon
30KAR03187,KaradiKola Iro Ore Mine,Iron Ore,mining,15.17425555612906,76.4882444432665,KARNATAKA,Ballari,86.12,M/s MSPL LTD.,Private,Opencast,Metallic,NGDR_MajorLease2022,centroid_from_NGDR_lease_polygon
30KAR03186,UBBALAGUNDI ION ORE MINE,Iron Ore,mining,15.056998419399484,76.64697378812042,KARNATAKA,Ballari,32.89,M/s JSW STTEL Limited,Private,Opencast,Metallic,NGDR_MajorLease2022,centroid_from_NGDR_lease_polygon
30KAR03183,Devadari Iron ore Mine,Iron Ore,mining,15.067052829142979,76.5747718067917,KARNATAKA,Ballari,100.54,M/s JSW STTEL Limited,Private,Opencast,Metallic,NGDR_MajorLease2022,centroid_from_NGDR_lease_polygon
30KAR03182,Nandi iron ore Mine,Iron Ore,mining,15.015744415260333,76.57218146660077,KARNATAKA,Ballari,21.03,M/s JSW STTEL Limited,Private,Opencast,Metallic,NGDR_MajorLease2022,centroid_from_NGDR_lease_polygon
30KAR03181,Tunga Iron ore Mine,Iron Ore,mining,15.105442221666664,76.63413097499999,KARNATAKA,Ballari,32.68,M/s JSW STTEL Limited,Private,Opencast,Metallic,NGDR_MajorLease2022,centroid_from_NGDR_lease_polygon
30KAR03185,RAMA IRON ORE MINE,Iron Ore,mining,15.124235192976743,76.46750883643294,KARNATAKA,Ballari,32.56,M/s JSW STTEL Limited,Private,Opencast,Metallic,NGDR_MajorLease2022,centroid_from_NGDR_lease_polygon
40KAR07023,Chikkabyaladakere,Manganese Ore,mining,13.693162133401461,76.51579645388087,KARNATAKA,Chitradurga,46.3745259773,"VSUSHEELAMMA,",Private,Opencast,Metallic,NGDR_MajorLease2022,centroid_from_NGDR_lease_polygon
30KAR03051,RAJAPURA,Iron Ore,mining,15.02083419981749,76.66278832291555,KARNATAKA,Bellary,25.1880484565,"KM.PARVATAMMA,",Private,Opencast,Metallic,NGDR_MajorLease2022,centroid_from_NGDR_lease_polygon
38KAR02011,Kuligod,Limestone,mining,16.23478391069707,75.0987805882288,KARNATAKA,Belgaum,705.262024406,Mysore Minerals Ltd,Private,Opencast,Non-Metallic,NGDR_MajorLease2022,centroid_from_NGDR_lease_polygon
40KAR19021,KAREKURCHI  IRON ORE ML 2028,Manganese Ore,mining,13.339346867766862,76.71499486439784,KARNATAKA,Tumkur,15.5388596366,"RBHARATHA RAJ,",Private,Opencast,Metallic,NGDR_MajorLease2022,centroid_from_NGDR_lease_polygon
30KAR03139,IYLI GURUNATH,Iron Ore,mining,15.157344269095626,76.4436120363379,KARNATAKA,Bellary,20.4792975324,"RAMGAD MINERALS & MINING(P) LTD,",Private,Opencast,Metallic,NGDR_MajorLease2022,centroid_from_NGDR_lease_polygon
30KAR03193,"M/s Auro Minerals, ML No 2584",Iron Ore,mining,15.215179082600054,76.43343665690006,KARNATAKA,Ballari,32.05,M/s Minera Power & Steel Pvt Ltd,Private,Opencast,Metallic,NGDR_MajorLease2022,centroid_from_NGDR_lease_polygon
30KAR03101,RAMANADURGA ML2141,Iron Ore,mining,15.076306406518608,76.50516738279201,KARNATAKA,Bellary,58.2863031454,"M/s Sri Kumaraswamy Mineral Exports Pvt Ltd,",Private,Opencast,Metallic,NGDR_MajorLease2022,centroid_from_NGDR_lease_polygon
30KAR03058,SA.THWAB ML 2488,Iron Ore,mining,15.146917580699782,76.45605014099287,KARNATAKA,Bellary,27.5627684598,M/s SA.THWAB & Co.,Private,Opencast,Metallic,NGDR_MajorLease2022,centroid_from_NGDR_lease_polygon
38KAR26023,Naganapur,Limestone,mining,16.176254947408445,75.35450755599416,KARNATAKA,Bagalkot,3.99151972371,RK.Mathad,Private,Opencast,Non-Metallic,NGDR_MajorLease2022,centroid_from_NGDR_lease_polygon
38KAR05006,Choudapur,Limestone,mining,16.179136963934205,75.37051160231111,KARNATAKA,Bagalkot,5.25877320469,RK Mathad(Crescent Lime & Chemicals),Private,Opencast,Non-Metallic,NGDR_MajorLease2022,centroid_from_NGDR_lease_polygon
38KAR10018,FEROZABAD LIMESTONE MINE,Limestone,mining,17.103988652861087,76.82169632653077,KARNATAKA,Gulbarga,1020.4369595,"M/s GULBARGA CEMENT LIMITED ,",Private,Opencast,Non-Metallic,NGDR_MajorLease2022,centroid_from_NGDR_lease_polygon
38KAR26020,Hebbal,Limestone,mining,16.188672702170056,75.34636000856331,KARNATAKA,Bagalkot,124.947065216,"Katawa Udyog Ltd,Jyoti Tower",Private,Opencast,Non-Metallic,NGDR_MajorLease2022,centroid_from_NGDR_lease_polygon
38KAR26026,Jallikatti,Limestone,mining,16.15895057298306,75.4302801427772,KARNATAKA,Bagalkot,173.830337496,Bagalkot Cement & Industries Ltd,Private,Opencast,Non-Metallic,NGDR_MajorLease2022,centroid_from_NGDR_lease_polygon
38KAR05011,Lokapur,Limestone,mining,16.159794173053015,75.38240819806623,KARNATAKA,Bagalkot,71.1399590563,Lokapur Cements Ltd,Private,Opencast,Non-Metallic,NGDR_MajorLease2022,centroid_from_NGDR_lease_polygon
38KAR10009,RAJASHREE,Limestone,mining,17.12446143423824,77.18485068588879,KARNATAKA,Gulbarga,716.429246634,M/s ULTRATECH CEMENT LIMITED,Private,Opencast,Non-Metallic,NGDR_MajorLease2022,centroid_from_NGDR_lease_polygon
38KAR10012,WADI,Limestone,mining,17.068152231618964,76.97951811836604,KARNATAKA,Gulbarga,474.958799922,M/s ACC Limited,Private,Opencast,Non-Metallic,NGDR_MajorLease2022,centroid_from_NGDR_lease_polygon
38KAR10008,MALKHED,Limestone,mining,17.128825199436708,77.16240154892311,KARNATAKA,Gulbarga,65.9311405284,"South India Cements Ltd,",Private,Opencast,Non-Metallic,NGDR_MajorLease2022,centroid_from_NGDR_lease_polygon
38KAR26006,Lokapur (West),Limestone,mining,16.17585100774418,75.35146044972288,KARNATAKA,Bagalkot,379.501842065,Mysore Minerals Ltd,SPSU,Opencast,Non-Metallic,NGDR_MajorLease2022,centroid_from_NGDR_lease_polygon
39KAR14014,Banawadi,Magnesite,mining,12.188041383753587,76.44232913302666,KARNATAKA,Mysore,5.28761886391,M/s SOMESHWARA MAGNESITE MINERALS,Private,Opencast,Non-Metallic,NGDR_MajorLease2022,centroid_from_NGDR_lease_polygon
38APR23004,OGIPUR LIMESTONE MINE,Limestone,mining,17.317537852042566,77.45130833389237,TELANGANA,VIKARABAD,221.92,M/s PENNA CEMENT INDUSTRIES LIMITED,Private,Opencast,Non-Metallic,NGDR_MajorLease2022,centroid_from_NGDR_lease_polygon
30KAR03188,Narayana Iron ore Mine,Iron Ore,mining,14.991605911913364,76.65635395602031,KARNATAKA,Ballari,107.51,M/s JSW STTEL Limited,Private,Opencast,Metallic,NGDR_MajorLease2022,centroid_from_NGDR_lease_polygon
37KAR15013,Aghanashini,Lime Shell,mining,14.524056654275078,74.36962140727044,KARNATAKA,Uttara Kannada,703.701720856,PS.Gaonkar,Private,Opencast,Non-Metallic,NGDR_MajorLease2022,centroid_from_NGDR_lease_polygon
38KAR07009,ITTIGEHALLI,Limestone,mining,13.81060273737505,76.48433936812505,KARNATAKA,Chitradurga,20.3104501939,"lakshmi cement & ceramics industries ltd, uthsavamba nilaya, 3rd cross, dwarka extension, jogimatti main road, chitradurga=577501",Private,Opencast,Non-Metallic,NGDR_MajorLease2022,centroid_from_NGDR_lease_polygon
40KAR07009,HULLIKATTE 1991,Manganese Ore,mining,14.44470118375007,76.12175225825005,KARNATAKA,Davanagere,31.5760070788,Bharat Parikh & Co. Hullikatte mines ML No.2571,Private,Opencast,Metallic,NGDR_MajorLease2022,centroid_from_NGDR_lease_polygon
30KAR03180,KAMMATHARU,Iron Ore,mining,15.021915545380958,76.5603117347562,KARNATAKA,Bellary,1845.92571503,"M/s The Sandur Manganese & Iron Ores Ltd,",Private,Opencast,Metallic,NGDR_MajorLease2022,centroid_from_NGDR_lease_polygon
33KAR14009,KALLA SARAGURU,Kyanite,mining,12.025051240951923,76.41754605779862,KARNATAKA,Mysore,53.2462431542,"M/s KARNATAKA MINING INDUSTRY,",Private,Opencast,Non-Metallic,NGDR_MajorLease2022,centroid_from_NGDR_lease_polygon
38KAR02007,Muddapur,Limestone,mining,16.219667808800242,75.32193569459906,KARNATAKA,Bagalkot,566.24721402,Mysore Minerals Ltd,SPSU,Opencast,Non-Metallic,NGDR_MajorLease2022,centroid_from_NGDR_lease_polygon
39KAR14006,ALLAYANPURA,Magnesite,mining,12.055064640497543,76.4465609508866,KARNATAKA,Mysore,10.098943164,"M/s MYSORE MINERALS Ltd,",SPSU,Opencast,Non-Metallic,NGDR_MajorLease2022,centroid_from_NGDR_lease_polygon
38MPR26001,Kolkarhiya,Limestone,mining,24.27447207448243,79.8218596236491,MADHYA PRADESH,Panna,499.641,Sprigway Pvt.Ltd.,Private,Opencast,Non-Metallic,NGDR_MajorLease2022,centroid_from_NGDR_lease_polygon
38MPR33020,Maddhepur,Limestone,mining,24.534573335591016,81.15715629832457,MADHYA PRADESH,Rewa,2.43,Rajendra Kumar Tamrakar,Private,Opencast,Non-Metallic,NGDR_MajorLease2022,centroid_from_NGDR_lease_polygon
38MPR35274,Bhadanpur & Piparhat,Limestone,mining,24.14254585569916,80.80430336528336,MADHYA PRADESH,Satna,663.0,Maihar Cements,Private,Opencast,Non-Metallic,NGDR_MajorLease2022,centroid_from_NGDR_lease_polygon
38MPR33018,"Baijnath, Hinoni, Sonra, Khamaria",Limestone,mining,24.51572237328968,81.16706437851434,MADHYA PRADESH,Rewa,249.139,Ultra Tech Cement Ltd.,Private,Opencast,Non-Metallic,NGDR_MajorLease2022,centroid_from_NGDR_lease_polygon
38MPR35328,Salaiya,Limestone,mining,24.116777930354164,80.77079992161401,MADHYA PRADESH,Satna,459.566,Reliance Ornatusenterprises & Vertures Pvt.Ltd.,Private,Opencast,Non-Metallic,NGDR_MajorLease2022,centroid_from_NGDR_lease_polygon
38MPR47138,Jamwani Khurd /Sanghi,Limestone,mining,24.099372538104472,80.70066205806148,MADHYA PRADESH,Katni,889.76,Sanghi Infrastructure& Pvt. Ltd.,Private,Opencast,Non-Metallic,NGDR_MajorLease2022,centroid_from_NGDR_lease_polygon
38MPR09003,Diamond,Limestone,mining,23.970093254385947,79.17517069398812,MADHYA PRADESH,Damoh,1247.27,Heidelberg Cement India Ltd.,Private,Opencast,Non-Metallic,NGDR_MajorLease2022,centroid_from_NGDR_lease_polygon
38MPR35247,Piprahat,Limestone,mining,24.13627638740165,80.77459436330803,MADHYA PRADESH,Satna,1.808,"Devidin Gupta, Katni",Private,Opencast,Non-Metallic,NGDR_MajorLease2022,centroid_from_NGDR_lease_polygon
07MPR35089,Sarbhanga,Bauxite,mining,24.90505570719268,80.9175688915037,MADHYA PRADESH,Satna,5.5,"Murarilal Banshal, Jaitwara",Private,Opencast,Metallic,NGDR_MajorLease2022,centroid_from_NGDR_lease_polygon
07MPR47021,Tikariya,Bauxite,mining,23.733690386840394,80.3952820860956,MADHYA PRADESH,Katni,27.35,Ganesh Prasad Vishwakarma,Private,Opencast,Metallic,NGDR_MajorLease2022,centroid_from_NGDR_lease_polygon
07MPR35018,Ghatania,Bauxite,mining,24.89337596239181,81.0202364364963,MADHYA PRADESH,Satna,5.005,Madhya Pradesh Mineral Supplies Company,Private,Opencast,Metallic,NGDR_MajorLease2022,centroid_from_NGDR_lease_polygon
44MPR18002,Gandhigram,Iron Ore,mining,23.357103767708097,80.03077725091946,MADHYA PRADESH,Jabalpur,9.47,Sandeep Bansal,Private,Opencast,Metallic,NGDR_MajorLease2022,centroid_from_NGDR_lease_polygon
38MPR35223,Bhatoora,Limestone,mining,24.094801535115746,80.66977343469925,MADHYA PRADESH,Satna,2.023,Kiran Saluja/ Rajiv Saluja,Private,Opencast,Non-Metallic,NGDR_MajorLease2022,centroid_from_NGDR_lease_polygon
30MPR18022,Ghughrikala,Iron Ore,mining,23.37681085027693,80.17894759273909,MADHYA PRADESH,Jabalpur,8.26,Anand Mining Corporation,Private,Opencast,Metallic,NGDR_MajorLease2022,centroid_from_NGDR_lease_polygon
07MPR47023,Padrehi,Bauxite,mining,23.627213669448555,80.11445039829051,MADHYA PRADESH,Katni,10.88,Rajendra Prasar Gupta,Private,Opencast,Metallic,NGDR_MajorLease2022,centroid_from_NGDR_lease_polygon
23MPR18080,Rosara,Bauxite,mining,23.563997241689403,80.03026357075724,MADHYA PRADESH,Jabalpur,9.25,Gulab Chand Gupta,Private,Opencast,Metallic,NGDR_MajorLease2022,centroid_from_NGDR_lease_polygon
07MPR38002,Chachandeeh,Bauxite,mining,22.8410481240967,81.6107319496698,MADHYA PRADESH,Anuppur,17.744,Smt. Sarla Devi Agrawal & others legal heirs of late Shri RAM AUTAR AGRAWAL,Private,Opencast,Metallic,NGDR_MajorLease2022,centroid_from_NGDR_lease_polygon
40MPR01006,G. F. Sonewani,Manganese Ore,mining,21.871847776416658,79.96125657808297,MADHYA PRADESH,Balaghat,33.0,J. K. Minerals,Private,Underground,Metallic,NGDR_MajorLease2022,centroid_from_NGDR_lease_polygon
38MPR47016,Badari,Limestone,mining,24.036374282770513,80.57475212568069,MADHYA PRADESH,Katni,0.81,Anuj Khampariya,Private,Opencast,Non-Metallic,NGDR_MajorLease2022,centroid_from_NGDR_lease_polygon
38MPR47041,Amehta,Limestone,mining,24.01819694961396,80.54689412362745,MADHYA PRADESH,Katni,0.78,N.M.Dubash Stone & Lime Co.Pvt.Ltd.,Private,Opencast,Non-Metallic,NGDR_MajorLease2022,centroid_from_NGDR_lease_polygon
38MPR35260,Tihai,Limestone,mining,24.724595941010797,81.0020184431532,MADHYA PRADESH,Satna,8.093,Urmila Tripathi,Private,Opencast,Non-Metallic,NGDR_MajorLease2022,centroid_from_NGDR_lease_polygon
38MPR35279,Lilori,Limestone,mining,24.628416225003825,80.9492199373253,MADHYA PRADESH,Satna,13.35,Ajay Kumar Pathak,Private,Opencast,Non-Metallic,NGDR_MajorLease2022,centroid_from_NGDR_lease_polygon
38MPR35058,Pahadi No.3,Limestone,mining,24.26313366580556,80.82090962852854,MADHYA PRADESH,Satna,6.543,Omprakash Rai,Private,Opencast,Non-Metallic,NGDR_MajorLease2022,centroid_from_NGDR_lease_polygon
75MPR18008,Padwar,Bauxite,mining,23.62282159746592,80.2200116775173,MADHYA PRADESH,Katni,7.46,Shiv Shakti Trading Co.,Private,Opencast,Metallic,NGDR_MajorLease2022,centroid_from_NGDR_lease_polygon
75MPR18010,Dhamki,Iron Ore,mining,23.362910065089586,80.04138792827874,MADHYA PRADESH,Jabalpur,3.6,Shobha Minerals,Private,Opencast,Metallic,NGDR_MajorLease2022,centroid_from_NGDR_lease_polygon
75MPR18007,Gandhigram,Iron Ore,mining,23.362744263284537,80.03469360325356,MADHYA PRADESH,Jabalpur,7.31,Rajiv Chaddha,Private,Opencast,Metallic,NGDR_MajorLease2022,centroid_from_NGDR_lease_polygon
75MPR35007,Kotar,Limestone,mining,24.721028359226445,81.00291880023,MADHYA PRADESH,Satna,23.237,Ajay Kumar Pathak,Private,Opencast,Non-Metallic,NGDR_MajorLease2022,centroid_from_NGDR_lease_polygon
40MPR18004,Mansakra,Manganese Ore,mining,23.499563866988925,80.1209148388588,MADHYA PRADESH,Jabalpur,8.0,Shivalika Minerals,Private,Opencast,Metallic,NGDR_MajorLease2022,centroid_from_NGDR_lease_polygon
38MPR47093,Bhatagawan Sunhera,Limestone,mining,23.67777188469335,80.44129472083578,MADHYA PRADESH,Katni,11.02,Sisodiia Khaniz Udyog,Private,Opencast,Non-Metallic,NGDR_MajorLease2022,centroid_from_NGDR_lease_polygon
07MPR33006,Salaiya,Bauxite,mining,24.858727901194815,81.11757270691879,MADHYA PRADESH,Rewa,16.18,Madhya Pradesh Mineral Supplies Company,Private,Opencast,Metallic,NGDR_MajorLease2022,centroid_from_NGDR_lease_polygon
07MPR33015,Tikar,Bauxite,mining,24.37903620549654,81.40809431616981,MADHYA PRADESH,Rewa,4.9,Madhya Pradesh State Mining Corpn. Ltd.,SPSU,Opencast,Metallic,NGDR_MajorLease2022,centroid_from_NGDR_lease_polygon
40MPR01045,Hathoda,Manganese Ore,mining,21.634013740262752,79.80660031314679,MADHYA PRADESH,Balaghat,11.766,M/S Balasore Alloys Ltd.,Private,Opencast,Metallic,NGDR_MajorLease2022,centroid_from_NGDR_lease_polygon
40MPR01051,Chakehati,Manganese Ore,mining,21.652179565955304,79.70233198807296,MADHYA PRADESH,Balaghat,3.44,Shakti Minerals,Private,Opencast,Metallic,NGDR_MajorLease2022,centroid_from_NGDR_lease_polygon
38MPR35346,Lakhanwah,Limestone,mining,24.72533440019246,81.00627135305055,MADHYA PRADESH,Satna,4.047,Sanjeev Kumar Pathak,Private,Opencast,Non-Metallic,NGDR_MajorLease2022,centroid_from_NGDR_lease_polygon
32MPR35043,Barui,Bauxite,mining,24.87075987101644,80.94534393666052,MADHYA PRADESH,Satna,8.094,Kunji Lal Ishwar Prasad Agrawal,Private,Opencast,Metallic,NGDR_MajorLease2022,centroid_from_NGDR_lease_polygon
07MPR18033,Khajuri,Bauxite,mining,23.74992057275863,80.39645674681675,MADHYA PRADESH,Katni,2.117,Panna Lal Bajaj,Private,Opencast,Metallic,NGDR_MajorLease2022,centroid_from_NGDR_lease_polygon
38MPR35082,Bhatoora,Limestone,mining,24.091827034208496,80.66790413099818,MADHYA PRADESH,Satna,2.696,Anil Kumar Nagrath,Private,Opencast,Non-Metallic,NGDR_MajorLease2022,centroid_from_NGDR_lease_polygon
30MPR18024,Silua-Jhansi,Iron Ore,mining,23.368234004986576,80.08237381338614,MADHYA PRADESH,Jabalpur,4.56,Khatri Minerals & Mining Company,Private,Opencast,Metallic,NGDR_MajorLease2022,centroid_from_NGDR_lease_polygon
38MPR47055,Rajarwara,Limestone,mining,23.99674150446807,80.50888175301846,MADHYA PRADESH,Katni,5.894,Ratna Mishra,Private,Opencast,Non-Metallic,NGDR_MajorLease2022,centroid_from_NGDR_lease_polygon
19MPR18037,Malhan,Bauxite,mining,23.669933961167143,80.50905986193011,MADHYA PRADESH,Katni,3.42,Aditya Shukla,Private,Opencast,Metallic,NGDR_MajorLease2022,centroid_from_NGDR_lease_polygon
30MPR18006,Dhamki,Iron Ore,mining,23.365679520893224,80.03840306848687,MADHYA PRADESH,Jabalpur,6.88,Jakhodia Minerals,Private,Opencast,Metallic,NGDR_MajorLease2022,centroid_from_NGDR_lease_polygon
38MPR12071,Bhutyapura,Limestone,mining,22.586780042837486,74.98228449418411,MADHYA PRADESH,Dhar,2.5,Anup Kumar Jain,Private,Opencast,Non-Metallic,NGDR_MajorLease2022,centroid_from_NGDR_lease_polygon
38MPR23001,Nayagaon,Limestone,mining,24.546387472240465,74.77610037991047,MADHYA PRADESH,Nimach,336.85,Cement Corpn. Of India Ltd.,CPSU,Opencast,Non-Metallic,NGDR_MajorLease2022,centroid_from_NGDR_lease_polygon
19MPR18013,Chharparwa,Limestone,mining,23.658011604775314,80.58121913243941,MADHYA PRADESH,Katni,19.716,Ultra Tech Cement Ltd.,Private,Opencast,Non-Metallic,NGDR_MajorLease2022,centroid_from_NGDR_lease_polygon
30MPR15004,Santau,Iron Ore,mining,26.09593919245232,78.12728225575904,MADHYA PRADESH,Gwalior,0.5,Smt. Dhanyavanti Devi,Private,Opencast,Metallic,NGDR_MajorLease2022,centroid_from_NGDR_lease_polygon
40MPR01016,Sitapathore,Manganese Ore,mining,21.67636861251997,79.67158243646139,MADHYA PRADESH,Balaghat,43.353,Manganese Ore (India) Ltd.,CPSU,Opencast,Metallic,NGDR_MajorLease2022,centroid_from_NGDR_lease_polygon
40MPR18005,Mansakra,Manganese Ore,mining,23.500070151460122,80.12446494553211,MADHYA PRADESH,Jabalpur,5.0,Suriyavansam Mining & Minerals Pvt. Ltd.,Private,Opencast,Metallic,NGDR_MajorLease2022,centroid_from_NGDR_lease_polygon
38MPR12026,Ghursal,Limestone,mining,22.398375336952295,75.05650010054926,MADHYA PRADESH,Dhar,2.0,Pawan Maniklal Rathod,Private,Opencast,Non-Metallic,NGDR_MajorLease2022,centroid_from_NGDR_lease_polygon
38MPR12065,Soyala,Limestone,mining,22.387796998650796,75.06377115944787,MADHYA PRADESH,Dhar,2.3,Smt. Shobha Gupta,Private,Opencast,Non-Metallic,NGDR_MajorLease2022,centroid_from_NGDR_lease_polygon
38MPR18066,Salaiya Paharhai,Limestone,mining,23.992789200446587,80.48321701250224,MADHYA PRADESH,Katni,9.84,Madan Lal Grover,Private,Opencast,Non-Metallic,NGDR_MajorLease2022,centroid_from_NGDR_lease_polygon
38MPR23008,Kherarathode Khor,Limestone,mining,24.566402949465164,74.82632661318272,MADHYA PRADESH,Nimach,163.602,Cement Corpn. Of India Ltd.,CPSU,Opencast,Non-Metallic,NGDR_MajorLease2022,centroid_from_NGDR_lease_polygon
40MPR01033,Botezhari,Manganese Ore,mining,21.821513955627324,79.95127253655747,MADHYA PRADESH,Balaghat,2.229,Prem Ji Bhai Patel,Private,Opencast,Metallic,NGDR_MajorLease2022,centroid_from_NGDR_lease_polygon
07MPR35017,Ghatania,Bauxite,mining,24.894898754523965,81.01902150141622,MADHYA PRADESH,Satna,1.578,R.C.Bansal,Private,Opencast,Metallic,NGDR_MajorLease2022,centroid_from_NGDR_lease_polygon
38MPR33022,Bihera,Limestone,mining,24.593814301523462,81.20196465999113,MADHYA PRADESH,Rewa,2.206,Smt.Kala Singh,Private,Opencast,Non-Metallic,NGDR_MajorLease2022,centroid_from_NGDR_lease_polygon
07MPR35069,Kathara-Kothar,Bauxite,mining,24.872882021675508,80.96204074352617,MADHYA PRADESH,Satna,3.197,Madhya Pradesh Mineral Supplies Company,Private,Opencast,Metallic,NGDR_MajorLease2022,centroid_from_NGDR_lease_polygon
32MPR35037,Naugawan,Bauxite,mining,24.880425535061796,80.8972981537085,MADHYA PRADESH,Satna,13.44,Hiralal Rameshwar Prasad,Private,Opencast,Metallic,NGDR_MajorLease2022,centroid_from_NGDR_lease_polygon
07MPR33016,Chitti,Bauxite,mining,24.856821909353677,81.12057573018585,MADHYA PRADESH,Rewa,9.71,Jagdish Dhaneria,Private,Opencast,Metallic,NGDR_MajorLease2022,centroid_from_NGDR_lease_polygon
07MPR35011,Batahra,Bauxite,mining,24.907954708822803,81.08439357472375,MADHYA PRADESH,Satna,1.719,"Murarilal Banshal, Jaitwara",Private,Opencast,Metallic,NGDR_MajorLease2022,centroid_from_NGDR_lease_polygon
07MPR47006,Kailwara Khurd,Bauxite,mining,23.84085566708482,80.3562171443646,MADHYA PRADESH,Katni,16.187,Mohan Shukla/Aaditya Shukla/Kedar Prasad Pathak,Private,Opencast,Metallic,NGDR_MajorLease2022,centroid_from_NGDR_lease_polygon
07MPR35114,Jariyaari,Bauxite,mining,24.210772143057504,80.95417965179456,MADHYA PRADESH,Satna,4.0,Jiwan Lime Chemicals Pvt Ltd,Private,Opencast,Metallic,NGDR_MajorLease2022,centroid_from_NGDR_lease_polygon
38MPR47006,Amehta,Limestone,mining,24.02269862177402,80.54682783943329,MADHYA PRADESH,Katni,0.769,N.M.Dubash Stone & Lime Co.Pvt.Ltd.,Private,Opencast,Non-Metallic,NGDR_MajorLease2022,centroid_from_NGDR_lease_polygon
75MPR35010,Kathara Kothar,Bauxite,mining,24.884874869239866,80.98286054499822,MADHYA PRADESH,Satna,0.97,Rajendra Kumar Agrawal,Private,Opencast,Metallic,NGDR_MajorLease2022,centroid_from_NGDR_lease_polygon
38MPR47085,Sejha,Limestone,mining,23.68947534175513,80.50468393565906,MADHYA PRADESH,Katni,2.15,Saroj Rani Agrawal,Private,Opencast,Non-Metallic,NGDR_MajorLease2022,centroid_from_NGDR_lease_polygon
40MPR01041,Sukli,Manganese Ore,mining,21.663666074267372,79.67271118405947,MADHYA PRADESH,Balaghat,79.55,Manganese Ore (India) Ltd.,CPSU,Opencast,Metallic,NGDR_MajorLease2022,centroid_from_NGDR_lease_polygon
38MPR41006,Maghgawan Extension,Limestone,mining,24.31876479033086,81.31732196906168,MADHYA PRADESH,Sidhi,54.825,Ultra Tech Cement Ltd.,Private,Opencast,Non-Metallic,NGDR_MajorLease2022,centroid_from_NGDR_lease_polygon
40MPR01002,Balaghat,Manganese Ore,mining,21.84548248878733,80.22926895836957,MADHYA PRADESH,Balaghat,182.3,Manganese Ore (India) Ltd.,CPSU,Underground,Metallic,NGDR_MajorLease2022,centroid_from_NGDR_lease_polygon
30MPR15002,Panihar,Iron Ore,mining,26.087771920235983,78.05786715926006,MADHYA PRADESH,Gwalior,14.7,Kuwanrani Ayodhya Singh,Private,Opencast,Metallic,NGDR_MajorLease2022,centroid_from_NGDR_lease_polygon
30MPR18009,Gosalpur,Iron Ore,mining,23.396608123010964,80.05294006881807,MADHYA PRADESH,Jabalpur,39.44,S.S.Enterprises,Private,Opencast,Metallic,NGDR_MajorLease2022,centroid_from_NGDR_lease_polygon
30MPR18014,Bijaiya,Iron Ore,mining,23.35808165066944,80.18884106962493,MADHYA PRADESH,Jabalpur,4.92,Sankalp Agrawal,Private,Opencast,Metallic,NGDR_MajorLease2022,centroid_from_NGDR_lease_polygon
38MPR18121,Pondi,Limestone,mining,23.668439743911605,80.4190956083632,MADHYA PRADESH,Katni,4.76,S.N.Sundarson & Co.Pvt.Ltd.,Private,Opencast,Non-Metallic,NGDR_MajorLease2022,centroid_from_NGDR_lease_polygon
40MPR18002,Gandhigram,Manganese Ore,mining,23.35730569961325,80.02769392593152,MADHYA PRADESH,Jabalpur,5.8,Gajraj Singh Baghel,Private,Opencast,Metallic,NGDR_MajorLease2022,centroid_from_NGDR_lease_polygon
40MPR01054,Jarah-Mohagaon,Manganese Ore,mining,21.73700302348586,79.90528404883491,MADHYA PRADESH,Balaghat,6.159,M/S Glowide Infrastructure Pvt. Ltd.,Private,Opencast,Metallic,NGDR_MajorLease2022,centroid_from_NGDR_lease_polygon
38MPR12072,Ghursal,Limestone,mining,22.39444634864128,75.06004531002002,MADHYA PRADESH,Dhar,3.0,Mohanlal Bansal,Private,Opencast,Non-Metallic,NGDR_MajorLease2022,centroid_from_NGDR_lease_polygon
38MPR35353,Jamuna,Limestone,mining,24.570988535965444,81.0855142258621,MADHYA PRADESH,Satna,89.234,Dalmia Cement (Bharat) Ltd,Private,Opencast,Non-Metallic,NGDR_MajorLease2022,centroid_from_NGDR_lease_polygon
38MPR35229,Ramasthan,Limestone,mining,24.61849241013805,80.96757343184431,MADHYA PRADESH,Satna,32.374,Shravan Kumar Pathak,Private,Opencast,Non-Metallic,NGDR_MajorLease2022,centroid_from_NGDR_lease_polygon
38MPR35120,Ramasthan,Limestone,mining,24.625535937271245,80.95679593464723,MADHYA PRADESH,Satna,7.284,Raghvendra Kumar Aggrawal,Private,Opencast,Non-Metallic,NGDR_MajorLease2022,centroid_from_NGDR_lease_polygon
38MPR47078,Amehta,Limestone,mining,24.01685491990764,80.5443343924021,MADHYA PRADESH,Katni,12.93,Ram Chandra Badri Prasad Gaur,Private,Opencast,Non-Metallic,NGDR_MajorLease2022,centroid_from_NGDR_lease_polygon
40MPR01046,Sitapathore,Manganese Ore,mining,21.693505827360664,79.66733519159159,MADHYA PRADESH,Balaghat,4.251,Shri Pramod Shukla,Private,Opencast,Metallic,NGDR_MajorLease2022,centroid_from_NGDR_lease_polygon
38MPR18134,Bistra,Limestone,mining,23.97249608087159,80.45217209952335,MADHYA PRADESH,Katni,17.07,N.M.Dubash Stone & Lime Co.Pvt.Ltd.,Private,Opencast,Non-Metallic,NGDR_MajorLease2022,centroid_from_NGDR_lease_polygon
38MPR47075,Sejha,Limestone,mining,23.69087899090708,80.50896080663777,MADHYA PRADESH,Katni,6.552,"Sky Plast Mining & Minerals, Katni",Private,Opencast,Non-Metallic,NGDR_MajorLease2022,centroid_from_NGDR_lease_polygon
38MPR35028,Bhatoora,Limestone,mining,24.09317133317236,80.6733520025225,MADHYA PRADESH,Satna,10.56,Hukum Chand Stone Lime Co.,Private,Opencast,Non-Metallic,NGDR_MajorLease2022,centroid_from_NGDR_lease_polygon
38MPR35271,Bhatoora,Limestone,mining,24.092313515521376,80.67147783275583,MADHYA PRADESH,Satna,3.564,Rajesh Kumar Chaudaha,Private,Opencast,Non-Metallic,NGDR_MajorLease2022,centroid_from_NGDR_lease_polygon
40MPR01026,Chikmara,Manganese Ore,mining,21.740560193730975,79.79094089729914,MADHYA PRADESH,Balaghat,8.16,R.B.Shree Ram & Company,Private,Opencast,Metallic,NGDR_MajorLease2022,centroid_from_NGDR_lease_polygon
38MPR51001,Vikram Cement Limestone M-II,Limestone,mining,24.54963205645656,74.8656751592743,MADHYA PRADESH,Nimach,342.612,Ultra Tech Cement Ltd.,Private,Opencast,Non-Metallic,NGDR_MajorLease2022,centroid_from_NGDR_lease_polygon
14MPR01001,Malanjkhand,Copper Ore,mining,22.018736356340927,80.71666602785807,MADHYA PRADESH,Balaghat,479.9,Hindusthan Copper Ltd.,CPSU,Opencast & Underground,Metallic,NGDR_MajorLease2022,centroid_from_NGDR_lease_polygon
38MPR18109,Jamuwanikalan,Limestone,mining,24.111946651217018,80.73334267245144,MADHYA PRADESH,Katni,0.813,Puran Lal Vishwakarma,Private,Opencast,Non-Metallic,NGDR_MajorLease2022,centroid_from_NGDR_lease_polygon
07MPR47008,Amoch,Bauxite,mining,23.58670221887235,80.16063489904141,MADHYA PRADESH,Katni,16.187,Dr.Promod Chand Sharma,Private,Opencast,Metallic,NGDR_MajorLease2022,centroid_from_NGDR_lease_polygon
07MPR35107,Barui,Bauxite,mining,24.86735539097856,80.93503731765813,MADHYA PRADESH,Satna,11.099,Raghvendra Kumar Aggrawal,Private,Opencast,Metallic,NGDR_MajorLease2022,centroid_from_NGDR_lease_polygon
75MPR35015,Ramnagar,Limestone,mining,24.61865305215294,81.07128093698446,MADHYA PRADESH,Satna,4.85,Sarvesh Pratap Singh,Private,Opencast,Non-Metallic,NGDR_MajorLease2022,centroid_from_NGDR_lease_polygon
38MPR35287,Prism Cement,Limestone,mining,24.583899034022988,80.99690146650286,MADHYA PRADESH,Satna,772.067,Prism Cement Limited,Private,Opencast,Non-Metallic,NGDR_MajorLease2022,centroid_from_NGDR_lease_polygon
75MPR47003,Tikariya,Bauxite,mining,23.733675099038113,80.40341171880206,MADHYA PRADESH,Katni,4.69,Puran Lal Vishwakarma,Private,Opencast,Metallic,NGDR_MajorLease2022,centroid_from_NGDR_lease_polygon
75MPR47002,Jhinna,Manganese Ore,mining,23.20588965643961,80.82152945998241,MADHYA PRADESH,Katni,48.562,Sukhdev Prasad Goenka,Private,Opencast,Metallic,NGDR_MajorLease2022,centroid_from_NGDR_lease_polygon
38MPR47123,Nanhwara,Limestone,mining,24.018067968244825,80.55558172267921,MADHYA PRADESH,Katni,18.09,Raj Kishore Agrawal,Private,Opencast,Non-Metallic,NGDR_MajorLease2022,centroid_from_NGDR_lease_polygon
07MPR47020,Tikariya,Bauxite,mining,23.731132797443774,80.40381928657702,MADHYA PRADESH,Katni,4.01,Aruna Devi Bajaj,Private,Opencast,Metallic,NGDR_MajorLease2022,centroid_from_NGDR_lease_polygon
38MPR18127,Sejha,Limestone,mining,23.693234914745616,80.50891476809284,MADHYA PRADESH,Katni,7.03,Saroj Rani Agrawal,Private,Opencast,Non-Metallic,NGDR_MajorLease2022,centroid_from_NGDR_lease_polygon
75MPR47015,Tikariya,Bauxite,mining,23.73044882379675,80.4067327134207,MADHYA PRADESH,Katni,27.02,Shankar Lal Vishwakarma,Private,Opencast,Metallic,NGDR_MajorLease2022,centroid_from_NGDR_lease_polygon
40MPR01053,Borikheda,Manganese Ore,mining,21.729369580841528,79.68164837742323,MADHYA PRADESH,Balaghat,5.977,Shree Ganesh Metalloys Ltd.,Private,Opencast,Metallic,NGDR_MajorLease2022,centroid_from_NGDR_lease_polygon
38MPR12014,Ghursal,Limestone,mining,22.401175269673008,75.0551612528396,MADHYA PRADESH,Dhar,4.9,Vipin Gangwal,Private,Opencast,Non-Metallic,NGDR_MajorLease2022,centroid_from_NGDR_lease_polygon
38MPR47001,Amehta,Limestone,mining,24.020883580470805,80.54707656531025,MADHYA PRADESH,Katni,1.518,N.M.Dubash Stone & Lime Co.Pvt.Ltd.,Private,Opencast,Non-Metallic,NGDR_MajorLease2022,centroid_from_NGDR_lease_polygon
40MPR01028,Selwa,Manganese Ore,mining,21.749567879351076,79.81405546856321,MADHYA PRADESH,Balaghat,6.716,R.B.Shree Ram & Company,Private,Opencast,Metallic,NGDR_MajorLease2022,centroid_from_NGDR_lease_polygon
30MPR34002,Tigoda,Iron Ore,mining,24.362867167722833,79.1847081927157,MADHYA PRADESH,Sagar,11.82,Vandana Modi,Private,Opencast,Metallic,NGDR_MajorLease2022,centroid_from_NGDR_lease_polygon
38MPR47070,Padrehi,Limestone,mining,24.095541638149765,80.6817718160438,MADHYA PRADESH,Katni,2.5,M.L.Bhashin/Ankit Bhashin,Private,Opencast,Non-Metallic,NGDR_MajorLease2022,centroid_from_NGDR_lease_polygon
38MPR12067,Balwarikala,Limestone,mining,22.41802961020567,74.97327914163732,MADHYA PRADESH,Dhar,4.9,Sanjay R. Khandelwal,Private,Opencast,Non-Metallic,NGDR_MajorLease2022,centroid_from_NGDR_lease_polygon
30MPR18016,Gandhigram,Iron Ore,mining,23.36326120898765,80.03243473063337,MADHYA PRADESH,Jabalpur,4.5,Capital Minerals And Mining,Private,Opencast,Metallic,NGDR_MajorLease2022,centroid_from_NGDR_lease_polygon
38MPR18090,Bistara,Limestone,mining,23.97230870627096,80.45054383996977,MADHYA PRADESH,Katni,4.57,N.M.Dubash Stone & Lime Co.Pvt.Ltd.,Private,Opencast,Non-Metallic,NGDR_MajorLease2022,centroid_from_NGDR_lease_polygon
38MPR18032,Hairya,Limestone,mining,24.08113217817676,80.65282028077755,MADHYA PRADESH,Katni,6.22,Sukhdev Prasad Goenka,Private,Opencast,Non-Metallic,NGDR_MajorLease2022,centroid_from_NGDR_lease_polygon
38MPR09006,Sangori Khurd,Limestone,mining,23.629873558146812,79.82425711463132,MADHYA PRADESH,Damoh,7.268,Hari Ram Karolia,Private,Opencast,Non-Metallic,NGDR_MajorLease2022,centroid_from_NGDR_lease_polygon
38MPR18065,Salaiya Paharhai,Limestone,mining,23.9886941520763,80.48836400158584,MADHYA PRADESH,Katni,26.57,Karamchand Associated Lime Co.,Private,Opencast,Non-Metallic,NGDR_MajorLease2022,centroid_from_NGDR_lease_polygon
38MPR18012,Badari,Limestone,mining,24.026709382631957,80.72878781800347,MADHYA PRADESH,Katni,1.462,Devi Prasad Dubey,Private,Opencast,Non-Metallic,NGDR_MajorLease2022,centroid_from_NGDR_lease_polygon
38MPR34001,Hanona Patkui,Limestone,mining,23.978001925484115,78.90813509324646,MADHYA PRADESH,Sagar,15.04,Rakeshkumar Jain,Private,Opencast,Non-Metallic,NGDR_MajorLease2022,centroid_from_NGDR_lease_polygon
38MPR47035,Sunehara Bhatgawan,Limestone,mining,23.678089165933926,80.44312053900754,MADHYA PRADESH,Katni,4.2,Kishanchand Thadalani,Private,Opencast,Non-Metallic,NGDR_MajorLease2022,centroid_from_NGDR_lease_polygon
38MPR35343,Lalpur,Limestone,mining,24.63191137825755,80.84602054292877,MADHYA PRADESH,Satna,17.344,Dharmendra Singh,Private,Opencast,Non-Metallic,NGDR_MajorLease2022,centroid_from_NGDR_lease_polygon
38MPR35222,Bhatoora,Limestone,mining,24.086319233249437,80.66506558257467,MADHYA PRADESH,Satna,2.748,Prabhu Dayal Awasthi,Private,Opencast,Non-Metallic,NGDR_MajorLease2022,centroid_from_NGDR_lease_polygon
38MPR35172,Ramasthan,Limestone,mining,24.6242923634019,80.9625064739038,MADHYA PRADESH,Satna,8.064,Anod Jaiswal,Private,Opencast,Non-Metallic,NGDR_MajorLease2022,centroid_from_NGDR_lease_polygon
38MPR35285,Aber,Limestone,mining,24.72195419353126,81.01230829649074,MADHYA PRADESH,Satna,1.214,Lakhan Pratap Singh,Private,Opencast,Non-Metallic,NGDR_MajorLease2022,centroid_from_NGDR_lease_polygon
38MPR47003,Amehta,Limestone,mining,24.018369426630862,80.54662411300093,MADHYA PRADESH,Katni,2.35,N.M.Dubash Stone & Lime Co.Pvt.Ltd.,Private,Opencast,Non-Metallic,NGDR_MajorLease2022,centroid_from_NGDR_lease_polygon
38MPR35308,Jhinna,Limestone,mining,24.22978708920053,81.28368035655862,MADHYA PRADESH,Satna,1.837,Gopal Das Pandey,Private,Opencast,Non-Metallic,NGDR_MajorLease2022,centroid_from_NGDR_lease_polygon
38MPR35300,Sidding,Limestone,mining,24.630273622839997,80.8474869094092,MADHYA PRADESH,Satna,8.093,Ajay Kumar Pathak,Private,Opencast,Non-Metallic,NGDR_MajorLease2022,centroid_from_NGDR_lease_polygon
38MPR35319,Jura,Limestone,mining,24.267693036921816,80.88340474645547,MADHYA PRADESH,Satna,29.162,Sankathaprasad Dwivedi,Private,Opencast,Non-Metallic,NGDR_MajorLease2022,centroid_from_NGDR_lease_polygon
38MPR35324,Khondra,Limestone,mining,24.278581359615572,80.8641117535628,MADHYA PRADESH,Satna,4.547,Siddhi Vinayak Minerals,Private,Opencast,Non-Metallic,NGDR_MajorLease2022,centroid_from_NGDR_lease_polygon
38MPR35056,Pahadi,Limestone,mining,24.261358255543172,80.82129970256928,MADHYA PRADESH,Satna,11.894,Omprakash Rai,Private,Opencast,Non-Metallic,NGDR_MajorLease2022,centroid_from_NGDR_lease_polygon
38MPR47087,Bamhanga Waon,Limestone,mining,24.04157607679331,80.58843867536402,MADHYA PRADESH,Katni,2.68,Ashok Kumar Aalok Kumar Chunawala,Private,Opencast,Non-Metallic,NGDR_MajorLease2022,centroid_from_NGDR_lease_polygon
38MPR47088,Sunhera,Limestone,mining,23.66787415325598,80.46681158022666,MADHYA PRADESH,Katni,3.63,Kachwaha Minerals Pvt. Ltd.,Private,Opencast,Non-Metallic,NGDR_MajorLease2022,centroid_from_NGDR_lease_polygon
38MPR47092,Nanhwara,Limestone,mining,23.699549032021874,80.53083210140503,MADHYA PRADESH,Katni,2.1,Pavan Pandey,Private,Opencast,Non-Metallic,NGDR_MajorLease2022,centroid_from_NGDR_lease_polygon
38MPR47095,Rituwa,Limestone,mining,23.64493947799353,80.30122841864805,MADHYA PRADESH,Katni,9.05,Prakash Topnani,Private,Opencast,Non-Metallic,NGDR_MajorLease2022,centroid_from_NGDR_lease_polygon
38MPR35122,Bhatoora,Limestone,mining,24.087279480305924,80.66691331425073,MADHYA PRADESH,Satna,6.062,Maihar Stone Lime Co.,Private,Opencast,Non-Metallic,NGDR_MajorLease2022,centroid_from_NGDR_lease_polygon
38MPR47100,Nanhwara,Limestone,mining,24.02307607800517,80.55597075844163,MADHYA PRADESH,Katni,32.48,Triloki Nath Agrawal,Private,Opencast,Non-Metallic,NGDR_MajorLease2022,centroid_from_NGDR_lease_polygon
44MPR35172,Koldiya,Bauxite,mining,24.27105437265488,81.16916931369353,MADHYA PRADESH,Satna,45.892,Kunji Lal Ishwar Prasad Agrawal,Private,Opencast,Metallic,NGDR_MajorLease2022,centroid_from_NGDR_lease_polygon
38MPR35126,Bhatoora,Limestone,mining,24.090566051037474,80.66815169727307,MADHYA PRADESH,Satna,1.306,A.P.Nagarath/ R.P. Nagrath,Private,Opencast,Non-Metallic,NGDR_MajorLease2022,centroid_from_NGDR_lease_polygon
38MPR35141,Bhatoora,Limestone,mining,24.090146713184318,80.66491819843617,MADHYA PRADESH,Satna,6.104,"K. K. Gautam, Katni",Private,Opencast,Non-Metallic,NGDR_MajorLease2022,centroid_from_NGDR_lease_polygon
38MPR35153,Bamhore,Limestone,mining,24.649288170089957,80.99380186176656,MADHYA PRADESH,Satna,4.249,Nisha Patel/ Jagdish Singh,Private,Opencast,Non-Metallic,NGDR_MajorLease2022,centroid_from_NGDR_lease_polygon
38MPR35159,Hinouta,Limestone,mining,24.56115591738075,80.97988991008008,MADHYA PRADESH,Satna,16.264,Ajay Kumar Pathak,Private,Opencast,Non-Metallic,NGDR_MajorLease2022,centroid_from_NGDR_lease_polygon
38MPR47007,Pipariya,Limestone,mining,23.668699680206995,80.44342494358459,MADHYA PRADESH,Katni,2.686,Commercial Minerals,Private,Opencast,Non-Metallic,NGDR_MajorLease2022,centroid_from_NGDR_lease_polygon
38MPR47079,Amehta,Limestone,mining,24.011822774260768,80.5393566122679,MADHYA PRADESH,Katni,1.38,Ranjan Grover,Private,Opencast,Non-Metallic,NGDR_MajorLease2022,centroid_from_NGDR_lease_polygon
30MPR15003,Panihar,Iron Ore,mining,26.0842564894161,78.05872952851557,MADHYA PRADESH,Gwalior,4.705,Radhe Shyam Gurjar,Private,Opencast,Metallic,NGDR_MajorLease2022,centroid_from_NGDR_lease_polygon
30MPR18004,Pratappur,Iron Ore,mining,23.392565794506,80.19373486414395,MADHYA PRADESH,Jabalpur,11.598,Anand Mining Corporation,Private,Opencast,Metallic,NGDR_MajorLease2022,centroid_from_NGDR_lease_polygon
38MPR33029,Bankuiyan,Limestone,mining,24.613765652877664,81.19171620999604,MADHYA PRADESH,Rewa,265.745,Jayprakash Associates Ltd.,Private,Opencast,Non-Metallic,NGDR_MajorLease2022,centroid_from_NGDR_lease_polygon
38MPR47013,Amraiyapar,Limestone,mining,24.066370235490336,80.63088529921725,MADHYA PRADESH,Katni,1.866,Ashwini Kumar Sahgal,Private,Opencast,Non-Metallic,NGDR_MajorLease2022,centroid_from_NGDR_lease_polygon
38MPR47063,Padrehi,Limestone,mining,24.101424006189912,80.690607875776,MADHYA PRADESH,Katni,1.732,Ramnaresh Jaiswal,Private,Opencast,Non-Metallic,NGDR_MajorLease2022,centroid_from_NGDR_lease_polygon
38MPR12064,Karondia,Limestone,mining,22.63973005997434,75.1357521221028,MADHYA PRADESH,Dhar,3.896,Mohanlal Bansal,Private,Opencast,Non-Metallic,NGDR_MajorLease2022,centroid_from_NGDR_lease_polygon
38MPR47005,Amehta,Limestone,mining,23.675200738780816,80.44313508111532,MADHYA PRADESH,Katni,2.32,N.M.Dubash Stone & Lime Co.Pvt.Ltd.,Private,Opencast,Non-Metallic,NGDR_MajorLease2022,centroid_from_NGDR_lease_polygon
30MPR18010,Jhitti,Iron Ore,mining,23.370128161785292,80.17049530407758,MADHYA PRADESH,Jabalpur,27.05,Pacific Exports,Private,Opencast,Metallic,NGDR_MajorLease2022,centroid_from_NGDR_lease_polygon
38MPR47115,Padrehi,Limestone,mining,24.104167377551896,80.69039279197031,MADHYA PRADESH,Katni,1.41,Murli Manhore Agrawal,Private,Opencast,Non-Metallic,NGDR_MajorLease2022,centroid_from_NGDR_lease_polygon
30MPR18015,Gandhigram,Iron Ore,mining,23.36199393397974,80.03041568067782,MADHYA PRADESH,Jabalpur,4.98,Veni Shanker Upadyaya,Private,Opencast,Metallic,NGDR_MajorLease2022,centroid_from_NGDR_lease_polygon
46MPR34001,Tigoda,Rock Phosphate,mining,24.36639515745739,79.17186155859804,MADHYA PRADESH,Sagar,52.8,Madhya Pradesh State Mining Corpn. Ltd.,SPSU,Opencast,Non-Metallic,NGDR_MajorLease2022,centroid_from_NGDR_lease_polygon
38MPR47040,Badari,Limestone,mining,24.032145508112166,80.56621893468743,MADHYA PRADESH,Katni,10.246,Ashok Kumar Dubey,Private,Opencast,Non-Metallic,NGDR_MajorLease2022,centroid_from_NGDR_lease_polygon
38MPR47086,Bhatagawan Sunhera,Limestone,mining,23.682609707570336,80.45163275120284,MADHYA PRADESH,Katni,9.35,Arif Ahmad,Private,Opencast,Non-Metallic,NGDR_MajorLease2022,centroid_from_NGDR_lease_polygon
38MPR33038,Bankuiyan,Limestone,mining,24.596955657048536,81.19693377254434,MADHYA PRADESH,Rewa,19.099,Jayprakash Associates Ltd.,Private,Opencast,Non-Metallic,NGDR_MajorLease2022,centroid_from_NGDR_lease_polygon
38MPR47134,Durgati Piparia,Limestone,mining,23.658317271432793,80.40220960772008,MADHYA PRADESH,Katni,41.39,Shree Kamal Lime Industries,Private,Opencast,Non-Metallic,NGDR_MajorLease2022,centroid_from_NGDR_lease_polygon
38MPR47101,Sejha,Limestone,mining,23.683182982644755,80.50319773840837,MADHYA PRADESH,Katni,10.21,V.S.Mineral,Private,Opencast,Non-Metallic,NGDR_MajorLease2022,centroid_from_NGDR_lease_polygon
40MPR01027,Jagantola,Manganese Ore,mining,21.950926476076038,80.43300024197485,MADHYA PRADESH,Balaghat,6.264,"Hira Power & Steel Ltd., Raipur",Private,Opencast,Metallic,NGDR_MajorLease2022,centroid_from_NGDR_lease_polygon
38MPR47126,Badari,Limestone,mining,24.034819872250505,80.56636637440698,MADHYA PRADESH,Katni,1.51,Sukhdev Prasad Shankar Prasad Goenka,Private,Opencast,Non-Metallic,NGDR_MajorLease2022,centroid_from_NGDR_lease_polygon
38MPR12079,Badiya,Limestone,mining,22.361335542812864,75.08428269893453,MADHYA PRADESH,Dhar,4.999,SATGURU CEMENT PVT. LTD,Private,Opencast,Non-Metallic,NGDR_MajorLease2022,centroid_from_NGDR_lease_polygon
32MPR18003,Bhorali,Bauxite,mining,23.75737249754446,80.36266211738304,MADHYA PRADESH,Katni,3.5,Bhanwar Singh Chauhan,Private,Opencast,Metallic,NGDR_MajorLease2022,centroid_from_NGDR_lease_polygon
07MPR35019,Ghatania,Bauxite,mining,24.892830088394437,81.02135516623407,MADHYA PRADESH,Satna,1.679,Madhya Pradesh Mineral Supplies Company,Private,Opencast,Metallic,NGDR_MajorLease2022,centroid_from_NGDR_lease_polygon
38MPR47128,Salaiya Pahari,Limestone,mining,23.986590145583996,80.48419109345726,MADHYA PRADESH,Katni,4.12,Madan Lal Grover,Private,Opencast,Non-Metallic,NGDR_MajorLease2022,centroid_from_NGDR_lease_polygon
38MPR18074,Badari,Limestone,mining,24.03351492583369,80.57425664813422,MADHYA PRADESH,Katni,1.121,Acc Ltd,Private,Opencast,Non-Metallic,NGDR_MajorLease2022,centroid_from_NGDR_lease_polygon
07MPR33009,Kumhara - Judwani,Bauxite,mining,24.86062079399557,81.12324288038751,MADHYA PRADESH,Rewa,10.73,Jailal Bharatlal,Private,Opencast,Metallic,NGDR_MajorLease2022,centroid_from_NGDR_lease_polygon
07MPR33003,Kumhara - Judwani,Bauxite,mining,24.862362431933924,81.12058454682979,MADHYA PRADESH,Rewa,15.78,Madhya Pradesh Mineral Supplies Company,Private,Opencast,Metallic,NGDR_MajorLease2022,centroid_from_NGDR_lease_polygon
07MPR33002,Chitti-Jaggir,Bauxite,mining,24.85629043443984,81.1239640837647,MADHYA PRADESH,Rewa,12.95,Rakesh Agencies,Private,Opencast,Metallic,NGDR_MajorLease2022,centroid_from_NGDR_lease_polygon
07MPR18035,Rosara,Bauxite,mining,23.568388279281358,80.03566098737943,MADHYA PRADESH,Jabalpur,5.22,Shree Anand Khanij Udyog/Sangeeta Minerals,Private,Opencast,Metallic,NGDR_MajorLease2022,centroid_from_NGDR_lease_polygon
07MPR35056,Udali,Bauxite,mining,24.8970109347202,81.01874871593014,MADHYA PRADESH,Satna,3.723,Madhya Pradesh Mineral Supplies Company,Private,Opencast,Metallic,NGDR_MajorLease2022,centroid_from_NGDR_lease_polygon
07MPR35077,Tamar,Bauxite,mining,24.876360738719647,81.0238429076206,MADHYA PRADESH,Satna,21.0,Madhya Pradesh State Mining Corpn. Ltd.,SPSU,Opencast,Metallic,NGDR_MajorLease2022,centroid_from_NGDR_lease_polygon
07MPR41003,Naikin,Bauxite,mining,24.355053618019596,81.39664402785125,MADHYA PRADESH,Sidhi,3.417,Shree Kishna Das Tikaram,Private,Opencast,Metallic,NGDR_MajorLease2022,centroid_from_NGDR_lease_polygon
07MPR41005,Beerpur,Bauxite,mining,24.357292109100644,81.40169243859218,MADHYA PRADESH,Sidhi,6.03,Shree Kishna Das Tikaram,Private,Opencast,Metallic,NGDR_MajorLease2022,centroid_from_NGDR_lease_polygon
17MPR26001,Majhgawan,Diamond,mining,24.643491308907965,80.02529236969484,MADHYA PRADESH,Panna,113.332,National Mineral Dev. Corpn. Ltd.,CPSU,Opencast,Metallic,NGDR_MajorLease2022,centroid_from_NGDR_lease_polygon
30MPR07001,Khera Majora,Iron Ore,mining,24.391938164205907,79.3119950407408,MADHYA PRADESH,Chhatarpur,4.896,Jindutt Minerals Pvt Ltd,Private,Opencast,Metallic,NGDR_MajorLease2022,centroid_from_NGDR_lease_polygon
30MPR18002,Agariya,Iron Ore,mining,23.376158983920714,80.14823891037021,MADHYA PRADESH,Jabalpur,20.141,Nirmala Minerals,Private,Opencast,Metallic,NGDR_MajorLease2022,centroid_from_NGDR_lease_polygon
19MPR47027,Bhatagawan Sunhera,Limestone,mining,23.676341447353476,80.45958219445941,MADHYA PRADESH,Katni,4.13,Central Indian Mining & Marketing Corpn.,Private,Opencast,Non-Metallic,NGDR_MajorLease2022,centroid_from_NGDR_lease_polygon
30MPR18003,Dubiyara,Iron Ore,mining,23.379840617129215,80.16715919496271,MADHYA PRADESH,Jabalpur,32.374,Nirmala Minerals,Private,Opencast,Metallic,NGDR_MajorLease2022,centroid_from_NGDR_lease_polygon
40MPR19001,Amliyamal,Manganese Ore,mining,22.996702869658428,74.40876719654895,MADHYA PRADESH,Jhabua,6.39,A. V. Mines Pvt. Ltd.,Private,Opencast,Metallic,NGDR_MajorLease2022,centroid_from_NGDR_lease_polygon
30MPR18013,Gandhigram,Iron Ore,mining,23.366450010445707,80.0367876084547,MADHYA PRADESH,Jabalpur,4.47,Mukul Khamparia,Private,Opencast,Metallic,NGDR_MajorLease2022,centroid_from_NGDR_lease_polygon
30MPR18019,Dhamdha,Iron Ore,mining,23.37299484661939,80.04470851077082,MADHYA PRADESH,Jabalpur,4.54,R.M.G.Super Conductors Pvt.Ltd.,Private,Opencast,Metallic,NGDR_MajorLease2022,centroid_from_NGDR_lease_polygon
30MPR18026,Dhamdha,Iron Ore,mining,23.390189480993005,80.04512888585403,MADHYA PRADESH,Jabalpur,22.0,M/S Shree Sai Industries,Private,Opencast,Metallic,NGDR_MajorLease2022,centroid_from_NGDR_lease_polygon
38MPR12068,Kosdana,Limestone,mining,22.344702379761067,74.9368368966555,MADHYA PRADESH,Dhar,7.5,Nilesh Upadhyay,Private,Opencast,Non-Metallic,NGDR_MajorLease2022,centroid_from_NGDR_lease_polygon
30MPR18007,Tikariya,Iron Ore,mining,23.380738192282756,80.16071876396813,MADHYA PRADESH,Jabalpur,26.002,Anand Mining Corporation,Private,Opencast,Metallic,NGDR_MajorLease2022,centroid_from_NGDR_lease_polygon
30MPR18008,Sindursi,Iron Ore,mining,23.38210678211105,80.14099779354048,MADHYA PRADESH,Jabalpur,9.0,Jai Minerals,Private,Opencast,Metallic,NGDR_MajorLease2022,centroid_from_NGDR_lease_polygon
38MPR12075,Sitapuri,Limestone,mining,22.362739237935568,75.10828761405439,MADHYA PRADESH,Dhar,965.0,Ultra Tech Cement Ltd.,Private,Opencast,Non-Metallic,NGDR_MajorLease2022,centroid_from_NGDR_lease_polygon
38MPR12076,Mohanpura,Limestone,mining,22.377146552758216,75.05394764865568,MADHYA PRADESH,Dhar,1026.0,Ultra Tech Cement Ltd.,Private,Opencast,Non-Metallic,NGDR_MajorLease2022,centroid_from_NGDR_lease_polygon
38MPR26003,Koni-Simariya,Limestone,mining,24.306054502271746,79.89622266933402,MADHYA PRADESH,Panna,3095.23,Jaykay Cem(Central) Ltd.,Private,Opencast,Non-Metallic,NGDR_MajorLease2022,centroid_from_NGDR_lease_polygon
38MPR33003,Naubasta,Limestone,mining,24.563860304541052,81.18877828214322,MADHYA PRADESH,Rewa,460.31,Jayprakash Associates Ltd.,Private,Opencast,Non-Metallic,NGDR_MajorLease2022,centroid_from_NGDR_lease_polygon
38MPR35117,Bhatoora,Limestone,mining,24.09526110775417,80.67574646087083,MADHYA PRADESH,Satna,5.529,Hukum Chand Stone Lime Co.,Private,Opencast,Non-Metallic,NGDR_MajorLease2022,centroid_from_NGDR_lease_polygon
38MPR12078,Ghursal,Limestone,mining,22.396111719487806,75.05060648686978,MADHYA PRADESH,Dhar,6.773,M/S Satguru Cement Pvt. Ltd,Private,Opencast,Non-Metallic,NGDR_MajorLease2022,centroid_from_NGDR_lease_polygon
30MPR18011,Hridaynagar,Iron Ore,mining,23.370859743582624,80.01665570269714,MADHYA PRADESH,Jabalpur,4.0,Shrikant Pandey,Private,Opencast,Metallic,NGDR_MajorLease2022,centroid_from_NGDR_lease_polygon
30MPR18017,Gosalpur,Iron Ore,mining,23.396890245618884,80.04852475039364,MADHYA PRADESH,Jabalpur,12.77,Narayan Metals & Minerals,Private,Opencast,Metallic,NGDR_MajorLease2022,centroid_from_NGDR_lease_polygon
38MPR18013,Badari,Limestone,mining,24.030459336335646,80.56322256726284,MADHYA PRADESH,Katni,5.04,S.N.Sundarson & Co.Pvt.Ltd.,Private,Opencast,Non-Metallic,NGDR_MajorLease2022,centroid_from_NGDR_lease_polygon
38MPR18041,Kachhagawan,Limestone,mining,23.986049722894247,80.48184959744194,MADHYA PRADESH,Katni,8.3,Madan Lal Grover,Private,Opencast,Non-Metallic,NGDR_MajorLease2022,centroid_from_NGDR_lease_polygon
38MPR18037,Jamuwani Kalan-II,Limestone,mining,24.115430623718282,80.73197992467938,MADHYA PRADESH,Katni,8.584,S.N.S.(Minerals) Ltd.,Private,Opencast,Non-Metallic,NGDR_MajorLease2022,centroid_from_NGDR_lease_polygon
38MPR35136,Barahiya,Limestone,mining,24.28625656338874,80.89271763697997,MADHYA PRADESH,Satna,7.102,K. J. S. Cement Ltd.,Private,Opencast,Non-Metallic,NGDR_MajorLease2022,centroid_from_NGDR_lease_polygon
38MPR18081,Jamuwani Kalan,Limestone,mining,24.108427466769303,80.7305345692797,MADHYA PRADESH,Katni,31.816,Acc Ltd,Private,Opencast,Non-Metallic,NGDR_MajorLease2022,centroid_from_NGDR_lease_polygon
38MPR18092,Chandan,Limestone,mining,23.72209674457627,80.54044276830508,MADHYA PRADESH,Katni,7.205,Kishor Kumar Bagria,Private,Opencast,Non-Metallic,NGDR_MajorLease2022,centroid_from_NGDR_lease_polygon
38MPR18102,Badari,Limestone,mining,24.036103374108166,80.57563523041328,MADHYA PRADESH,Katni,1.093,Acc Ltd,Private,Opencast,Non-Metallic,NGDR_MajorLease2022,centroid_from_NGDR_lease_polygon
38MPR18050,Kymoe Bamangaon & Mahgaon,Limestone,mining,24.027673887378896,80.57178415089646,MADHYA PRADESH,Katni,1520.0,Acc Ltd,0,Opencast,Non-Metallic,NGDR_MajorLease2022,centroid_from_NGDR_lease_polygon
38MPR18033,Harriya,Limestone,mining,24.07926002294045,80.64747311111823,MADHYA PRADESH,Katni,7.065,Sukhdev Prasad Goenka,Private,Opencast,Non-Metallic,NGDR_MajorLease2022,centroid_from_NGDR_lease_polygon
38MPR18132,Nanhwara,Limestone,mining,24.0196687441173,80.54977624867499,MADHYA PRADESH,Katni,7.035,Associate Lime Co.,Private,Opencast,Non-Metallic,NGDR_MajorLease2022,centroid_from_NGDR_lease_polygon
38MPR25001,Simariya,Limestone,mining,22.81711968175,79.11173589877,MADHYA PRADESH,Narasinhapur,3.19,Kunwar Virendra Singh,Private,Opencast,Non-Metallic,NGDR_MajorLease2022,centroid_from_NGDR_lease_polygon
38MPR35137,Prism Cement,Limestone,mining,24.579358088234216,81.00448607915169,MADHYA PRADESH,Satna,253.326,Prism Cement Limited,Private,Opencast,Non-Metallic,NGDR_MajorLease2022,centroid_from_NGDR_lease_polygon
38MPR35336,Satri,Limestone,mining,24.574331619319697,80.97340971161505,MADHYA PRADESH,Satna,38.129,Shravan Kumar Pathak,Private,Opencast,Non-Metallic,NGDR_MajorLease2022,centroid_from_NGDR_lease_polygon
38MPR35167,Girgitta,Limestone,mining,24.243390693788886,80.7942165041331,MADHYA PRADESH,Satna,258.54,K. J. S. Cement Ltd.,Private,Opencast,Non-Metallic,NGDR_MajorLease2022,centroid_from_NGDR_lease_polygon
40MPR08003,Gwari Badona,Manganese Ore,mining,21.528676750294686,78.81773925631505,MADHYA PRADESH,Chhindwara,8.776,Chhindwara Mines Pvt Ltd,Private,Opencast,Metallic,NGDR_MajorLease2022,centroid_from_NGDR_lease_polygon
38MPR35098,Bhatia,Limestone,mining,24.30008947271017,80.89290120320081,MADHYA PRADESH,Satna,10.431,K. J. S. Cement Ltd.,Private,Opencast,Non-Metallic,NGDR_MajorLease2022,centroid_from_NGDR_lease_polygon
38MPR35113,Tiloura,Limestone,mining,24.269632529351284,80.85458010806475,MADHYA PRADESH,Satna,193.252,Maihar Cements,Private,Opencast,Non-Metallic,NGDR_MajorLease2022,centroid_from_NGDR_lease_polygon
38MPR33030,Bankuiyan,Limestone,mining,24.611468291455402,81.19113354902412,MADHYA PRADESH,Rewa,76.144,Jayprakash Associates Ltd.,Private,Opencast,Non-Metallic,NGDR_MajorLease2022,centroid_from_NGDR_lease_polygon
38MPR35192,Barahiya,Limestone,mining,24.28313686744709,80.896200532172,MADHYA PRADESH,Satna,6.794,Gopal Saran Singh Legal Heir Smt. Manju Singh,Private,Opencast,Non-Metallic,NGDR_MajorLease2022,centroid_from_NGDR_lease_polygon
07MPR47022,Padwar,Bauxite,mining,23.617297005455608,80.2008368706626,MADHYA PRADESH,Katni,25.82,Katni Minerals Limited,Private,Opencast,Metallic,NGDR_MajorLease2022,centroid_from_NGDR_lease_polygon
38MPR35038,Ispat I,Limestone,mining,24.633221098132736,80.92362508141132,MADHYA PRADESH,Satna,590.522,Steel Authority Of India Ltd. (Bhilai Jaypee Cement Ltd),CPSU,Opencast,Non-Metallic,NGDR_MajorLease2022,centroid_from_NGDR_lease_polygon
38MPR35062,Piprahat,Limestone,mining,24.132794705116513,80.77422100916179,MADHYA PRADESH,Satna,7.316,K. J. S. Cement Ltd.,Private,Opencast,Non-Metallic,NGDR_MajorLease2022,centroid_from_NGDR_lease_polygon
38MPR35018,Bhatiya,Limestone,mining,24.294848530206714,80.89077247842505,MADHYA PRADESH,Satna,4.29,K. J. S. Cement Ltd.,Private,Opencast,Non-Metallic,NGDR_MajorLease2022,centroid_from_NGDR_lease_polygon
38MPR35020,Bhatiya,Limestone,mining,24.305568948943275,80.88926250299602,MADHYA PRADESH,Satna,8.092,K. J. S. Cement Ltd.,Private,Opencast,Non-Metallic,NGDR_MajorLease2022,centroid_from_NGDR_lease_polygon
38MPR35139,Bhatiya,Limestone,mining,24.297301018294238,80.89852197600969,MADHYA PRADESH,Satna,18.165,K. J. S. Cement Ltd.,Private,Opencast,Non-Metallic,NGDR_MajorLease2022,centroid_from_NGDR_lease_polygon
38MPR35140,Bhatiya,Limestone,mining,24.292975680150967,80.90380939377016,MADHYA PRADESH,Satna,7.859,K. J. S. Cement Ltd.,Private,Opencast,Non-Metallic,NGDR_MajorLease2022,centroid_from_NGDR_lease_polygon
38MPR35142,Bhatiya,Limestone,mining,24.28935388392642,80.89837469294153,MADHYA PRADESH,Satna,45.888,K. J. S. Cement Ltd.,Private,Opencast,Non-Metallic,NGDR_MajorLease2022,centroid_from_NGDR_lease_polygon
38MPR35121,Barahiya,Limestone,mining,24.286503237762155,80.88997683605126,MADHYA PRADESH,Satna,2.017,Omprakash Rai,Private,Opencast,Non-Metallic,NGDR_MajorLease2022,centroid_from_NGDR_lease_polygon
38MPR35193,Bhatia,Limestone,mining,24.289913497558814,80.8961641614246,MADHYA PRADESH,Satna,8.094,Gopal Saran Singh Legal Heir Smt. Manju Singh,Private,Opencast,Non-Metallic,NGDR_MajorLease2022,centroid_from_NGDR_lease_polygon
38MPR35194,Bhatiya,Limestone,mining,24.294174690034165,80.88928616754468,MADHYA PRADESH,Satna,2.023,Gopal Saran Singh Legal Heir Smt. Manju Singh,Private,Opencast,Non-Metallic,NGDR_MajorLease2022,centroid_from_NGDR_lease_polygon
38MPR35197,Latagaon-B,Limestone,mining,24.118321455151744,80.84704744644493,MADHYA PRADESH,Satna,8.094,Gopal Saran Singh Legal Heir Smt. Manju Singh,Private,Opencast,Non-Metallic,NGDR_MajorLease2022,centroid_from_NGDR_lease_polygon
38MPR35230,Tilaura,Limestone,mining,24.261525046938385,80.83612616269178,MADHYA PRADESH,Satna,3.774,S.N.S.(Minerals) Ltd.,Private,Opencast,Non-Metallic,NGDR_MajorLease2022,centroid_from_NGDR_lease_polygon
38MPR35278,Bhadanpur Dakksin Patti,Limestone,mining,24.149515958258828,80.80841314005266,MADHYA PRADESH,Satna,23.23,K. J. S. Cement Ltd.,Private,Opencast,Non-Metallic,NGDR_MajorLease2022,centroid_from_NGDR_lease_polygon
38MPR47015,Nanhwara,Limestone,mining,24.019090623686427,80.54983421955625,MADHYA PRADESH,Katni,11.833,Associate Lime Co.,Private,Opencast,Non-Metallic,NGDR_MajorLease2022,centroid_from_NGDR_lease_polygon
38MPR35272,Bela & Devmaudaldal,Limestone,mining,24.628575166650986,81.11139172333057,MADHYA PRADESH,Satna,355.51,Jayprakash Associates Ltd.,Private,Opencast,Non-Metallic,NGDR_MajorLease2022,centroid_from_NGDR_lease_polygon
38MPR35273,Degarhat & Devmaudaldal,Limestone,mining,24.599301964223553,81.14569977171418,MADHYA PRADESH,Satna,816.519,Jayprakash Associates Ltd.,Private,Opencast,Non-Metallic,NGDR_MajorLease2022,centroid_from_NGDR_lease_polygon
38MPR35276,Deori,Limestone,mining,24.12984843271948,80.78489305939715,MADHYA PRADESH,Satna,3.99,K. J. S. Cement Ltd.,Private,Opencast,Non-Metallic,NGDR_MajorLease2022,centroid_from_NGDR_lease_polygon
38MPR35277,Bhatiya,Limestone,mining,24.296326363760794,80.89918556495476,MADHYA PRADESH,Satna,9.008,K. J. S. Cement Ltd.,Private,Opencast,Non-Metallic,NGDR_MajorLease2022,centroid_from_NGDR_lease_polygon
38MPR41004,Bhudhgawna,Limestone,mining,24.341776254364817,81.35660392888414,MADHYA PRADESH,Sidhi,60.671,Ultra Tech Cement Ltd.,Private,Opencast,Non-Metallic,NGDR_MajorLease2022,centroid_from_NGDR_lease_polygon
38MPR35303,Gorriya,Limestone,mining,24.63029703166797,81.01105042107501,MADHYA PRADESH,Satna,7.331,Jagdish Singh,Private,Opencast,Non-Metallic,NGDR_MajorLease2022,centroid_from_NGDR_lease_polygon
38MPR35313,Baghai,Limestone,mining,24.57741349997324,81.03340877204788,MADHYA PRADESH,Satna,512.317,Prism Cement Limited,Private,Opencast,Non-Metallic,NGDR_MajorLease2022,centroid_from_NGDR_lease_polygon
38MPR35317,Sadhera,Limestone,mining,24.12483279858251,80.75471336120943,MADHYA PRADESH,Satna,363.44,Reliance Cement Co. Pvt. Ltd.,Private,Opencast,Non-Metallic,NGDR_MajorLease2022,centroid_from_NGDR_lease_polygon
38MPR35071,Sagmania,Limestone,mining,24.635449148530498,80.88666940101571,MADHYA PRADESH,Satna,852.5,Birla Corporation Ltd.,Private,Opencast,Non-Metallic,NGDR_MajorLease2022,centroid_from_NGDR_lease_polygon
38MPR35311,Hinouti & Sejhata,Limestone,mining,24.58247998200822,81.01210651718614,MADHYA PRADESH,Satna,99.416,Prism Cement Limited,Private,Opencast,Non-Metallic,NGDR_MajorLease2022,centroid_from_NGDR_lease_polygon
38MPR35312,Gorriya,Limestone,mining,24.174164419245486,80.88709834178891,MADHYA PRADESH,Satna,4.57,K. J. S. Cement Ltd.,Private,Opencast,Non-Metallic,NGDR_MajorLease2022,centroid_from_NGDR_lease_polygon
38MPR35314,"Prism Cement, Mendhi",Limestone,mining,24.554339135478607,81.05606737522412,MADHYA PRADESH,Satna,117.594,Prism Cement Limited,Private,Opencast,Non-Metallic,NGDR_MajorLease2022,centroid_from_NGDR_lease_polygon
46MPR07002,Luhani,Rock Phosphate,mining,24.377304879216172,79.15459293900514,MADHYA PRADESH,Chhatarpur,13.2,Khajuraho Stones(India)Pvt. Ltd.,Private,Opencast,Non-Metallic,NGDR_MajorLease2022,centroid_from_NGDR_lease_polygon
38MPR47067,Rajarwara,Limestone,mining,23.99903141306309,80.50861254894197,MADHYA PRADESH,Katni,2.65,Smt. Veena Chaturvedi,Private,Opencast,Non-Metallic,NGDR_MajorLease2022,centroid_from_NGDR_lease_polygon
38MPR35330,Barti Fifir,Limestone,mining,24.626394037442182,81.08912862162457,MADHYA PRADESH,Satna,159.218,Jayprakash Associates Ltd.,Private,Opencast,Non-Metallic,NGDR_MajorLease2022,centroid_from_NGDR_lease_polygon
38MPR35292,Bharajunaa Kala,Limestone,mining,24.656260979939987,80.85751917223288,MADHYA PRADESH,Satna,766.22,Revati Cements Pvt. Ltd.,Private,Opencast,Non-Metallic,NGDR_MajorLease2022,centroid_from_NGDR_lease_polygon
38MPR35350,Devra-Kothara,Limestone,mining,24.51283591765291,81.14565525315066,MADHYA PRADESH,Satna,415.097,Ultra Tech Cement Ltd.,Private,Opencast,Non-Metallic,NGDR_MajorLease2022,centroid_from_NGDR_lease_polygon
75MPR47010,Tharka,Bauxite,mining,23.71707698547725,80.40784898138521,MADHYA PRADESH,Katni,12.97,Puran Lal Vishwakarma,Private,Opencast,Metallic,NGDR_MajorLease2022,centroid_from_NGDR_lease_polygon
38MPR47137,Mohaniya,Limestone,mining,23.665237850345644,80.4387631179392,MADHYA PRADESH,Katni,2.33,Central Indian Mining & Marketing Corpn.,Private,Opencast,Non-Metallic,NGDR_MajorLease2022,centroid_from_NGDR_lease_polygon
40MPR01075,Ghondi,Manganese Ore,mining,21.945554428272576,80.43052467241091,MADHYA PRADESH,Balaghat,40.47,I.Patric Dhanraj,Private,Opencast & Underground,Metallic,NGDR_MajorLease2022,centroid_from_NGDR_lease_polygon
40MPR01082,Pauniya,Manganese Ore,mining,21.726111874576336,79.75551055171317,MADHYA PRADESH,Balaghat,6.561,S.P.Goenka,Private,Opencast,Metallic,NGDR_MajorLease2022,centroid_from_NGDR_lease_polygon
40MPR18001,Jhansi/Silua,Manganese Ore,mining,23.367506762091427,80.08385875541403,MADHYA PRADESH,Jabalpur,4.49,Khatri Minerals & Mining Company,Private,Opencast,Metallic,NGDR_MajorLease2022,centroid_from_NGDR_lease_polygon
38MPR47069,Salaiya Pahari,Limestone,mining,23.986423002315707,80.48772364688979,MADHYA PRADESH,Katni,4.69,Madan Lal Grover,Private,Opencast,Non-Metallic,NGDR_MajorLease2022,centroid_from_NGDR_lease_polygon
38MPR35099,Sagma,Limestone,mining,24.63331716009691,80.82549230468616,MADHYA PRADESH,Satna,93.572,Kamal Sponge Steel & Power Ltd,Private,Opencast,Non-Metallic,NGDR_MajorLease2022,centroid_from_NGDR_lease_polygon
40MPR18006,Darshani,Manganese Ore,mining,23.510965285575587,80.0675255683442,MADHYA PRADESH,Jabalpur,5.7,"Kamal Lime & Stones , Katni",Private,Opencast,Metallic,NGDR_MajorLease2022,centroid_from_NGDR_lease_polygon
38MPR47024,Jamwani Khurd,Limestone,mining,24.109677000107816,80.70302080058269,MADHYA PRADESH,Katni,7.89,S.N.S.(Minerals) Ltd.,Private,Opencast,Non-Metallic,NGDR_MajorLease2022,centroid_from_NGDR_lease_polygon
38MPR47032,Padrehi,Limestone,mining,24.10198324276964,80.6880058854,MADHYA PRADESH,Katni,4.77,Triveni Lime Co.,Private,Opencast,Non-Metallic,NGDR_MajorLease2022,centroid_from_NGDR_lease_polygon
38MPR47037,Sunehri,Limestone,mining,23.673164161591437,80.45500413119147,MADHYA PRADESH,Katni,15.17,Gagan Sial,Private,Opencast,Non-Metallic,NGDR_MajorLease2022,centroid_from_NGDR_lease_polygon
38MPR47043,Amehta,Limestone,mining,24.012138095094056,80.54404559841316,MADHYA PRADESH,Katni,13.9,Ravi Kumar Grover,Private,Opencast,Non-Metallic,NGDR_MajorLease2022,centroid_from_NGDR_lease_polygon
38MPR47129,Rajarwara,Limestone,mining,23.997940296596575,80.5080320832483,MADHYA PRADESH,Katni,4.28,Sumitra Grover,Private,Opencast,Non-Metallic,NGDR_MajorLease2022,centroid_from_NGDR_lease_polygon
38MPR47127,Nanhwara,Limestone,mining,23.703019710666798,80.53504308026551,MADHYA PRADESH,Katni,2.19,Karan Singh Chouhan,Private,Opencast,Non-Metallic,NGDR_MajorLease2022,centroid_from_NGDR_lease_polygon
38MPR47135,Baragaon,Limestone,mining,23.693747900489,80.48304766667877,MADHYA PRADESH,Katni,5.47,Micro Minerals/Kuldeep Khare,Private,Opencast,Non-Metallic,NGDR_MajorLease2022,centroid_from_NGDR_lease_polygon
38MPR51002,Kandaka,Limestone,mining,24.540495248799992,74.81337849706,MADHYA PRADESH,Nimach,5.0,Raghuraj Singh Chordiya,Private,Opencast,Non-Metallic,NGDR_MajorLease2022,centroid_from_NGDR_lease_polygon
38MPR51003,Morka,Limestone,mining,24.56453093446751,74.86333448029829,MADHYA PRADESH,Nimach,14.733,Veer Durgadas Mineral Pvt.Ltd,Private,Opencast,Non-Metallic,NGDR_MajorLease2022,centroid_from_NGDR_lease_polygon
38MPR51004,Vikram Cement Limestone M- III,Limestone,mining,24.56177135809531,74.80588179381995,MADHYA PRADESH,Nimach,564.106,Ultra Tech Cement Ltd.,Private,Opencast,Non-Metallic,NGDR_MajorLease2022,centroid_from_NGDR_lease_polygon
75MPR18019,Devnagar,Iron Ore,mining,23.36902968225124,80.01464414008363,MADHYA PRADESH,Jabalpur,6.44,Intizar Husan,Private,Opencast,Metallic,NGDR_MajorLease2022,centroid_from_NGDR_lease_polygon
38MPR51005,Vikram Cement Limestone M- IV,Limestone,mining,24.565723081379666,74.86075877622179,MADHYA PRADESH,Nimach,52.353,Ultra Tech Cement Ltd.,Private,Opencast,Non-Metallic,NGDR_MajorLease2022,centroid_from_NGDR_lease_polygon
07MPR18027,Mohla,Bauxite,mining,23.5747754853754,80.15323306551612,MADHYA PRADESH,Jabalpur,5.901,Sharda Prasad Jaiswal,Private,Opencast,Metallic,NGDR_MajorLease2022,centroid_from_NGDR_lease_polygon
40MPR01017,Tirodi,Manganese Ore,mining,21.683928849380493,79.72853700234089,MADHYA PRADESH,Balaghat,254.593,Manganese Ore (India) Ltd.,CPSU,Opencast,Metallic,NGDR_MajorLease2022,centroid_from_NGDR_lease_polygon
40MPR01034,Miragpur,Manganese Ore,mining,21.63176713270249,79.83434287049658,MADHYA PRADESH,Balaghat,2.299,D.P.Rai,Private,Opencast,Metallic,NGDR_MajorLease2022,centroid_from_NGDR_lease_polygon
40MPR01047,Hatoda,Manganese Ore,mining,21.635024780452284,79.805302591537,MADHYA PRADESH,Balaghat,4.048,"K. P. G Minerals, Nagpur",Private,Opencast,Metallic,NGDR_MajorLease2022,centroid_from_NGDR_lease_polygon
40MPR01064,Katangjhari-II,Manganese Ore,mining,21.843208803679484,79.9650283793944,MADHYA PRADESH,Balaghat,5.263,M/S J.K. Minerals,Private,Opencast,Metallic,NGDR_MajorLease2022,centroid_from_NGDR_lease_polygon
40MPR01070,Tirodi,Manganese Ore,mining,21.687652455675277,79.72407863769031,MADHYA PRADESH,Balaghat,4.419,Manganese Ore (India) Ltd.,CPSU,Opencast,Metallic,NGDR_MajorLease2022,centroid_from_NGDR_lease_polygon
40MPR01074,G. F. S. R. ( Gulla),Manganese Ore,mining,21.881169625862324,79.97296376966405,MADHYA PRADESH,Balaghat,10.0,J. K. Minerals,Private,Opencast,Metallic,NGDR_MajorLease2022,centroid_from_NGDR_lease_polygon
40MPR01080,Bharweli,Manganese Ore,mining,21.838255534622768,80.22606481968931,MADHYA PRADESH,Balaghat,0.789,Manganese Ore (India) Ltd.,CPSU,Opencast,Metallic,NGDR_MajorLease2022,centroid_from_NGDR_lease_polygon
40MPR08001,Palaspani,Manganese Ore,mining,21.723181490307358,78.78693821440334,MADHYA PRADESH,Chhindwara,54.129,Krishnaping Alloys Pvt.Ltd.,Private,Opencast,Metallic,NGDR_MajorLease2022,centroid_from_NGDR_lease_polygon
40MPR08006,Gowari Wadona,Manganese Ore,mining,21.529789903181815,78.81437476818182,MADHYA PRADESH,Chhindwara,6.607,Shakambari Mines & Minerals,Private,Opencast,Metallic,NGDR_MajorLease2022,centroid_from_NGDR_lease_polygon
40MPR08010,Kachidana,Manganese Ore,mining,21.720936892177725,78.78955901914829,MADHYA PRADESH,Chhindwara,5.859,Rawal Mineral Corporation (Chhindwara),Private,Opencast,Metallic,NGDR_MajorLease2022,centroid_from_NGDR_lease_polygon
40MPR18003,Keolari,Manganese Ore,mining,23.380647481343853,80.05163083873822,MADHYA PRADESH,Jabalpur,4.03,Shobha Minerals,Private,Opencast,Metallic,NGDR_MajorLease2022,centroid_from_NGDR_lease_polygon
44MPR35082,Mungwari,Bauxite,mining,24.89635013895238,81.02029542465579,MADHYA PRADESH,Satna,4.95,R.C.Bansal,Private,Opencast,Metallic,NGDR_MajorLease2022,centroid_from_NGDR_lease_polygon
44MPR35102,Kama Kuiya,Iron Ore,mining,24.885471647029146,81.01990186944026,MADHYA PRADESH,Satna,16.19,Shiv Kumar Agrawal,Private,Opencast,Metallic,NGDR_MajorLease2022,centroid_from_NGDR_lease_polygon
75MPR18015,Kurro,Manganese Ore,mining,23.49141114478012,80.14597342028736,MADHYA PRADESH,Jabalpur,7.3,Vinod Kumar Shrivastava,Private,Opencast,Metallic,NGDR_MajorLease2022,centroid_from_NGDR_lease_polygon
75MPR18018,Gandhigram,Iron Ore,mining,23.358011873226715,80.03088193210692,MADHYA PRADESH,Jabalpur,4.0,Vinod Kumar Shrivastava,Private,Opencast,Metallic,NGDR_MajorLease2022,centroid_from_NGDR_lease_polygon
19MPR47020,Maghrata,Limestone,mining,23.690511090601902,80.56241278815095,MADHYA PRADESH,Katni,1.4,Brij Kishore Bhargava,Private,Opencast,Non-Metallic,NGDR_MajorLease2022,centroid_from_NGDR_lease_polygon
38MPR12083,Badiya,Limestone,mining,22.365211121734564,75.07084314215643,MADHYA PRADESH,Dhar,4.5,SATGURU CEMENT PVT. LTD,Private,Opencast,Non-Metallic,NGDR_MajorLease2022,centroid_from_NGDR_lease_polygon
07MPR38003,Chachandeeh,Bauxite,mining,22.839262327957133,81.62176466105073,MADHYA PRADESH,Anuppur,148.181,Madhya Pradesh State Mining Corpn. Ltd.,SPSU,Opencast,Metallic,NGDR_MajorLease2022,centroid_from_NGDR_lease_polygon
38MPR47050,Amehta,Limestone,mining,24.010652125136158,80.54167258764728,MADHYA PRADESH,Katni,10.016,Sumitra Grover,Private,Opencast,Non-Metallic,NGDR_MajorLease2022,centroid_from_NGDR_lease_polygon
40MPR01079,Pauniya,Manganese Ore,mining,21.732499470401073,79.7647097490147,MADHYA PRADESH,Balaghat,5.831,Chintamani Enterprises,Private,Opencast,Metallic,NGDR_MajorLease2022,centroid_from_NGDR_lease_polygon
40MPR01020,Sitapathore,Manganese Ore,mining,21.686746857363442,79.68383928371966,MADHYA PRADESH,Balaghat,16.636,Ram Bahadur Thakur Pvt.Ltd,Private,Opencast,Metallic,NGDR_MajorLease2022,centroid_from_NGDR_lease_polygon
38MPR47044,Rajarwara,Limestone,mining,23.99688909168843,80.50720776036778,MADHYA PRADESH,Katni,5.22,Sumitra Grover,Private,Opencast,Non-Metallic,NGDR_MajorLease2022,centroid_from_NGDR_lease_polygon
07MPR35052,Sidha Kothar,Bauxite,mining,24.878776294842147,80.91279694547374,MADHYA PRADESH,Satna,12.14,Rakesh Agencies,Private,Opencast,Metallic,NGDR_MajorLease2022,centroid_from_NGDR_lease_polygon
40MPR01042,Miragpur,Manganese Ore,mining,21.629268671524652,79.84285694447624,MADHYA PRADESH,Balaghat,2.41,"Smt. Namrata Upadhyay, Balghat Dt.",Private,Opencast,Metallic,NGDR_MajorLease2022,centroid_from_NGDR_lease_polygon
40MPR01043,Jam,Manganese Ore,mining,21.753449782317627,79.88243644350096,MADHYA PRADESH,Balaghat,8.097,"Smt. Namrata Upadhyay, Balghat Dt.",Private,Opencast,Metallic,NGDR_MajorLease2022,centroid_from_NGDR_lease_polygon
38MPR35283,Deori,Limestone,mining,24.129291824500054,80.78397168188468,MADHYA PRADESH,Satna,4.158,Jailal Bharatlal,Private,Opencast,Non-Metallic,NGDR_MajorLease2022,centroid_from_NGDR_lease_polygon
40MPR01010,Netra,Manganese Ore,mining,21.880364029608298,79.9821050133637,MADHYA PRADESH,Balaghat,20.0,Pacific Minerals Pvt. Ltd.,Private,Opencast,Metallic,NGDR_MajorLease2022,centroid_from_NGDR_lease_polygon
40MPR01057,Bhaiyatikur,Manganese Ore,mining,21.90624588345705,80.01375991033892,MADHYA PRADESH,Balaghat,4.579,M/S Natural Resource (India) P. Ltd.,Private,Opencast,Metallic,NGDR_MajorLease2022,centroid_from_NGDR_lease_polygon
40MPR01065,Selwa,Manganese Ore,mining,21.75858902912635,79.82607690940698,MADHYA PRADESH,Balaghat,4.906,"M/S Metal & Minerals, Prop. Sandesh Jain",Private,Opencast,Metallic,NGDR_MajorLease2022,centroid_from_NGDR_lease_polygon
40MPR01072,Miragpur,Manganese Ore,mining,21.63264880897048,79.83725140016318,MADHYA PRADESH,Balaghat,4.2,Shri Rajendra Deshmukh,Private,Opencast,Metallic,NGDR_MajorLease2022,centroid_from_NGDR_lease_polygon
40MPR01030,Katangjhari,Manganese Ore,mining,21.842860722000054,79.95741782112506,MADHYA PRADESH,Balaghat,3.376,J. K. Minerals,Private,Opencast,Metallic,NGDR_MajorLease2022,centroid_from_NGDR_lease_polygon
40MPR01032,Pandharwani,Manganese Ore,mining,21.62661110017716,79.84324324671056,MADHYA PRADESH,Balaghat,14.91,D.P.Rai,Private,Underground,Metallic,NGDR_MajorLease2022,centroid_from_NGDR_lease_polygon
40MPR01035,Hathora,Manganese Ore,mining,21.63293371707663,79.79937183824697,MADHYA PRADESH,Balaghat,5.726,Pacific Minerals Pvt. Ltd.,Private,Opencast,Metallic,NGDR_MajorLease2022,centroid_from_NGDR_lease_polygon
38MPR35310,Hinauti,Limestone,mining,24.302666874148894,81.28824859913368,MADHYA PRADESH,Satna,378.261,Ultra Tech Cement Ltd.,Private,Opencast,Non-Metallic,NGDR_MajorLease2022,centroid_from_NGDR_lease_polygon
38MPR35335,Umari,Limestone,mining,24.657629280414103,80.85865759253629,MADHYA PRADESH,Satna,140.618,Revati Cements Pvt. Ltd.,Private,Opencast,Non-Metallic,NGDR_MajorLease2022,centroid_from_NGDR_lease_polygon
07MPR33007,Kumhara - Judwani,Bauxite,mining,24.861171023283635,81.12651711774633,MADHYA PRADESH,Rewa,15.78,Rakesh Agencies,Private,Opencast,Metallic,NGDR_MajorLease2022,centroid_from_NGDR_lease_polygon
38MPR18038,Jamuwani Kalan-I,Limestone,mining,24.115820007923126,80.72843909326929,MADHYA PRADESH,Katni,3.5,S.N.S.(Minerals) Ltd.,Private,Opencast,Non-Metallic,NGDR_MajorLease2022,centroid_from_NGDR_lease_polygon
38MPR18096,Jamuwani Khurd,Limestone,mining,24.10643763356434,80.70454800229561,MADHYA PRADESH,Katni,5.958,Lal Rajendra Singh Baghel,Private,Opencast,Non-Metallic,NGDR_MajorLease2022,centroid_from_NGDR_lease_polygon
38MPR33014,Sonara,Limestone,mining,24.522373169902288,81.16921801054461,MADHYA PRADESH,Rewa,5.837,Ram Lal Singh,Private,Opencast,Non-Metallic,NGDR_MajorLease2022,centroid_from_NGDR_lease_polygon
40MSH14055,Kawatha,Manganese Ore,mining,21.49694210289102,78.89533105820333,MAHARASHTRA,Nagpur,26.67,Smt. Rachna Ashish Belorkar,Private,Opencast,Metallic,NGDR_MajorLease2022,centroid_from_NGDR_lease_polygon
38MPR18105,Chandan,Limestone,mining,23.70660238919948,80.54046123936844,MADHYA PRADESH,Katni,5.605,"Kishore Kumar , Shree Kamal Lime Industries",Private,Opencast,Non-Metallic,NGDR_MajorLease2022,centroid_from_NGDR_lease_polygon
07MPR38004,Garhi Dadar,Bauxite,mining,22.859444460824506,81.61258941138479,MADHYA PRADESH,Anuppur,4.9,Imtiyaz Khan,Private,Opencast,Metallic,NGDR_MajorLease2022,centroid_from_NGDR_lease_polygon
30MPR18025,Bijaiya,Iron Ore,mining,23.35532031397197,80.17734922632137,MADHYA PRADESH,Jabalpur,27.61,Mukul Khamparia,Private,Opencast,Metallic,NGDR_MajorLease2022,centroid_from_NGDR_lease_polygon
46MPR07001,Maddeora,Rock Phosphate,mining,24.36754828255193,79.16552234935611,MADHYA PRADESH,Chhatarpur,48.758,Madhya Pradesh State Mining Corpn. Ltd.,SPSU,Opencast,Non-Metallic,NGDR_MajorLease2022,centroid_from_NGDR_lease_polygon
40MPR01037,Botejhari,Manganese Ore,mining,21.83170703951425,79.95236502838495,MADHYA PRADESH,BALAGHAT,8.452,Vijay Khandelwal,Private,Opencast,Metallic,NGDR_MajorLease2022,centroid_from_NGDR_lease_polygon
38MPR12060,Ghursal,Limestone,mining,22.399879188343917,75.05306454759585,MADHYA PRADESH,Dhar,4.317,Poli Port Cement Pvt. Ltd.,Private,Opencast,Non-Metallic,NGDR_MajorLease2022,centroid_from_NGDR_lease_polygon
07MPR18024,Tikariya,Bauxite,mining,23.73212459351095,80.401268257881,MADHYA PRADESH,Katni,8.093,Savitri Minerals,Private,Opencast,Metallic,NGDR_MajorLease2022,centroid_from_NGDR_lease_polygon
40MPR01048,Jagantola,Manganese Ore,mining,21.955965593599704,80.44048082960667,MADHYA PRADESH,Balaghat,5.492,Smt. Leela Bhalavi,Private,Opencast,Metallic,NGDR_MajorLease2022,centroid_from_NGDR_lease_polygon
38MPR35053,Nadan (1),Limestone,mining,24.264050882609435,80.90650329108546,MADHYA PRADESH,Satna,8.094,Omprakash Rai,Private,Opencast,Non-Metallic,NGDR_MajorLease2022,centroid_from_NGDR_lease_polygon
38MPR34002,Kandari,Limestone,mining,23.982668304589257,78.8995836533942,MADHYA PRADESH,Sagar,40.0,Rakeshkumar Jain,Private,Opencast,Non-Metallic,NGDR_MajorLease2022,centroid_from_NGDR_lease_polygon
38MPR35284,Aber,Limestone,mining,24.716128123698997,81.0055745674274,MADHYA PRADESH,Satna,17.408,Ratna Singh,Private,Opencast,Non-Metallic,NGDR_MajorLease2022,centroid_from_NGDR_lease_polygon
38MPR47136,Badagawan,Limestone,mining,23.6820197816095,80.484520062173,MADHYA PRADESH,Katni,5.97,Ashok Prasad Goenka,Private,Opencast,Non-Metallic,NGDR_MajorLease2022,centroid_from_NGDR_lease_polygon
38MPR35321,Janardanpur,Limestone,mining,24.610414389459393,81.0908983830034,MADHYA PRADESH,Satna,25.256,Sankathaprasad Dwivedi,Private,Opencast,Non-Metallic,NGDR_MajorLease2022,centroid_from_NGDR_lease_polygon
38MPR18133,Kachgawan,Limestone,mining,23.977980692155267,80.46341763423078,MADHYA PRADESH,Katni,7.42,N.M.Dubash Stone & Lime Co.Pvt.Ltd.,Private,Opencast,Non-Metallic,NGDR_MajorLease2022,centroid_from_NGDR_lease_polygon
38MPR18091,Rajarwara,Limestone,mining,23.99165707606487,80.4972670588471,MADHYA PRADESH,Katni,3.73,Kailash Chandra Bagadia,Private,Opencast,Non-Metallic,NGDR_MajorLease2022,centroid_from_NGDR_lease_polygon
38MPR35309,Birhuli,Limestone,mining,24.622076857539934,80.89645403301674,MADHYA PRADESH,Satna,56.27,Birla Corporation Ltd.,Private,Opencast,Non-Metallic,NGDR_MajorLease2022,centroid_from_NGDR_lease_polygon
38MPR47099,Sejha,Limestone,mining,23.697688613089078,80.51825303815723,MADHYA PRADESH,Katni,2.53,Swapnil Agrawal,Private,Opencast,Non-Metallic,NGDR_MajorLease2022,centroid_from_NGDR_lease_polygon
38MPR47110,Amehta,Limestone,mining,24.013439930327806,80.54458680011386,MADHYA PRADESH,Katni,2.75,Ravi Kumar Grover,Private,Opencast,Non-Metallic,NGDR_MajorLease2022,centroid_from_NGDR_lease_polygon
38MPR35196,Latagaon-A,Limestone,mining,24.115281618919443,80.85492230704382,MADHYA PRADESH,Satna,8.094,Gopal Saran Singh Legal Heir Smt. Manju Singh,Private,Opencast,Non-Metallic,NGDR_MajorLease2022,centroid_from_NGDR_lease_polygon
38MPR18075,Jamwanikala,Limestone,mining,24.110298024116908,80.73471851173397,MADHYA PRADESH,Katni,8.01,Acc Ltd,Private,Opencast,Non-Metallic,NGDR_MajorLease2022,centroid_from_NGDR_lease_polygon
38MPR18124,Kachhgaon,Limestone,mining,23.977255487067257,80.46341584710244,MADHYA PRADESH,Katni,3.456,Shailedra Kumar Nagrath,Private,Opencast,Non-Metallic,NGDR_MajorLease2022,centroid_from_NGDR_lease_polygon
38MPR18135,Sakari,Limestone,mining,23.26667421426077,80.06251671987722,MADHYA PRADESH,Jabalpur,12.27,Subhash Agrawal,Private,Opencast,Non-Metallic,NGDR_MajorLease2022,centroid_from_NGDR_lease_polygon
07MPR47016,Chhapara,Bauxite,mining,23.608685516647427,80.19531366428969,MADHYA PRADESH,Katni,7.383,Shashi Kant Kohad,Private,Opencast,Metallic,NGDR_MajorLease2022,centroid_from_NGDR_lease_polygon
07MPR35065,Ghatania,Bauxite,mining,24.892713267061072,81.01836309495414,MADHYA PRADESH,Satna,3.845,Madhya Pradesh Mineral Supplies Company,Private,Opencast,Metallic,NGDR_MajorLease2022,centroid_from_NGDR_lease_polygon
07MPR47019,Padwar,Bauxite,mining,23.635318754141714,80.198792004192,MADHYA PRADESH,Katni,30.88,Awin Trading Pvt. Ltd.,Private,Opencast,Metallic,NGDR_MajorLease2022,centroid_from_NGDR_lease_polygon
07MPR35003,Argat,Bauxite,mining,24.283707113371324,81.24002355486574,MADHYA PRADESH,Satna,2.428,Shree Kishna Das Tikaram,Private,Opencast,Metallic,NGDR_MajorLease2022,centroid_from_NGDR_lease_polygon
30MPR18020,Agariya,Iron Ore,mining,23.37442450469026,80.14732124794826,MADHYA PRADESH,Jabalpur,20.234,Anand Mining Corporation,Private,Opencast,Metallic,NGDR_MajorLease2022,centroid_from_NGDR_lease_polygon
38MPR12085,Sitapuri,Limestone,mining,22.347827537072845,75.09682130222514,MADHYA PRADESH,Dhar,4.502,Harish Khandelwal,Private,Opencast,Non-Metallic,NGDR_MajorLease2022,centroid_from_NGDR_lease_polygon
38MPR18009,Amehta,Limestone,mining,24.01392721135291,80.53748615774342,MADHYA PRADESH,Katni,9.86,S.N.Sundarson & Co.Pvt.Ltd.,Private,Opencast,Non-Metallic,NGDR_MajorLease2022,centroid_from_NGDR_lease_polygon
38MPR18025,Badari,Limestone,mining,24.03289309760272,80.57349651324418,MADHYA PRADESH,Katni,5.76,Acc Ltd,Private,Opencast,Non-Metallic,NGDR_MajorLease2022,centroid_from_NGDR_lease_polygon
38MPR33050,Khamriha,Limestone,mining,24.52524654464055,81.18889514092507,MADHYA PRADESH,Rewa,33.767,Ultra Tech Cement Ltd.,Private,Opencast,Non-Metallic,NGDR_MajorLease2022,centroid_from_NGDR_lease_polygon
38MPR35119,Bhatoora,Limestone,mining,24.092068991983908,80.67495769750381,MADHYA PRADESH,Satna,4.05,S.N.S.(Minerals) Ltd.,Private,Opencast,Non-Metallic,NGDR_MajorLease2022,centroid_from_NGDR_lease_polygon
38MPR35146,Bhatoora,Limestone,mining,24.08968823464889,80.67548975917556,MADHYA PRADESH,Satna,16.288,Jitendra Kushwaha,Private,Opencast,Non-Metallic,NGDR_MajorLease2022,centroid_from_NGDR_lease_polygon
38MPR35270,Prism Cement,Limestone,mining,24.56671483826922,80.99567823348647,MADHYA PRADESH,Satna,66.434,Prism Cement Limited,Private,Opencast,Non-Metallic,NGDR_MajorLease2022,centroid_from_NGDR_lease_polygon
38MPR35275,Piprahat,Limestone,mining,24.136986333940474,80.77354207147857,MADHYA PRADESH,Satna,8.068,Presenjeet Singh,Private,Opencast,Non-Metallic,NGDR_MajorLease2022,centroid_from_NGDR_lease_polygon
38MPR35320,Kharaundi,Limestone,mining,24.25805214004071,80.90393927486699,MADHYA PRADESH,Satna,12.51,"Ghai Enterprises, Maihar",Private,Opencast,Non-Metallic,NGDR_MajorLease2022,centroid_from_NGDR_lease_polygon
38MPR35342,Deora Saristal,Limestone,mining,24.589252921295405,80.76836971132711,MADHYA PRADESH,Satna,207.737,Star Agronomics/ Shyam Kumar Bansal,Private,Opencast,Non-Metallic,NGDR_MajorLease2022,centroid_from_NGDR_lease_polygon
38MPR35195,Latagaon,Limestone,mining,24.119525595732778,80.846797547214,MADHYA PRADESH,Satna,7.994,Gopal Saran Singh Legal Heir Smt. Manju Singh,Private,Opencast,Non-Metallic,NGDR_MajorLease2022,centroid_from_NGDR_lease_polygon
38MPR35217,Kubri,Bauxite,mining,24.11926263579913,80.78976907626597,MADHYA PRADESH,Satna,69.301,Sukhdev Prasad Goenka,Private,Opencast,Metallic,NGDR_MajorLease2022,centroid_from_NGDR_lease_polygon
38MPR35293,Hadbadpur,Limestone,mining,24.63096586436574,80.8356838286774,MADHYA PRADESH,Satna,18.934,Shri Marutaya Balaji Steel Ltd.,Private,Opencast,Non-Metallic,NGDR_MajorLease2022,centroid_from_NGDR_lease_polygon
40MPR01036,Kajli Dongri,Manganese Ore,mining,22.945183356564456,74.46876088713061,MADHYA PRADESH,Jhabua,30.86,M/S S.R.Ferro Alloys,Private,Opencast,Metallic,NGDR_MajorLease2022,centroid_from_NGDR_lease_polygon
75MPR18013,Kodamukur,Iron Ore,mining,23.360379577538588,80.15905130198412,MADHYA PRADESH,Jabalpur,17.008,Vinod Kumar Jain,Private,Opencast,Metallic,NGDR_MajorLease2022,centroid_from_NGDR_lease_polygon
38MPR41002,Majhgawan,Limestone,mining,24.318232650353302,81.33138459350475,MADHYA PRADESH,Sidhi,362.68,Ultra Tech Cement Ltd.,Private,Opencast,Non-Metallic,NGDR_MajorLease2022,centroid_from_NGDR_lease_polygon
40MPR01084,LUGMA,Manganese Ore,mining,21.97921916594744,80.46523466979548,MADHYA PRADESH,BALAGHAT,48.974,MANGANESE ORE (INDIA) LTD.,CPSU,Underground,Metallic,NGDR_MajorLease2022,centroid_from_NGDR_lease_polygon
38MPR47097,Pondi,Limestone,mining,23.65893808660769,80.42347860932419,MADHYA PRADESH,Katni,38.84,Shyam Lal Koal,Private,Opencast,Non-Metallic,NGDR_MajorLease2022,centroid_from_NGDR_lease_polygon
38MPR47019,Amehta,Limestone,mining,24.013481383304995,80.54099296968499,MADHYA PRADESH,Katni,7.52,K.C. Bagaria Sons,Private,Opencast,Non-Metallic,NGDR_MajorLease2022,centroid_from_NGDR_lease_polygon
38MPR47023,Jamwani Khurd,Limestone,mining,24.10799100651232,80.71000560525731,MADHYA PRADESH,Katni,4.42,S.N.S.(Minerals) Ltd.,Private,Opencast,Non-Metallic,NGDR_MajorLease2022,centroid_from_NGDR_lease_polygon
38MPR47026,Amehta,Limestone,mining,24.011367111015492,80.53630546839999,MADHYA PRADESH,Katni,18.33,Ranjan Grover,Private,Opencast,Non-Metallic,NGDR_MajorLease2022,centroid_from_NGDR_lease_polygon
40MPR01069,Tirodi,Manganese Ore,mining,21.67836327100682,79.72210555418246,MADHYA PRADESH,Balaghat,37.09,Manganese Ore (India) Ltd.,CPSU,Opencast,Metallic,NGDR_MajorLease2022,centroid_from_NGDR_lease_polygon
40MPR01008,Laughar,Manganese Ore,mining,21.912568927344036,80.36581689551504,MADHYA PRADESH,Balaghat,10.0,Pacific Minerals Pvt. Ltd.,Private,Underground,Metallic,NGDR_MajorLease2022,centroid_from_NGDR_lease_polygon
40MPR01023,Arjuni,Manganese Ore,mining,21.751994340345874,79.88628653827179,MADHYA PRADESH,Balaghat,3.238,Sunil Kumar Kalwani,Private,Opencast,Metallic,NGDR_MajorLease2022,centroid_from_NGDR_lease_polygon
38MPR35331,Bandarakha,Limestone,mining,24.581157836803545,80.9842461173085,MADHYA PRADESH,Satna,40.236,Prism Cement Limited,Private,Opencast,Non-Metallic,NGDR_MajorLease2022,centroid_from_NGDR_lease_polygon
40MPR01055,Thomson Gazelle,Manganese Ore,mining,21.80005801631584,79.85829048108778,MADHYA PRADESH,Balaghat,4.46,Thomson Gazelle,Private,Opencast,Metallic,NGDR_MajorLease2022,centroid_from_NGDR_lease_polygon
38MPR41005,Bhudhgawna Extension,Limestone,mining,24.34401513495,81.3577204624543,MADHYA PRADESH,Sidhi,87.992,Ultra Tech Cement Ltd.,Private,Opencast,Non-Metallic,NGDR_MajorLease2022,centroid_from_NGDR_lease_polygon
40MPR01022,Ramrama,Manganese Ore,mining,21.859563774236264,79.93497589351816,MADHYA PRADESH,Balaghat,43.086,M/S A.P.Trivedi Sons,Private,Opencast & Underground,Metallic,NGDR_MajorLease2022,centroid_from_NGDR_lease_polygon
38MPR18049,Kuteshwar Marwa (Gairtalai/Jararoda,Limestone,mining,23.983012435228797,80.84233932841386,MADHYA PRADESH,Katni,944.89,Steel Authority Of India Ltd.,CPSU,Opencast,Non-Metallic,NGDR_MajorLease2022,centroid_from_NGDR_lease_polygon
38MPR35288,Ispat No-II,Limestone,mining,24.60747627791937,80.93988234830607,MADHYA PRADESH,Satna,1033.94,Steel Authority Of India Ltd. (Bhilai Jaypee Cement Ltd),CPSU,Opencast,Non-Metallic,NGDR_MajorLease2022,centroid_from_NGDR_lease_polygon
38MPR35297,Bhatia Kala,Limestone,mining,24.621739584663914,80.86046971588411,MADHYA PRADESH,Satna,41.42,Tulsi Das Tiwari/Sarveswari Mining Pvt.Ltd,Private,Opencast,Non-Metallic,NGDR_MajorLease2022,centroid_from_NGDR_lease_polygon
38MPR47089,Bhatagawan Sunhera,Limestone,mining,23.681202611452786,80.45823266452064,MADHYA PRADESH,Katni,25.19,Aslam Ahamed,Private,Opencast,Non-Metallic,NGDR_MajorLease2022,centroid_from_NGDR_lease_polygon
38MPR35150,Tamoria,Limestone,mining,24.30286306876874,80.89799238860522,MADHYA PRADESH,Satna,42.567,S.N.S.(Minerals) Ltd.,Private,Opencast,Non-Metallic,NGDR_MajorLease2022,centroid_from_NGDR_lease_polygon
38MPR12077,Ghursal,Limestone,mining,22.39793562727576,75.05699078013738,MADHYA PRADESH,Dhar,8.941,M/S Satguru Cement Pvt. Ltd,Private,Opencast,Non-Metallic,NGDR_MajorLease2022,centroid_from_NGDR_lease_polygon
38MPR35282,Lalpur,Limestone,mining,24.635935443181722,80.84199181465952,MADHYA PRADESH,Satna,69.305,Shri Marutaya Balaji Steel Ltd.,Private,Opencast,Non-Metallic,NGDR_MajorLease2022,centroid_from_NGDR_lease_polygon
38MPR23002,Vikram Cement,Limestone,mining,24.56902437450563,74.83261679749016,MADHYA PRADESH,Nimach,442.923,Ultra Tech Cement Ltd.,Private,Opencast,Non-Metallic,NGDR_MajorLease2022,centroid_from_NGDR_lease_polygon
38MPR33006,Madhepur,Limestone,mining,24.52643982013831,81.17483352114616,MADHYA PRADESH,Rewa,200.554,Ultra Tech Cement Ltd.,Private,Opencast,Non-Metallic,NGDR_MajorLease2022,centroid_from_NGDR_lease_polygon
38MPR33008,Jaypee,Limestone,mining,24.516224573399413,81.16424345061766,MADHYA PRADESH,Rewa,70.127,Ultra Tech Cement Ltd.,Private,Opencast,Non-Metallic,NGDR_MajorLease2022,centroid_from_NGDR_lease_polygon
38MPR35349,"Hinauti, Extension",Limestone,mining,24.309348976057326,81.28377055411235,MADHYA PRADESH,Satna,258.867,Ultra Tech Cement Ltd.,Private,Opencast,Non-Metallic,NGDR_MajorLease2022,centroid_from_NGDR_lease_polygon
38MPR33034,Bankuiyan,Limestone,mining,24.62164752651875,81.19378190096545,MADHYA PRADESH,Rewa,54.613,Jayprakash Associates Ltd.,Private,Opencast,Non-Metallic,NGDR_MajorLease2022,centroid_from_NGDR_lease_polygon
38MPR33035,Naubasta,Limestone,mining,24.581601307112635,81.1774488467064,MADHYA PRADESH,Rewa,171.362,Jayprakash Associates Ltd.,Private,Opencast,Non-Metallic,NGDR_MajorLease2022,centroid_from_NGDR_lease_polygon
38MPR47009,Kuteshwar,Limestone,mining,23.979449287477404,80.82093827120062,MADHYA PRADESH,Katni,91.14,Steel Authority Of India Ltd.,CPSU,Opencast,Non-Metallic,NGDR_MajorLease2022,centroid_from_NGDR_lease_polygon
38MPR33049,Sonara,Limestone,mining,24.513888237928118,81.1498974479843,MADHYA PRADESH,Rewa,147.94,Ultra Tech Cement Ltd.,Private,Opencast,Non-Metallic,NGDR_MajorLease2022,centroid_from_NGDR_lease_polygon
38MPR35115,Umror / Moharwa,Limestone,mining,24.156072931768424,80.83019933372954,MADHYA PRADESH,Satna,217.681,Maihar Cements,Private,Opencast,Non-Metallic,NGDR_MajorLease2022,centroid_from_NGDR_lease_polygon
38MPR35318,Chormari Degarahat,Limestone,mining,24.58927490756906,81.12750361918964,MADHYA PRADESH,Satna,102.983,Jayprakash Associates Ltd.,Private,Opencast,Non-Metallic,NGDR_MajorLease2022,centroid_from_NGDR_lease_polygon
38MPR35322,Ramnagar,Limestone,mining,24.616897655413055,81.06864951605287,MADHYA PRADESH,Satna,169.728,Jayprakash Associates Ltd.,Private,Opencast,Non-Metallic,NGDR_MajorLease2022,centroid_from_NGDR_lease_polygon
38MPR35325,Bandhi & Ghorwai,Limestone,mining,24.092686780069293,80.71119563106521,MADHYA PRADESH,Satna,129.802,Reliance Cement Co. Pvt. Ltd.,Private,Opencast,Non-Metallic,NGDR_MajorLease2022,centroid_from_NGDR_lease_polygon
38MPR35358,Chulhi,Limestone,mining,24.59921087133974,80.99558056575148,MADHYA PRADESH,SATNA,176.619,PRISM JOHNSON LTD,Private,Opencast,Non-Metallic,NGDR_MajorLease2022,centroid_from_NGDR_lease_polygon
40MPR01087,BHARWELI & AWLAJHARI,Manganese Ore,mining,21.83691492136356,80.2254856451929,MADHYA PRADESH,Balaghat,76.409,Manganese Ore (India) Ltd.,CPSU,Underground,Metallic,NGDR_MajorLease2022,centroid_from_NGDR_lease_polygon
46MPR19001,Kachaldara,Rock Phosphate,mining,22.97459253081938,74.42619213926046,MADHYA PRADESH,Jhabua,37.7,Madhya Pradesh State Mining Corpn. Ltd.,SPSU,Opencast,Non-Metallic,NGDR_MajorLease2022,centroid_from_NGDR_lease_polygon
17MPR26004,Majhgawan,Diamond,mining,24.647392575605227,80.02488083785993,MADHYA PRADESH,Panna,162.63,National Mineral Dev. Corpn. Ltd.,CPSU,Opencast,Metallic,NGDR_MajorLease2022,centroid_from_NGDR_lease_polygon
38MPR12081,Jeerabad,Limestone,mining,22.41565483321731,75.08110560027545,MADHYA PRADESH,Dhar,21.08,SATGURU CEMENT PVT. LTD,Private,Opencast,Non-Metallic,NGDR_MajorLease2022,centroid_from_NGDR_lease_polygon
38MPR35351,"Argat , Kothara -II",Limestone,mining,24.296424674937466,81.23612847958917,MADHYA PRADESH,Satna,363.07,Ultra Tech Cement Ltd.,Private,Opencast,Non-Metallic,NGDR_MajorLease2022,centroid_from_NGDR_lease_polygon
40MPR01018,Ukwa,Manganese Ore,mining,21.974416217283647,80.46693347502266,MADHYA PRADESH,Balaghat,199.067,Manganese Ore (India) Ltd.,CPSU,Underground,Metallic,NGDR_MajorLease2022,centroid_from_NGDR_lease_polygon
40MPR01044,Lugma-Ukwa,Manganese Ore,mining,21.979420454738257,80.46216712799365,MADHYA PRADESH,Balaghat,73.567,Manganese Ore (India) Ltd.,CPSU,Opencast,Metallic,NGDR_MajorLease2022,centroid_from_NGDR_lease_polygon
38MPR33051,Chhijwara,Limestone,mining,24.538389381960442,81.185115644783,MADHYA PRADESH,Rewa,264.095,Ultra Tech Cement Ltd.,Private,Opencast,Non-Metallic,NGDR_MajorLease2022,centroid_from_NGDR_lease_polygon
38MPR35290,Kema Kothar,Limestone,mining,24.621372945281486,80.83578579079514,MADHYA PRADESH,Satna,128.77,Shri Marutaya Balaji Steel Ltd.,Private,Opencast,Non-Metallic,NGDR_MajorLease2022,centroid_from_NGDR_lease_polygon
38MPR12080,Roadada,Limestone,mining,22.425046713118352,75.06871438446244,MADHYA PRADESH,Dhar,13.15,SATGURU CEMENT PVT. LTD,Private,Opencast,Non-Metallic,NGDR_MajorLease2022,centroid_from_NGDR_lease_polygon
38MSH08001,Naokari_103058 Ha,Limestone,mining,19.801098593681786,79.15914937819025,MAHARASHTRA,Chandrapur,1066.44238563,M/S ULTRA TECH CEMENT LTD.,Private,Opencast,Non-Metallic,NGDR_MajorLease2022,centroid_from_NGDR_lease_polygon
07MSH13009,Dhangarwadi,Bauxite,mining,16.913863351451774,73.84290158697901,MAHARASHTRA,Kolhapur,42.0469365226,Mahalaxmi Mining Company,Private,Opencast,Metallic,NGDR_MajorLease2022,centroid_from_NGDR_lease_polygon
07MSH13016,Minche Budruk,Bauxite,mining,16.35612687478122,74.0706385872926,MAHARASHTRA,Kolhapur,93.7878684844,M/s. Panditrao Mines and Minerals Privat,Private,Opencast,Metallic,NGDR_MajorLease2022,centroid_from_NGDR_lease_polygon
07MSH20006,Gudeghar,Bauxite,mining,17.960385288102177,73.11230298350071,MAHARASHTRA,Ratnagiri,79.9127017348,M/s. Infrastructure logistics private li,Private,Opencast,Metallic,NGDR_MajorLease2022,centroid_from_NGDR_lease_polygon
07MSH13005,Durgamanwadi,Bauxite,mining,16.449533511474634,73.94845586259603,MAHARASHTRA,Kolhapur,176.892646198,M/s. HINDALCO INDUSTRIES LIMITED,Private,Opencast,Metallic,NGDR_MajorLease2022,centroid_from_NGDR_lease_polygon
07MSH20002,Umbarshet,Bauxite,mining,17.923603471977078,73.08764843869302,MAHARASHTRA,Ratnagiri,99.2821243509,M/s. ASHAPURA MINECHEM LIMITED,Private,Opencast,Metallic,NGDR_MajorLease2022,centroid_from_NGDR_lease_polygon
30MSH28029,Kalane,Iron Ore,mining,15.767563685390554,73.92547521706969,MAHARASHTRA,Sindhudurg,32.3315775376,M/s. MINERALS & METALS,Private,Opencast,Metallic,NGDR_MajorLease2022,centroid_from_NGDR_lease_polygon
07MSH13014,Girgaon,Bauxite,mining,16.843561319457745,73.87828497670775,MAHARASHTRA,Kolhapur,75.9586632345,Sahyadri Dongari Vibhag Audyogik Sahkari Vikas Sanstha Ltd.,Private,Opencast,Metallic,NGDR_MajorLease2022,centroid_from_NGDR_lease_polygon
07MSH20003,Uttamber,Bauxite,mining,17.90470593424324,73.06543005054486,MAHARASHTRA,Ratnagiri,45.4867662836,Mr. CHETAN NAVNEETLAL SHAH,Private,Opencast,Metallic,NGDR_MajorLease2022,centroid_from_NGDR_lease_polygon
07MSH20004,Rovale,Bauxite,mining,17.911568595063137,73.09558137637377,MAHARASHTRA,Ratnagiri,214.954998788,M/s. ASHAPURA MINECHEM LIMITED,Private,Opencast,Metallic,NGDR_MajorLease2022,centroid_from_NGDR_lease_polygon
30MSH28017,Tiroda,Iron Ore,mining,15.765061186205731,73.70520983483807,MAHARASHTRA,Sindhudurg,34.320412781,M/s. Gogte Minerals,Private,Opencast,Metallic,NGDR_MajorLease2022,centroid_from_NGDR_lease_polygon
30MSH31001,DHOBITOLA_2610 Ha,Iron Ore,mining,21.326733133599163,80.29474671724039,MAHARASHTRA,Gondiya,3.3033389238,M/S JAYASWAL'S NECO LTD,Private,Opencast,Metallic,NGDR_MajorLease2022,centroid_from_NGDR_lease_polygon
07MSH13003,Nagratswadi,Bauxite,mining,16.016823036759842,74.09688039111916,MAHARASHTRA,Kolhapur,320.593515313,M/s. HINDALCO INDUSTRIES LIMITED,Private,Opencast,Metallic,NGDR_MajorLease2022,centroid_from_NGDR_lease_polygon
07MSH13004,Udagiri,Bauxite,mining,17.087149749609203,73.83264411173198,MAHARASHTRA,Kolhapur,184.333464684,#N/A,Private,Opencast,Metallic,NGDR_MajorLease2022,centroid_from_NGDR_lease_polygon
38MSH26044,Khandla,Limestone,mining,19.92086888884818,78.99368611114517,MAHARASHTRA,Yavatmal,16.57,Jagdish Hardayal Vyas,Private,Opencast,Non-Metallic,NGDR_MajorLease2022,centroid_from_NGDR_lease_polygon
07MSH13017,Dhangarwadi,Bauxite,mining,16.907357451983234,73.8466325728219,MAHARASHTRA,Kolhapur,41.6562013745,M/s. HINDALCO INDUSTRIES LIMITED,Private,Opencast,Metallic,NGDR_MajorLease2022,centroid_from_NGDR_lease_polygon
07MSH13008,Girgaon,Bauxite,mining,16.850996617208633,73.87351871751792,MAHARASHTRA,Kolhapur,142.738053289,Mr. SURENDRA TAVANAPPA KODACHWAD,Private,Opencast,Metallic,NGDR_MajorLease2022,centroid_from_NGDR_lease_polygon
30MSH28007,Redi (208),Iron Ore,mining,15.737398751256828,73.67860106855329,MAHARASHTRA,Sindhudurg,2.06992682181,M/s. Gogte Minerals,Private,Opencast,Metallic,NGDR_MajorLease2022,centroid_from_NGDR_lease_polygon
07MSH13015,Yelwan-Jugai,Bauxite,mining,16.905424458241722,73.8243519401598,MAHARASHTRA,Kolhapur,267.697310394,M/s. SHRI WARANA MINERALS (INDIA) PRIVAT,Private,Opencast,Metallic,NGDR_MajorLease2022,centroid_from_NGDR_lease_polygon
BMCGOA01,Phanaswade Iron Ore Mine,Iron Ore,mining,15.894689776432271,73.96045011888653,MAHARASHTRA,Sindhudurg,100.03808573,Srinivas V.Dempo,Private,Opencast,Metallic,NGDR_MajorLease2022,centroid_from_NGDR_lease_polygon
30MSH28013,Sateli (5212),Iron Ore,mining,15.755479295583779,73.7755440745303,MAHARASHTRA,Sindhudurg,52.9514025997,M/s. The Deccan Minerals Pvt. Ltd.,Private,Opencast,Metallic,NGDR_MajorLease2022,centroid_from_NGDR_lease_polygon
07MSH13010,Mogalgad,Bauxite,mining,15.832103243781111,74.28863307499364,MAHARASHTRA,Kolhapur,7.56340963755,Hindalco Industries Ltd.,Private,Opencast,Metallic,NGDR_MajorLease2022,centroid_from_NGDR_lease_polygon
07MSH20005,Kavadoli,Bauxite,mining,17.918576337422362,73.11274074075702,MAHARASHTRA,Ratnagiri,55.5903249155,Mr. Dinesh Mukund Trikannad,Private,Opencast,Metallic,NGDR_MajorLease2022,centroid_from_NGDR_lease_polygon
30MSH28024,Sateli (4037),Iron Ore,mining,15.750176078153675,73.77770283463457,MAHARASHTRA,Sindhudurg,41.7006253962,M/s. The Deccan Minerals Pvt. Ltd,Private,Opencast,Metallic,NGDR_MajorLease2022,centroid_from_NGDR_lease_polygon
40MSH14010,MUNSAR_10863 HECT,Manganese Ore,mining,21.395761641042828,79.28886666742164,MAHARASHTRA,Nagpur,122.478410786,M/S MANGANESE ORE ( INDIA) LTD,CPSU,Underground,Metallic,NGDR_MajorLease2022,centroid_from_NGDR_lease_polygon
38MSH08018,Naranda_7101 Ha,Limestone,mining,19.790965211147505,79.05649084664407,MAHARASHTRA,Chandrapur,59.7316518783,M/S MURLI INDUSTRIES LTD,Private,Opencast,Non-Metallic,NGDR_MajorLease2022,centroid_from_NGDR_lease_polygon
30MSH05001,KHURSIPAR,Iron Ore,mining,21.380273912451152,80.29231062551501,MAHARASHTRA,Gondiya,10.1299985823,M/S M S.  MINING CORPN  LTD.,SPSU,Opencast,Metallic,NGDR_MajorLease2022,centroid_from_NGDR_lease_polygon
30MSH08001,Gunjewahi_1507 Ha,Iron Ore,mining,20.23487481003723,79.8045979569375,MAHARASHTRA,Chandrapur,10.2160450375,M/S GAHRA MINERALS,Private,Opencast,Metallic,NGDR_MajorLease2022,centroid_from_NGDR_lease_polygon
07MSH20007,Kumbhawade,Bauxite,mining,16.514981500646833,73.45888183181123,MAHARASHTRA,Ratnagiri,95.4321241797,Veet Rag Exploration & Minerals Pvt Ltd.,Private,Opencast,Metallic,NGDR_MajorLease2022,centroid_from_NGDR_lease_polygon
40MSH14002,BELDONGRI 267 HECT,Manganese Ore,mining,21.339495512590528,79.28826861758101,MAHARASHTRA,Nagpur,27.1525563034,M/S MANGANESE ORE ( INDIA) LTD,0,Underground,Metallic,NGDR_MajorLease2022,centroid_from_NGDR_lease_polygon
38MSH08010,Zutting,Limestone,mining,19.801962811392062,79.04307195565575,MAHARASHTRA,Chandrapur,58.52,M/S MURLI INDUSTRIES LIMITED,Private,Opencast,Non-Metallic,NGDR_MajorLease2022,centroid_from_NGDR_lease_polygon
30MSH28004,Redi (Block A) (9470),Iron Ore,mining,15.741184557580873,73.6755610450675,MAHARASHTRA,Sindhudurg,94.7991193879,M/s. Gogte Minerals,Private,Opencast,Metallic,NGDR_MajorLease2022,centroid_from_NGDR_lease_polygon
38MSH26013,152_Gowari,Limestone,mining,19.838451479424382,79.01279572998088,MAHARASHTRA,Yavatmal,580.224174159,M/S ASSOCIATED CEMENT CO LTD,Private,Opencast,Non-Metallic,NGDR_MajorLease2022,centroid_from_NGDR_lease_polygon
40MSH14008,Kandri_83065 Ha,Manganese Ore,mining,21.411951454529806,79.26784484326122,MAHARASHTRA,Nagpur,85.7650171599,M/S MANGANESE ORE ( INDIA) LTD,CPSU,Underground,Metallic,NGDR_MajorLease2022,centroid_from_NGDR_lease_polygon
07MSH13013,Girgaon Ringewadi,Bauxite,mining,16.83694574469671,73.9150602245861,MAHARASHTRA,Kolhapur,576.133075786,M/s. Shivram Minerals,Private,Opencast,Metallic,NGDR_MajorLease2022,centroid_from_NGDR_lease_polygon
40MSH14006,Gumgaon 4860 Hect,Manganese Ore,mining,21.405884466907985,78.98656253478958,MAHARASHTRA,Nagpur,49.3929345604,M/S MANGANESE ORE ( INDIA) LTD,0,0,Metallic,NGDR_MajorLease2022,centroid_from_NGDR_lease_polygon
30MSH28012,Redi,Iron Ore,mining,15.744236610541774,73.66918230914038,MAHARASHTRA,Sindhudurg,29.6759623669,M/s. MINERALS & METALS,Private,Opencast,Metallic,NGDR_MajorLease2022,centroid_from_NGDR_lease_polygon
30MSH28011,Redi (Block B)(1954),Iron Ore,mining,15.748854525372323,73.686797715755,MAHARASHTRA,Sindhudurg,20.4947558297,M/s. Gogte Minerals,Private,Opencast,Metallic,NGDR_MajorLease2022,centroid_from_NGDR_lease_polygon
38MSH08009,Zutting 50510 ha,Limestone,mining,19.811781692374662,79.04381647637662,MAHARASHTRA,Chandrapur,53.2173030813,M/S SHRI BALAJI MINERAL IND,Private,Opencast,Non-Metallic,NGDR_MajorLease2022,centroid_from_NGDR_lease_polygon
38MSH08024,Maratha Cement_4900 Ha,Limestone,mining,19.705145587531245,79.19965781967328,MAHARASHTRA,Chandrapur,51.3655603087,M/S GUJRAT AMBUJA CEMENT LTD,Private,Opencast,Non-Metallic,NGDR_MajorLease2022,centroid_from_NGDR_lease_polygon
38MSH26045,PATHRI 2137 HECT,Limestone,mining,19.825309335245173,79.03360328116653,MAHARASHTRA,Yavatmal,20.8337203323,SHRI BALAJI MINERAL IND,Private,Opencast,Non-Metallic,NGDR_MajorLease2022,centroid_from_NGDR_lease_polygon
38MSH26036,Hiwardara_1314 Ha,Limestone,mining,19.85040848172065,78.89249836725136,MAHARASHTRA,Yavatmal,13.4176688688,SHRI SURENDRA BHARTIYA,Private,Opencast,Non-Metallic,NGDR_MajorLease2022,centroid_from_NGDR_lease_polygon
40MSH14015,SATUK_868,Manganese Ore,mining,21.333676460792386,79.2739192929257,MAHARASHTRA,Nagpur,8.33932869047,M/S MANGANESE ORE ( INDIA) LTD,CPSU,Opencast,Metallic,NGDR_MajorLease2022,centroid_from_NGDR_lease_polygon
40MSH14029,KOTHULNA,Manganese Ore,mining,21.420009359537225,79.02103534756043,MAHARASHTRA,Nagpur,24.2706124499,M/S SHUBHNAM MINERAL ENTER,Private,Opencast,Metallic,NGDR_MajorLease2022,centroid_from_NGDR_lease_polygon
40MSH14030,Kiranpur_288 Ha,Manganese Ore,mining,21.415706063289235,79.0217639381403,MAHARASHTRA,Nagpur,2.29898448355,SHRI RAVINDRA NATH,Private,Opencast,Metallic,NGDR_MajorLease2022,centroid_from_NGDR_lease_polygon
40MSH14035,Wadegaon_3970,Manganese Ore,mining,21.32770693668583,79.40202381360817,MAHARASHTRA,Nagpur,4.13105712826,SHRI SHAKEEL AHMED AQUEEL HUSSAIN,Private,Opencast,Metallic,NGDR_MajorLease2022,centroid_from_NGDR_lease_polygon
38MSH26018,YUTHIKA_Hiwardhara_2000 Ha_K L GARHWAL,Limestone,mining,19.851759238027032,78.88734022378665,MAHARASHTRA,Yavatmal,22.4656171819,SHRI K L. GARHWAL,Private,Opencast,Non-Metallic,NGDR_MajorLease2022,centroid_from_NGDR_lease_polygon
40MSH14040,Mansar_574 Ha,Manganese Ore,mining,21.40486260517808,79.27451184625065,MAHARASHTRA,Nagpur,5.85962133345,M/S MANGANESE ORE ( INDIA) LTD,CPSU,Underground,Metallic,NGDR_MajorLease2022,centroid_from_NGDR_lease_polygon
38MSH08013,PIPARI 3033HECT,Limestone,mining,19.79790453816708,79.03136893622748,MAHARASHTRA,Chandrapur,27.9666998919,M/S MURLI INDUSTRIES LIMITED,Private,Opencast,Non-Metallic,NGDR_MajorLease2022,centroid_from_NGDR_lease_polygon
38MSH08022,Maratha Cement_57990 Hact,Limestone,mining,19.716536565817908,79.19268746601381,MAHARASHTRA,Chandrapur,607.164969351,M/S GUJRAT AMBUJA CEMENT LTD,Private,Opencast,Non-Metallic,NGDR_MajorLease2022,centroid_from_NGDR_lease_polygon
40MSH14053,Parsoda,Manganese Ore,mining,21.38630614317261,79.29722512570288,MAHARASHTRA,Nagpur,53.75,M/S MANGANESE ORE ( INDIA) LTD,CPSU,Opencast,Metallic,NGDR_MajorLease2022,centroid_from_NGDR_lease_polygon
38MSH26022,Wanjri 11.89,Limestone,mining,20.104428514199466,78.93542881298355,MAHARASHTRA,Yavatmal,11.898,A. N. Warwatkar,Private,Opencast,Non-Metallic,NGDR_MajorLease2022,centroid_from_NGDR_lease_polygon
38MSH26033,Wanjri,Limestone,mining,20.107526224633652,78.93032618408263,MAHARASHTRA,Yavatmal,25.6,Smt. Famida Parveen Khan,Private,Opencast,Non-Metallic,NGDR_MajorLease2022,centroid_from_NGDR_lease_polygon
07MSH12008,Mirya Donger,Bauxite,mining,18.679705194353147,73.15212369068752,MAHARASHTRA,Raigarh,79.98,M/s Vyaghreshwar Mineral Industrial Producers co-op so. Ltd.,Private,Opencast,Metallic,NGDR_MajorLease2022,centroid_from_NGDR_lease_polygon
30MSH28026,Sateli (3691),Iron Ore,mining,15.758174268431516,73.7691426978709,MAHARASHTRA,Sindhudurg,40.9158233447,Raw & Finished Product,Private,Opencast,Metallic,NGDR_MajorLease2022,centroid_from_NGDR_lease_polygon
30MSH31003,Manegan_1978 Ha,Iron Ore,mining,21.36104494081586,80.28916319410396,MAHARASHTRA,Gondiya,19.2666788579,M/S JAYASWAL'S NECO LTD,Private,Opencast,Metallic,NGDR_MajorLease2022,centroid_from_NGDR_lease_polygon
30MSH28018,Dongarpal,Iron Ore,mining,15.772045489928937,73.89937775177118,MAHARASHTRA,Sindhudurg,97.090853231,M/s. New India Mining Corproation Pvt. L,Private,Opencast,Metallic,NGDR_MajorLease2022,centroid_from_NGDR_lease_polygon
40MSH14028,SATUK NEW 1684 HECT,Manganese Ore,mining,21.342049308619476,79.26805843574893,MAHARASHTRA,Nagpur,16.0684928168,M/S MANGANESE ORE ( INDIA) LTD,CPSU,Opencast,Metallic,NGDR_MajorLease2022,centroid_from_NGDR_lease_polygon
40MSH14041,MANSAR_2515 HECT,Manganese Ore,mining,21.400893018213896,79.29138226919704,MAHARASHTRA,Nagpur,25.4194458456,M/S MANGANESE ORE ( INDIA) LTD,CPSU,Underground,Metallic,NGDR_MajorLease2022,centroid_from_NGDR_lease_polygon
40MSH05007,Dongri Buzurg,Manganese Ore,mining,21.546506241285766,79.68548581571433,MAHARASHTRA,Bhandara,4.07,M/S MANGANESE ORE ( INDIA) LTD,CPSU,Opencast,Metallic,NGDR_MajorLease2022,centroid_from_NGDR_lease_polygon
07MSH13011,Udagiri,Bauxite,mining,17.072789608922342,73.83406733651495,MAHARASHTRA,Kolhapur,249.86381367,#N/A,Private,Opencast,Metallic,NGDR_MajorLease2022,centroid_from_NGDR_lease_polygon
07MSH13001,Kasarsada,Bauxite,mining,15.923080909652947,74.12914678298982,MAHARASHTRA,Kolhapur,26.0149622947,PADMAVATI MINING COMPANY,Private,Opencast,Metallic,NGDR_MajorLease2022,centroid_from_NGDR_lease_polygon
07MSH13007,Amboli,Bauxite,mining,16.010749507572182,74.08872216546177,MAHARASHTRA,Kolhapur,58.8493749454,#N/A,Private,Opencast,Metallic,NGDR_MajorLease2022,centroid_from_NGDR_lease_polygon
38MSH26047,Mukutban,Limestone,mining,19.78842655763451,78.83796708964496,MAHARASHTRA,Yavatmal,572.17,M/s RCCPL Private Limited,Private,Opencast,Non-Metallic,NGDR_MajorLease2022,centroid_from_NGDR_lease_polygon
33MSH05022,Sakara,Kyanite,mining,20.884515476444495,79.90937823218525,MAHARASHTRA,Bhandara,12.7653928525,M/S PAVRI KYANITE MINES,0,0,Non-Metallic,NGDR_MajorLease2022,centroid_from_NGDR_lease_polygon
40MSH14051,Mansar Chargaon_097 Ha,Manganese Ore,mining,21.395660821666727,79.28901477200006,MAHARASHTRA,Nagpur,1.71354505657,M/S MANGANESE ORE ( INDIA) LTD,CPSU,Underground,Metallic,NGDR_MajorLease2022,centroid_from_NGDR_lease_polygon
24MSH08001,DONGARGAON,Fluorite,mining,20.325902193290375,78.96301854125812,MAHARASHTRA,Chandrapur,35.3331401172,M/S M S.  MINING CORPN  LTD.,0,Opencast,Non-Metallic,NGDR_MajorLease2022,centroid_from_NGDR_lease_polygon
38MSH26030,SMT DEEPALI GOPAL GUNDAWAR 3000 HECT,Limestone,mining,19.809418751052743,78.90771003526325,MAHARASHTRA,Yavatmal,36.328242385,SMT DEEPALI GUNDAWAR,Private,Opencast,Non-Metallic,NGDR_MajorLease2022,centroid_from_NGDR_lease_polygon
40MSH05005,Dongri Buzurg_5398 Ha,Manganese Ore,mining,21.550132591873115,79.68386908950804,MAHARASHTRA,Bhandara,55.7600237685,M/S MANGANESE ORE ( INDIA) LTD,CPSU,Opencast,Metallic,NGDR_MajorLease2022,centroid_from_NGDR_lease_polygon
38MSH08015,ZUTTING 4216HECT,Limestone,mining,19.80239372295247,79.04253133633343,MAHARASHTRA,Chandrapur,43.9314447482,M/S MURLI INDUSTRIES LTD,0,0,Non-Metallic,NGDR_MajorLease2022,centroid_from_NGDR_lease_polygon
40MSH05002,Dongri Buzurg_4625 Ha,Manganese Ore,mining,21.546013487475197,79.68346817651822,MAHARASHTRA,Bhandara,46.5207123955,M/S MANGANESE ORE ( INDIA) LTD,CPSU,Opencast,Metallic,NGDR_MajorLease2022,centroid_from_NGDR_lease_polygon
30MSH28028,Talwane,Iron Ore,mining,15.76617244895047,73.7553219010325,MAHARASHTRA,Sindhudurg,74.4037563351,MINERALS & METALS,Private,Opencast,Metallic,NGDR_MajorLease2022,centroid_from_NGDR_lease_polygon
40MSH14050,Gumgaon 133 Hect,Manganese Ore,mining,21.40554118669236,78.98546796711545,MAHARASHTRA,Nagpur,1.08797722337,M/S MANGANESE ORE ( INDIA) LTD,CPSU,Underground,Metallic,NGDR_MajorLease2022,centroid_from_NGDR_lease_polygon
38MSH26039,ADEGAON 997 HECT,Limestone,mining,19.817082229857192,78.90562308042864,MAHARASHTRA,Yavatmal,10.0527905684,M/S ESHAN MINERALS PVT. LTD.,0,Opencast,Non-Metallic,NGDR_MajorLease2022,centroid_from_NGDR_lease_polygon
38MSH08002,Zutting,Limestone,mining,19.806359734769277,79.0379926023462,MAHARASHTRA,Chandrapur,25.8,M/S MURLI INDUSTRIES LIMITED,Private,Opencast,Non-Metallic,NGDR_MajorLease2022,centroid_from_NGDR_lease_polygon
30MSH27008,Zendepar10.37,Iron Ore,mining,20.763579713880052,80.48416173880007,MAHARASHTRA,Gadchiroli,10.37,Nirmal Chand Jain,Private,Opencast,Metallic,NGDR_MajorLease2022,centroid_from_NGDR_lease_polygon
30MSH27005,Zendepar4,Iron Ore,mining,20.768157557041715,80.4822664747084,MAHARASHTRA,Gadchiroli,4.0,Manojkumar Ajit Saria,Private,Opencast,Metallic,NGDR_MajorLease2022,centroid_from_NGDR_lease_polygon
30MSH27004,Zendepar12,Iron Ore,mining,20.771014807000046,80.48193367263643,MAHARASHTRA,Gadchiroli,12.0,Anoj Kumar Agrawal,Private,Opencast,Metallic,NGDR_MajorLease2022,centroid_from_NGDR_lease_polygon
30MSH27007,Zendepar8,Iron Ore,mining,20.76536443366671,80.48253675755561,MAHARASHTRA,Gadchiroli,8.0,Ramesh Rajurkar,Private,Opencast,Metallic,NGDR_MajorLease2022,centroid_from_NGDR_lease_polygon
30MSH27006,Zendepar12,Iron Ore,mining,20.769853144636407,80.48515768518187,MAHARASHTRA,Gadchiroli,12.0,Anuj mines Minerals & Chemicals Pvt. Ltd.,Private,Opencast,Metallic,NGDR_MajorLease2022,centroid_from_NGDR_lease_polygon
07MSH12012,Karivane,Bauxite,mining,17.99656633292766,73.10791001919236,MAHARASHTRA,Raigarh,70.07,M/s Nilesh Mines Corporation,Private,Opencast,Metallic,NGDR_MajorLease2022,centroid_from_NGDR_lease_polygon
38MSH26049,Adegaon,Limestone,mining,19.809133307571475,78.90138307414291,MAHARASHTRA,Yavatmal,24.87,Pradip Madhusudan Nand,0,Opencast,Non-Metallic,NGDR_MajorLease2022,centroid_from_NGDR_lease_polygon
38MSH26048,Adegaon,Limestone,mining,19.803305798571483,78.90201823042864,MAHARASHTRA,Yavatmal,35.87,M/s Linkson Coal & Minerals Pvt. Ltd.,Private,Opencast,Non-Metallic,NGDR_MajorLease2022,centroid_from_NGDR_lease_polygon
33MSH05021,DIGHORI 1433,Kyanite,mining,20.88497603312008,79.9103581042302,MAHARASHTRA,Bhandara,13.7904515594,SHRI PRADEEP GOLCHHA,Private,Opencast,Non-Metallic,NGDR_MajorLease2022,centroid_from_NGDR_lease_polygon
30MSH28025,Sateli (2024),Iron Ore,mining,15.760164706850022,73.769180206756,MAHARASHTRA,Sindhudurg,20.3941420997,M/s. The Deccan Minerals Pvt. Ltd.,Private,Opencast,Metallic,NGDR_MajorLease2022,centroid_from_NGDR_lease_polygon
40MSH14027,KIRNAPUR _2367,Manganese Ore,mining,21.415609451315177,79.02618193634734,MAHARASHTRA,Nagpur,23.7621237611,M/S VEET RAG HOMES P LTD.,Private,Opencast,Metallic,NGDR_MajorLease2022,centroid_from_NGDR_lease_polygon
40MSH05001,Chikla 15065 Hect,Manganese Ore,mining,21.542037867414077,79.75388015296748,MAHARASHTRA,Bhandara,158.349171096,M/S MANGANESE ORE ( INDIA) LTD,CPSU,Underground,Metallic,NGDR_MajorLease2022,centroid_from_NGDR_lease_polygon
38MSH08012,Manikgarh 30258.,Limestone,mining,19.641528768712757,79.15306646916727,MAHARASHTRA,Chandrapur,359.242050807,M/S ULTRA TECH CEMENT LTD.,Private,Opencast,Non-Metallic,NGDR_MajorLease2022,centroid_from_NGDR_lease_polygon
38MSH08021,Maratha Cement_88031 Hac,Limestone,mining,19.760393867598587,79.1815728509345,MAHARASHTRA,Chandrapur,398.398330185,M/S GUJRAT AMBUJA CEMENT LTD,Private,Opencast,Non-Metallic,NGDR_MajorLease2022,centroid_from_NGDR_lease_polygon
38MSH26041,Hiwardara_17109 Ha,Limestone,mining,19.846369471204305,78.8985153539246,MAHARASHTRA,Yavatmal,171.776590884,M/S SHRI BAJRANG SALES P LTD.,0,Opencast,Non-Metallic,NGDR_MajorLease2022,centroid_from_NGDR_lease_polygon
40MSH14036,WADEGAON 249 Ha,Manganese Ore,mining,21.32922657575842,79.40492798743672,MAHARASHTRA,Nagpur,2.35869316407,SHRI SHAKEEL AHMED AQUEEL HUSSAIN,Private,Opencast,Metallic,NGDR_MajorLease2022,centroid_from_NGDR_lease_polygon
30MSH27002,Surjagarh,Iron Ore,mining,19.629056118364876,80.36061729535535,MAHARASHTRA,Gadchiroli,348.09,M/s Lloyds Metals & Engineers Ltd.,Private,Opencast,Metallic,NGDR_MajorLease2022,centroid_from_NGDR_lease_polygon
30MSH28014,North Galel,Iron Ore,mining,15.78993709145172,73.87540620466484,MAHARASHTRA,Sindhudurg,49.7137976867,Raw & Finished Product,Private,Opencast,Metallic,NGDR_MajorLease2022,centroid_from_NGDR_lease_polygon
40MSH05006,Dongri Buzurg_7050 Ha,Manganese Ore,mining,21.547147057058265,79.68156705481852,MAHARASHTRA,Bhandara,68.136276918,M/S MANGANESE ORE ( INDIA) LTD,CPSU,Opencast,Metallic,NGDR_MajorLease2022,centroid_from_NGDR_lease_polygon
33MSH05020,Nawargaon Chowa_40960 Ha,Kyanite,mining,21.03423843029263,79.65379828221407,MAHARASHTRA,Bhandara,41.5598973255,M/S M S.  MINING CORPN  LTD.,SPSU,Opencast,Non-Metallic,NGDR_MajorLease2022,centroid_from_NGDR_lease_polygon
38MSH26009,SINDOLA 84083 HECT,Limestone,mining,19.883030266879075,79.03993381251549,MAHARASHTRA,Yavatmal,1009.25793371,M/S ASSOCIATED CEMENT CO LTD,Private,Opencast,Non-Metallic,NGDR_MajorLease2022,centroid_from_NGDR_lease_polygon
38MSH08025,Sangoda,Limestone,mining,19.832144550844085,79.09813842308263,MAHARASHTRA,Chandrapur,154.7,M/S MURLI INDUSTRIES LIMITED,0,Opencast,Non-Metallic,NGDR_MajorLease2022,centroid_from_NGDR_lease_polygon
38MSH473001,"Parsoda,Govindpur",Limestone,mining,19.752893210765237,78.86107680240919,MAHARASHTRA,Chandrapur,756.14,M/s RCCPL Private Limited,0,Opencast,Non-Metallic,NGDR_MajorLease2022,centroid_from_NGDR_lease_polygon
07MSH12011,"Adi-M-Dhadi, Karivane",Bauxite,mining,18.00603035172196,73.11013728581119,MAHARASHTRA,Raigarh,72.216,M/s Prachi Mines,Private,Opencast,Metallic,NGDR_MajorLease2022,centroid_from_NGDR_lease_polygon
30ORI08089,Banspani,Iron Ore,mining,21.98790850020856,85.42475143822952,ODISHA,Kendujhar,399.481206394,M/s OM.C. Ltd.,SPSU,Opencast,Metallic,NGDR_MajorLease2022,centroid_from_NGDR_lease_polygon
30ORI13043,Bhanjapali,Iron Ore,mining,21.91380449866494,85.25023682645465,ODISHA,Sundargarh,18.0,JN. Patnaik,0,Opencast,Metallic,NGDR_MajorLease2022,centroid_from_NGDR_lease_polygon
86ORI07008,Dedar,Gemstones (Iolite),mining,19.790559779889975,83.04220498834958,ODISHA,Kalahandi,0.686809931176,Debraj Meheer,0,Opencast,Non-Metallic,NGDR_MajorLease2022,centroid_from_NGDR_lease_polygon
30ORI13058,Rantha,Iron Ore,mining,21.760710132383423,85.11773383649742,ODISHA,Sundargarh,13.6144175085,M/s OM.C. Ltd.,SPSU,Opencast,Metallic,NGDR_MajorLease2022,centroid_from_NGDR_lease_polygon
30ORI10006,"Maharajpur,D",Iron Ore,mining,22.00069036194908,86.11700045854492,ODISHA,Mayurbhanj,203.508951763,DC. Das,Private,Opencast,Metallic,NGDR_MajorLease2022,centroid_from_NGDR_lease_polygon
30ORI08118,Nuagaon Iron Ore Block,Iron Ore,mining,21.974796330047788,85.2937947659708,ODISHA,KENDUJHAR,776.969,JSW Steel Ltd,Private,Opencast,Metallic,NGDR_MajorLease2022,centroid_from_NGDR_lease_polygon
40ORI08061,Siljora-Kalimati Iron Ore and Manganese Block,Iron Ore & Manganese Ore,mining,21.878010143211586,85.38017025875966,ODISHA,KENDUJHAR,715.639,Debabrata Behera,Private,Opencast,Metallic,NGDR_MajorLease2022,centroid_from_NGDR_lease_polygon
07ORI09003,Maliparbat,Bauxite,mining,18.66801826533981,82.91059786192912,ODISHA,Koraput,269.526371996,M/s HINDALCO Industries Ltd,Private,Opencast,Metallic,NGDR_MajorLease2022,centroid_from_NGDR_lease_polygon
30ORI13001,Barsuan-Kalta,Iron Ore,mining,21.938975867727624,85.19308438640991,ODISHA,Sundargarh,2486.382,M/s SAIL,0,Opencast,Metallic,NGDR_MajorLease2022,centroid_from_NGDR_lease_polygon
30ORI13028,Zindal_T R B,Iron Ore,mining,21.889405054228497,85.18036221556672,ODISHA,Sundargarh,304.658739066,M/s Jindal Steel & Power Ltd,0,Opencast,Metallic,NGDR_MajorLease2022,centroid_from_NGDR_lease_polygon
38ORI13003,Biramitrapur,Limestone,mining,22.157875248217714,84.35993126870726,ODISHA,Sundargarh,793.966,M/s BS.L.Co.Ltd.,0,Opencast,Non-Metallic,NGDR_MajorLease2022,centroid_from_NGDR_lease_polygon
11ORI19008,Sukrangi,Chromite,mining,21.051844808077846,85.80718578755774,ODISHA,Jajapur,412.042213409,M/s OM.C. Ltd.,0,Opencast,Metallic,NGDR_MajorLease2022,centroid_from_NGDR_lease_polygon
30ORI08100,"Unchbali,Indrani_Patnaik",Iron Ore & Manganese Ore,mining,21.873715845938616,85.42757181146418,ODISHA,Kendujhar,106.113,Smt Indrani Patnaik,0,Opencast,Metallic,NGDR_MajorLease2022,centroid_from_NGDR_lease_polygon
30ORI08069,Deojaar,Iron Ore,mining,22.101136349188923,85.4670080954416,ODISHA,Kendujhar,34.365,M/s Tarini Minerals (P) Ltd,0,Opencast,Metallic,NGDR_MajorLease2022,centroid_from_NGDR_lease_polygon
11ORI19009,Tailangi,Chromite,mining,21.06385207210011,85.81245567857907,ODISHA,Jajapur,65.683,M/s IDC of Orissa Ltd,0,Opencast,Metallic,NGDR_MajorLease2022,centroid_from_NGDR_lease_polygon
30ORI13038,Gonua,Iron Ore & Manganese Ore,mining,21.915759302087675,85.37077668074927,ODISHA,Sundargarh,17.1164130749,KC. Pradhan,#N/A,Opencast,Metallic,NGDR_MajorLease2022,centroid_from_NGDR_lease_polygon
07ORI09004,Panchpatmali (South Block),Bauxite,mining,18.797495027027026,82.97846475675675,ODISHA,KORAPUT,528.262,NALCO Ltd.,CPSU,Opencast,Metallic,NGDR_MajorLease2022,centroid_from_NGDR_lease_polygon
30ORI08010,Bhadrasahi,Iron Ore,mining,22.006985314782693,85.37833122652185,ODISHA,KEONJHAR,998.7,O.M.D.Co.,CPSU,Opencast,Metallic,NGDR_MajorLease2022,centroid_from_NGDR_lease_polygon
30ORI13009,Kurmitar Pahar,Iron Ore,mining,21.749485639507878,85.16466749780193,ODISHA,SUNDARGARH,1212.47,O.M.C. Ltd.,SPSU,Opencast,Metallic,NGDR_MajorLease2022,centroid_from_NGDR_lease_polygon
30ORI08113,Khandabandh & Baitarani R.F.,Iron Ore,mining,21.960671598523863,85.37765387476195,ODISHA,KENDUJHAR,35.774,Shree Metaliks Ltd.,Private,Opencast,Metallic,NGDR_MajorLease2022,centroid_from_NGDR_lease_polygon
30ORI08117,Sirkagutta,Iron Ore,mining,21.793820120000056,85.32755900666672,ODISHA,KENDUJHAR,19.532,Prakash Industries Ltd.,Private,Opencast,Metallic,NGDR_MajorLease2022,centroid_from_NGDR_lease_polygon
11ORI19022,Kalarangiatta,Chromite,mining,21.02136107692308,85.740619,ODISHA,JAJAPUR,23.8,FACOR Ltd.,Private,Opencast,Metallic,NGDR_MajorLease2022,centroid_from_NGDR_lease_polygon
30ORI08015,Daitari,Iron Ore,mining,21.10373240416244,85.7999698619289,ODISHA,KENDUJHAR,1812.99,O.M.C. Ltd.,SPSU,Opencast,Metallic,NGDR_MajorLease2022,centroid_from_NGDR_lease_polygon
30ORI13034,Raikela,Iron Ore,mining,21.870595815881185,85.18024891594399,ODISHA,SUNDARGARH,67.586,Geetarani Mohanty,Private,Opencast,Metallic,NGDR_MajorLease2022,centroid_from_NGDR_lease_polygon
30ORI13070,Neelachal Iron Ore Mine,Iron Ore,mining,21.871769362971467,85.34320973861989,ODISHA,SUNDARGARH,874.29,Nilachala Ispat Nigam Ltd.,Private,Opencast,Metallic,NGDR_MajorLease2022,centroid_from_NGDR_lease_polygon
28ORI03084,Ainlapali Graphite Mines,Graphite,mining,20.569732578916714,83.04518635550005,ODISHA,BALANGIR,14.937,A. Mishra,Private,Opencast,Non-Metallic,NGDR_MajorLease2022,centroid_from_NGDR_lease_polygon
28ORI27014,Birida,Graphite,mining,19.355770536585364,83.27707468292684,ODISHA,RAYAGADA,45.753,Sibananda Pradhan,Private,Opencast,Non-Metallic,NGDR_MajorLease2022,centroid_from_NGDR_lease_polygon
28ORI27015,Bainibasa,Graphite,mining,19.640903395348836,83.4980191627907,ODISHA,RAYAGADA,58.704,Pradhan Industries,Private,Opencast,Non-Metallic,NGDR_MajorLease2022,centroid_from_NGDR_lease_polygon
38ORI12002,Dunguri,Limestone,mining,21.698694501434353,83.55594288732811,ODISHA,Bargarh,502.215,M/s Bargarh Cement Ltd,0,Opencast,Non-Metallic,NGDR_MajorLease2022,centroid_from_NGDR_lease_polygon
38ORI13014,Lanjiberna,Limestone,mining,22.254354302265288,84.56315459537234,ODISHA,Sundargarh,893.55,Dalmia Cement (Bharat)Limited (DCBL),0,Opencast,Non-Metallic,NGDR_MajorLease2022,centroid_from_NGDR_lease_polygon
30ORI08104,Dalpahar_&_Baitarani_RB,Iron Ore & Manganese Ore,mining,21.976333197840283,85.39230997456858,ODISHA,Kendujhar,4.84,R.B. Das,0,Opencast,Metallic,NGDR_MajorLease2022,centroid_from_NGDR_lease_polygon
38ORI13028,Khatkurbahal,Limestone,mining,22.28003638072444,84.47165995408004,ODISHA,Sundargarh,72.439,M/s Shiva Cement Ltd,0,Opencast,Non-Metallic,NGDR_MajorLease2022,centroid_from_NGDR_lease_polygon
07ORI27001,Baphilimali,Bauxite,mining,19.345724019647832,82.9775671568518,ODISHA,Rayagada,1388.74,M/s Utkal Alumina Int Ltd.,0,Opencast,Metallic,NGDR_MajorLease2022,centroid_from_NGDR_lease_polygon
30ORI13067,Adaghat,Iron Ore,mining,21.9266306,85.3155598,ODISHA,SUNDARGARH,15.074,National Enterprises,Private,Opencast,Metallic,NGDR_MajorLease2022,centroid_from_NGDR_lease_polygon
30ORI13068,Narayanposhi Iron Ore & Manganese Block,Iron Ore & Manganese Ore,mining,21.924919006013386,85.23462523528006,ODISHA,SUNDARGARH,347.008,JSW Steel Ltd,Private,Opencast,Metallic,NGDR_MajorLease2022,centroid_from_NGDR_lease_polygon
30ORI08120,Jaribahal Iron Ore Block,Iron Ore,mining,21.91960769061296,85.41333759690328,ODISHA,KENDUJHAR,106.534,Kashvi International Pvt Ltd,Private,Opencast,Metallic,NGDR_MajorLease2022,centroid_from_NGDR_lease_polygon
11ORI19029,Kamarda Block,Chromite,mining,21.059189145413093,85.82933541321745,ODISHA,JAJAPUR,107.24,M/s  Tata Steel Mining Ltd,Private,Opencast,Metallic,NGDR_MajorLease2022,centroid_from_NGDR_lease_polygon
30ORI13073,Nadidih Iron and Manganese Ore Mines,Iron Ore & Manganese Ore,mining,21.96488958490566,85.25607575471697,ODISHA,Sundargarh,117.206,ESL Steel Limited,Private,Opencast,Metallic,NGDR_MajorLease2022,centroid_from_NGDR_lease_polygon
11ORI19030,Saruabil Block,Chromite,mining,21.057181588657723,85.82069394253908,ODISHA,JAJAPUR,246.858,M/s  Tata Steel Mining Ltd,Private,Opencast,Metallic,NGDR_MajorLease2022,centroid_from_NGDR_lease_polygon
40ORI13057,Kanther - Koira Manganese Block,Manganese Ore,mining,21.89136540333901,85.25678797963947,ODISHA,SUNDARGARH,73.301,P.M. Granite Export Private Limited,Private,Opencast,Metallic,NGDR_MajorLease2022,centroid_from_NGDR_lease_polygon
30ORI13071,Ghoraburhani- Sagasahi,Iron Ore,mining,21.944272800953204,85.29043352904826,ODISHA,Sundargarh,139.165,Arcelor Mittal Nippon Steel India Limited.,Private,Opencast,Metallic,NGDR_MajorLease2022,centroid_from_NGDR_lease_polygon
30ORI08125,Jilling- Langalota,Iron Ore,mining,21.966357405022272,85.43092604451117,ODISHA,Kendujhar,456.037,O.M.C. Ltd.,SPSU,OC,Metallic,NGDR_MajorLease2022,centroid_from_NGDR_lease_polygon
30ORI10021,Badampahar,Iron Ore,mining,22.07373715742259,86.12487702573011,ODISHA,MAYURBHANJ,129.609,GM Iron & Steel Company Ltd.,Private,Opencast,Metallic,NGDR_MajorLease2022,centroid_from_NGDR_lease_polygon
30ORI13072,Nadidih Iron ore Mines,Iron Ore,mining,21.96892015842063,85.26464703535311,ODISHA,Sundargarh,74.5,ESL Steel Limited,Private,Opencast,Metallic,NGDR_MajorLease2022,centroid_from_NGDR_lease_polygon
40ORI13060,Kolmong Iron Ore and Manganese Block,Iron Ore & Manganese Ore,mining,21.948608702438253,85.31577394210117,ODISHA,SUNDARGARH,218.53,Yazdani Steel & Power Ltd,Private,Opencast,Metallic,NGDR_MajorLease2022,centroid_from_NGDR_lease_polygon
30ORI08014,Chamakpur,Iron Ore,mining,21.992414243472613,85.47524148588093,ODISHA,Kendujhar,34.8608887891,KC. Pradhan,0,Opencast,Metallic,NGDR_MajorLease2022,centroid_from_NGDR_lease_polygon
30ORI13051,Patabeda,Iron Ore,mining,21.936774713149216,85.37309755377582,ODISHA,Sundargarh,28.397,M/s MGM Minerals Ltd,0,Opencast,Metallic,NGDR_MajorLease2022,centroid_from_NGDR_lease_polygon
40ORI08003,Bamebari,Iron Ore & Manganese Ore,mining,21.899319984779527,85.42688212750822,ODISHA,Kendujhar,464.0,M/s TATA Steel Ltd,0,Opencast,Metallic,NGDR_MajorLease2022,centroid_from_NGDR_lease_polygon
11ORI19028,Sukinda Chromite Block,Chromite,mining,21.02195861077413,85.75573949282442,ODISHA,JAJAPUR,406.0,M/s  Tata Steel Mining Ltd,Private,Opencast,Metallic,NGDR_MajorLease2022,centroid_from_NGDR_lease_polygon
40ORI13054,Kanther-Koira,Iron Ore & Manganese Ore,mining,21.89008813500653,85.2623673003166,ODISHA,Sundargarh,22.5860447355,BS. Mishra,0,Opencast,Metallic,NGDR_MajorLease2022,centroid_from_NGDR_lease_polygon
07ORI13008,Kamando,Bauxite,mining,21.936737401415872,85.21932788757789,ODISHA,Sundargarh,45.2145528962,M/s Rungta Sons (P) Ltd,0,Opencast,Metallic,NGDR_MajorLease2022,centroid_from_NGDR_lease_polygon
30ORI08115,Nayagarh,Iron Ore,mining,21.86235247164291,85.42255749228578,ODISHA,KENDUJHAR,24.57,K.C. Pradhan,Private,Opencast,Metallic,NGDR_MajorLease2022,centroid_from_NGDR_lease_polygon
40ORI13050,"Nuagaon,Prabodh_Mohanty",Iron Ore & Manganese Ore,mining,21.901181821702515,85.21558371422645,ODISHA,Sundargarh,29.257,Prabodh Mohanty,0,Opencast,Metallic,NGDR_MajorLease2022,centroid_from_NGDR_lease_polygon
11ORI19015,Kaliapani JSL,Chromite,mining,21.026299845443386,85.7660341430068,ODISHA,Jajapur,93.8715391708,M/s Jindal Stainless Ltd,0,Opencast,Metallic,NGDR_MajorLease2022,centroid_from_NGDR_lease_polygon
11ORI08001,Bangur,Chromite,mining,21.272026489223833,86.3251363789286,ODISHA,Kendujhar,142.159549211,M/s OM.C. Ltd.,0,Underground,Metallic,NGDR_MajorLease2022,centroid_from_NGDR_lease_polygon
30ORI13019,Raikela,Iron Ore,mining,21.881488349377147,85.18621743575126,ODISHA,Sundargarh,45.932,M/s National Enterprises,Private,O/C,Metallic,NGDR_MajorLease2022,centroid_from_NGDR_lease_polygon
30ORI13017,Patabeda_M,Iron Ore & Manganese Ore,mining,21.931455938397132,85.3746657852416,ODISHA,Sundargarh,19.425,M/s MG. Mohanty,0,Opencast,Metallic,NGDR_MajorLease2022,centroid_from_NGDR_lease_polygon
30ORI08001,Bagiaburu M-Block,Iron Ore,mining,22.133788554705777,85.38979395837069,ODISHA,KEONJHAR,21.521,O.M.D.Co.,0,Opencast,Metallic,NGDR_MajorLease2022,centroid_from_NGDR_lease_polygon
40ORI13052,Bandhal_Kankdhara_Mining_and_Minerals_,Manganese Ore,mining,21.898880529455784,85.21027793250921,ODISHA,Sundargarh,28.0207,M/s Kanakdhara Mining & Minerals (P) Ltd,0,Opencast,Metallic,NGDR_MajorLease2022,centroid_from_NGDR_lease_polygon
30ORI13018,Raikela_S,Iron Ore,mining,21.875791818737486,85.18653222378316,ODISHA,Sundargarh,20.35911396,SN. Mohanty,0,Opencast,Metallic,NGDR_MajorLease2022,centroid_from_NGDR_lease_polygon
11ORI19005,Ostapl,Chromite,mining,21.0640199274951,85.7883878021554,ODISHA,Jajapur,72.843,M/s FACOR Ltd,0,Opencast,Metallic,NGDR_MajorLease2022,centroid_from_NGDR_lease_polygon
30ORI13054,Patabeda,Iron Ore,mining,21.931136005872027,85.37163376478648,ODISHA,Sundargarh,14.9738375502,M/s MG. Mohanty,0,Opencast,Metallic,NGDR_MajorLease2022,centroid_from_NGDR_lease_polygon
30ORI13023,SANINDPUR,Iron Ore & Bauxite,mining,21.927588331505902,85.30134922306216,ODISHA,Sundargarh,147.1,M/s Rungta Sons (P) Ltd,0,Opencast,Metallic,NGDR_MajorLease2022,centroid_from_NGDR_lease_polygon
11ORI19014,Kaliapani,Chromite,mining,21.029033941640417,85.77783348747097,ODISHA,Jajapur,116.76,M/s IMFA Ltd,0,Opencast,Metallic,NGDR_MajorLease2022,centroid_from_NGDR_lease_polygon
11ORI19017,Sukinda (Mahagiri),Chromite,mining,21.03603517329866,85.76969288082984,ODISHA,Jajapur,73.777,M/s ICCL,0,Opencast,Metallic,NGDR_MajorLease2022,centroid_from_NGDR_lease_polygon
30ORI13005,kjst,Iron Ore & Bauxite,mining,21.85861220354041,85.24297213200835,ODISHA,Sundargarh,188.268,SN. Mohanty,0,Opencast,Metallic,NGDR_MajorLease2022,centroid_from_NGDR_lease_polygon
30ORI13024,Sanindupur,Iron Ore & Manganese Ore,mining,21.916583397126125,85.31374674494887,ODISHA,Sundargarh,70.917,M/s National Enterprises,0,Opencast,Metallic,NGDR_MajorLease2022,centroid_from_NGDR_lease_polygon
86ORI07001,Bondoguda,Gemstones (Iolite),mining,19.823730555582266,83.03990790604047,ODISHA,Kalahandi,2.023,M/s Manikeswari Gems (P) Ltd,0,Opencast,Non-Metallic,NGDR_MajorLease2022,centroid_from_NGDR_lease_polygon
38ORI13005,Dharura-Kukuda,Limestone,mining,22.261733078878535,84.50734627107362,ODISHA,Sundargarh,573.053,RA. Jalan,0,Opencast,Non-Metallic,NGDR_MajorLease2022,centroid_from_NGDR_lease_polygon
30ORI13025,Tantra,Iron Ore,mining,21.882115947028677,85.17280209176377,ODISHA,Sundargarh,78.005370258,M/s Korp Resources (P) Ltd,0,Opencast,Metallic,NGDR_MajorLease2022,centroid_from_NGDR_lease_polygon
86ORI07010,"Kutingapadar,Manikeswari_Gems_P",Gemstones (Iolite),mining,19.77883516507086,83.04269976272393,ODISHA,Kalahandi,15.077934582,M/s Manikeswari Gems (P) Ltd,0,Opencast,Non-Metallic,NGDR_MajorLease2022,centroid_from_NGDR_lease_polygon
28ORI24005,"Gandabahali,_P",Graphite,mining,20.136111095270884,82.70412204685503,ODISHA,Nuapada,31.2637246615,PC. Agrawal,0,Opencast,Non-Metallic,NGDR_MajorLease2022,centroid_from_NGDR_lease_polygon
30ORI08017,Gandhamardan -B,Iron Ore,mining,21.638716758878914,85.49866395182714,ODISHA,Kendujhar,1590.867,M/s OM.C. Ltd.,0,Opencast,Metallic,NGDR_MajorLease2022,centroid_from_NGDR_lease_polygon
40ORI27002,Anajori,Manganese Ore,mining,19.811597026918268,83.47756640785697,ODISHA,Rayagada,18.494,Kunal Das,0,Opencast,Metallic,NGDR_MajorLease2022,centroid_from_NGDR_lease_polygon
30ORI13016,ORAGHAT,Iron Ore,mining,21.923761276957844,85.31119925517726,ODISHA,Sundargarh,82.966,M/s Rungta Sons (p) Ltd,0,Opencast,Metallic,NGDR_MajorLease2022,centroid_from_NGDR_lease_polygon
30ORI10008,Suleipat,Iron Ore,mining,22.14420560764528,86.22195755103,ODISHA,Mayurbhanj,618.0,BC. Dagara,0,Opencast,Metallic,NGDR_MajorLease2022,centroid_from_NGDR_lease_polygon
30ORI08016,Gandhamardan-A,Iron Ore,mining,21.613292977856723,85.50155275782406,ODISHA,Kendujhar,618.576,M/s OM.C. Ltd.,0,Opencast,Metallic,NGDR_MajorLease2022,centroid_from_NGDR_lease_polygon
30ORI08039,Murgabeda,Iron Ore,mining,22.111073413589033,85.46833718227884,ODISHA,Kendujhar,15.378,DR. Patnaik,0,Opencast,Metallic,NGDR_MajorLease2022,centroid_from_NGDR_lease_polygon
30ORI13035,Raikela,Iron Ore,mining,21.877958383509483,85.18223401066217,ODISHA,Sundargarh,49.372,M/s Penguin Trading & Agencies (P) Ltd,0,Opencast,Metallic,NGDR_MajorLease2022,centroid_from_NGDR_lease_polygon
38ORI13001,"Alanda,B",Limestone,mining,22.261832533439005,84.56057852033108,ODISHA,Sundargarh,48.0695801892,M/s BD. Patnaik Minerals (P) Ltd.,0,Opencast,Non-Metallic,NGDR_MajorLease2022,centroid_from_NGDR_lease_polygon
38ORI09006,Ampavalli_Idc_of_Orissa_Ltd,Limestone,mining,18.39801386513628,82.97354891377833,ODISHA,Koraput,285.429,M/s IDC of Orissa Ltd,0,Opencast,Non-Metallic,NGDR_MajorLease2022,centroid_from_NGDR_lease_polygon
30ORI13027,Alanda,Limestone,mining,22.259370092570474,84.57066399288726,ODISHA,Sundargarh,70.8695154265,M/s United Minerals,#N/A,Opencast,Non-Metallic,NGDR_MajorLease2022,centroid_from_NGDR_lease_polygon
86ORI07004,Labanyaswar,Gemstones (Iolite),mining,19.7966168425369,83.08287017526499,ODISHA,Kalahandi,2.505,Debraj Meheer,Private,Opencast,Non-Metallic,NGDR_MajorLease2022,centroid_from_NGDR_lease_polygon
30ORI08098,Tiringpahar,Iron Ore,mining,21.965880627554007,85.37858383999294,ODISHA,KENDUJHAR,79.3,O.M.C. Ltd.,SPSU,Opencast,Metallic,NGDR_MajorLease2022,centroid_from_NGDR_lease_polygon
28ORI27001,Bandhamundi,Graphite,mining,19.373571764705883,83.25650552941177,ODISHA,Rayagada,73.42,M/s Pradhan IndUSTRIES,Private,O/C,Non-Metallic,NGDR_MajorLease2022,centroid_from_NGDR_lease_polygon
11ORI19007,"South_kaliapani,OM",Chromite,mining,21.040599323967136,85.79414433056593,ODISHA,Jajapur,720.73,M/s OM.C. Ltd.,SPSU,O/C,Metallic,NGDR_MajorLease2022,centroid_from_NGDR_lease_polygon
30ORI08122,Jururi Iron Ore Block,Iron Ore,mining,21.957278781562398,85.41123425303994,ODISHA,KENDUJHAR,73.228,"Jagat Janani Services Private
Limited",Private,OC,Metallic,NGDR_MajorLease2022,centroid_from_NGDR_lease_polygon
30ORI08036,Khandbandh,Iron Ore,mining,21.94258485183957,85.39914843210545,ODISHA,Keonjhar,366.311,M/s OMC Ltd,SPSU,OC,Metallic,NGDR_MajorLease2022,centroid_from_NGDR_lease_polygon
40ORI08063,Katasahi Manganese Block,MANGANESE ORE,mining,21.96094108013453,85.33003338744761,ODISHA,KENDUJHAR,200.509,Agrasen Sponge Pvt Ltd,Private,OC,Metallic,NGDR_MajorLease2022,centroid_from_NGDR_lease_polygon
30ORI13069,Gonua,Iron Ore/Manganese,mining,21.924227270866457,85.37250931874168,ODISHA,Sundargarh,88.516,JSW Steel Ltd,Pvt,OC,Metallic,NGDR_MajorLease2022,centroid_from_NGDR_lease_polygon
40ORI13053,"Bahanjapali, Koira",Manganese Ore,mining,21.90550914285714,85.2702742142857,ODISHA,Sundargarh,65.71,Rudrasen Sindhu,Pvt,OC,Metallic,NGDR_MajorLease2022,centroid_from_NGDR_lease_polygon
30ORI08059,Khandbandh,Iron Ore/Manganese,mining,21.93823443555,85.3705595952064,ODISHA,Keonjhar,978.0,TATA Steel Ltd.,Pvt,OC,Metallic,NGDR_MajorLease2022,centroid_from_NGDR_lease_polygon
30ORI08087,"Unchabali, Balda, Nayagarh",Iron Ore,mining,21.882564306265625,85.42707192663437,ODISHA,Kendujhar,68.0,O.M.C. Ltd.,SPSU,OC,Metallic,NGDR_MajorLease2022,centroid_from_NGDR_lease_polygon
Not Available,Paikadakulguda,Gemstone,mining,19.581418120416714,83.53796647484033,ODISHA,Rayagada,40.946,Bijay Ku. Bansal,PVT,OC,Non-Metallic,NGDR_MajorLease2022,centroid_from_NGDR_lease_polygon
40ORI13059,Mahulsukha,Manganese Ore/Iron,mining,21.798991317759324,85.14327209141187,ODISHA,Sundargarh,390.317,Patnaik Minerals Pvt. Ltd.,,OC,Metallic,NGDR_MajorLease2022,centroid_from_NGDR_lease_polygon
30ORI08127,Kasia Iron and Dolomite Mines,Iron Ore  & Dolomite,mining,22.060040909799884,85.36548768313679,ODISHA,Kendujhar,194.19,Jindal Steel and Power,Private,Opencast,Metallic,NGDR_MajorLease2022,centroid_from_NGDR_lease_polygon
30ORI08106,Naibega & Katupali,Iron Ore & Manganese Ore,mining,21.83611718332504,85.40466500529263,ODISHA,Kendujhar,47.219,Tarini Prasad Mohanty,0,Opencast,Metallic,NGDR_MajorLease2022,centroid_from_NGDR_lease_polygon
07ORI09001,Panchpatmali (North Block),Bauxite,mining,18.7971394333782,82.97840830613848,ODISHA,Koraput,1315.264,NALCO Ltd.,0,Opencast,Metallic,NGDR_MajorLease2022,centroid_from_NGDR_lease_polygon
28ORI24006,Kirkita _Gondabahali,Graphite,mining,20.14702463018258,82.71005882728947,ODISHA,Nuapada,35.409,PK. Agrawal,0,Opencast,Non-Metallic,NGDR_MajorLease2022,centroid_from_NGDR_lease_polygon
30ORI08126,Guali Iron Ore Block,Iron Ore,mining,21.994411369959,85.30004900017819,ODISHA,KENDUJHAR,365.026,OMC Ltd,SPSU,Opencast,Metallic,NGDR_MajorLease2022,centroid_from_NGDR_lease_polygon
30ORI08119,Jajang Iron Ore Block,Iron Ore & Manganese Ore,mining,21.92845595922064,85.43017075080888,ODISHA,KENDUJHAR,666.15,JSW Steel Ltd,Private,Opencast,Metallic,NGDR_MajorLease2022,centroid_from_NGDR_lease_polygon
30ORI08124,Roida II Iron Ore Block,Iron Ore,mining,22.037542648208383,85.36597952493754,ODISHA,KENDUJHAR,74.702,Narbheram Power and Steel Pvt Ltd,Private,Opencast,Metallic,NGDR_MajorLease2022,centroid_from_NGDR_lease_polygon
30ORI08027,Joda East,Iron Ore,mining,22.012761372459423,85.43876413213904,ODISHA,Kendujhar,671.093,M/s TATA Steel Ltd,0,Opencast,Metallic,NGDR_MajorLease2022,centroid_from_NGDR_lease_polygon
11ORI05004,Asurabandha,Chromite,mining,20.895153138706128,85.7799354427264,ODISHA,DHENKANAL,65.71,Real India Consultancy Ltd.,Private,O/C,Metallic,NGDR_MajorLease2022,centroid_from_NGDR_lease_polygon
30ORI08121,Thakurani Iron Ore Block,Iron Ore,mining,22.116072219117694,85.43579184705888,ODISHA,KENDUJHAR,228.04,Arcelor Mittal India Pvt Ltd,Private,Opencast,Metallic,NGDR_MajorLease2022,centroid_from_NGDR_lease_polygon
07ORI09005,Kodingamali P.F.,Bauxite,mining,19.05777082934379,83.07248349367714,ODISHA,KORAPUT,428.31,O.M.C. Ltd.,SPSU,Opencast,Metallic,NGDR_MajorLease2022,centroid_from_NGDR_lease_polygon
28ORI03042,Dudukamal,Graphite,mining,20.578974675878143,82.83462317671828,ODISHA,Balangir,1.72650232726,NL. Agrawal,0,Opencast,Non-Metallic,NGDR_MajorLease2022,centroid_from_NGDR_lease_polygon
11ORI19013,Kaliyapani_Balasor,Chromite,mining,21.03248703523878,85.76615343930057,ODISHA,Jajapur,64.463,M/s Balasore Alloys Ltd,0,Opencast,Metallic,NGDR_MajorLease2022,centroid_from_NGDR_lease_polygon
40ORI08033,Guruda & Tringpahar,Manganese Ore,mining,21.926236441825047,85.39577038126481,ODISHA,Kendujhar,169.0,M/s TATA Steel Ltd,0,Opencast,Metallic,NGDR_MajorLease2022,centroid_from_NGDR_lease_polygon
30ORI08123,Balda Iron Ore Block,Iron Ore,mining,21.877654352302898,85.4073102612797,ODISHA,KENDUJHAR,335.84,Serajuddin & Co.,Private,OC,Metallic,NGDR_MajorLease2022,centroid_from_NGDR_lease_polygon
30ORI10020,Gorumahishani,Iron Ore,mining,22.319906503411346,86.2738691833944,ODISHA,Mayurbhanj,349.5,G.S. Mishra & Sons,Pvt,OC,Metallic,NGDR_MajorLease2022,centroid_from_NGDR_lease_polygon
30ORI08066,Roida_C_O,Iron Ore & Manganese Ore,mining,22.03944195111902,85.39862699163065,ODISHA,Kendujhar,90.3029338616,M/s OM.C. Ltd.,0,Opencast,Metallic,NGDR_MajorLease2022,centroid_from_NGDR_lease_polygon
40ORI08019,Joda West,Iron Ore & Manganese Ore,mining,22.003767527541214,85.40312154199857,ODISHA,Kendujhar,1437.719,M/s TATA Steel Ltd,0,Opencast,Metallic,NGDR_MajorLease2022,centroid_from_NGDR_lease_polygon
97RAJ14021,Bhinyasar(475/2013),Siliceous Earth,mining,26.44432311293799,71.1660460908377,RAJASTHAN,Jaisalmer,4.88,Avinash Vyas,Private,Opencast,Non-Metallic,NGDR_MajorLease2022,centroid_from_NGDR_lease_polygon
24RAJ11013,Naya Gaon(Punali),Fluorite,mining,23.842854444444367,73.8969972222244,RAJASTHAN,Dungarpur,5.0,Surya Lal  Purohit,Private,Opencast,Non-Metallic,NGDR_MajorLease2022,centroid_from_NGDR_lease_polygon
97RAJ04020,Mokhab/Amar Singh ki Dhani(64/2013),Siliceous Earth,mining,26.25420991099717,71.45641710162701,RAJASTHAN,Barmer,4.9,Narayan Singh,Private,Opencast,Non-Metallic,NGDR_MajorLease2022,centroid_from_NGDR_lease_polygon
97RAJ04021,Lalso ki Dhani(70/2012),Siliceous Earth,mining,26.23720995273589,71.27322970802149,RAJASTHAN,Barmer,4.4,Devi Singh Rathore,Private,Opencast,Non-Metallic,NGDR_MajorLease2022,centroid_from_NGDR_lease_polygon
34RAJ26002,Mochia,Lead Zinc Ore,mining,24.367050605513334,73.71119208804114,RAJASTHAN,Udaipur,123.878285932,Hindustan Zinc Ltd,Private,Underground,Metallic,NGDR_MajorLease2022,centroid_from_NGDR_lease_polygon
97RAJ14020,Mandai(476/2013),Siliceous Earth,mining,26.381785166922693,71.16406184496462,RAJASTHAN,Jaisalmer,4.91025795139,Punit Kumar Agarwal,Private,Opencast,Non-Metallic,NGDR_MajorLease2022,centroid_from_NGDR_lease_polygon
97RAJ14006,Mandai,Siliceous Earth,mining,26.384852222222253,71.15774722222227,RAJASTHAN,Jaisalmer,5.0,Bhera Ram Meghwal,Private,Opencast,Non-Metallic,NGDR_MajorLease2022,centroid_from_NGDR_lease_polygon
26RAJ01009,Sarwar,Garnet,mining,26.057604761904795,75.03785436507938,RAJASTHAN,Ajmer,5.0,Arun Bagadiya,Private,Opencast,Non-Metallic,NGDR_MajorLease2022,centroid_from_NGDR_lease_polygon
26RAJ25036,Kalyanpura,Garnet,mining,25.828725555555526,75.45416166666675,RAJASTHAN,Tonk,4.8,Nandini Minerals,Private,Opencast,Non-Metallic,NGDR_MajorLease2022,centroid_from_NGDR_lease_polygon
26RAJ27001,Mad(626/2011),Garnet,mining,25.343155700735103,73.96249013349124,RAJASTHAN,Rajsamand,4.3633,Shree Mama Dev Mines and Minerals,Private,Opencast,Non-Metallic,NGDR_MajorLease2022,centroid_from_NGDR_lease_polygon
97RAJ14008,Kapuria,Siliceous Earth,mining,26.43708682254993,71.0143175007549,RAJASTHAN,Jaisalmer,48.7,Seema Mineral & Metals,Private,Opencast,Non-Metallic,NGDR_MajorLease2022,centroid_from_NGDR_lease_polygon
26RAJ01010,Sarwar,Garnet,mining,26.055380902777785,75.03782708333338,RAJASTHAN,Ajmer,4.9954,BROTHERS MINERALS PVT LTD,Private,Opencast,Non-Metallic,NGDR_MajorLease2022,centroid_from_NGDR_lease_polygon
40RAJ03001,Kala Khunta,Manganese Ore,mining,23.324719880310344,74.27820666665731,RAJASTHAN,Banswara,18.898,Asian Mining Associates,Private,Opencast,Metallic,NGDR_MajorLease2022,centroid_from_NGDR_lease_polygon
63RAJ01001,Bhagwan,Wollastonite,mining,26.161049691358073,74.30181913580252,RAJASTHAN,Ajmer,5.0,Govind Goyal,Private,Opencast,Metallic,NGDR_MajorLease2022,centroid_from_NGDR_lease_polygon
63RAJ01003,Chaura Nimari,Wollastonite,mining,26.160058065249267,74.27716481682378,RAJASTHAN,Ajmer,4.92,SADHANA BHARGAV,Private,Opencast,Metallic,NGDR_MajorLease2022,centroid_from_NGDR_lease_polygon
63RAJ01004,Sarsari,Wollastonite,mining,26.296077404750843,74.42505421603288,RAJASTHAN,Ajmer,4.58,RADHIKA SHARMA,Private,Opencast,Metallic,NGDR_MajorLease2022,centroid_from_NGDR_lease_polygon
63RAJ01008,Chachundra,Wollastonite,mining,26.10308073557084,74.71999400083679,RAJASTHAN,Ajmer,4.73,Suresh Yadav,Private,Opencast,Metallic,NGDR_MajorLease2022,centroid_from_NGDR_lease_polygon
63RAJ01010,Mathaniya,Wollastonite,mining,26.04489900523566,74.64583489127462,RAJASTHAN,Ajmer,14.3092,Ram Dayal Gurjar,Private,Opencast,Metallic,NGDR_MajorLease2022,centroid_from_NGDR_lease_polygon
63RAJ21002,Sodpura Rampura,Wollastonite,mining,26.213054984677843,74.34695966943077,RAJASTHAN,Pali,24.865,Wolkem  Ind Ltd.,Private,Opencast,Metallic,NGDR_MajorLease2022,centroid_from_NGDR_lease_polygon
63RAJ01007,Nagelav,Wollastonite,mining,26.320027749512914,74.41616895850672,RAJASTHAN,Ajmer,4.0,Vijaya Shekhawat,Private,Opencast,Metallic,NGDR_MajorLease2022,centroid_from_NGDR_lease_polygon
30RAJ13014,Thakuran Ki Dhani,Iron Ore,mining,27.488494832488605,75.98516118808585,RAJASTHAN,Jaipur,4.6955,PS.L. Holding Pvt. Ltd.,Private,Opencast,Metallic,NGDR_MajorLease2022,centroid_from_NGDR_lease_polygon
04RAJ01061,Kasia Rajgarh,Vermiculite,mining,26.289182858244963,74.61541755386354,RAJASTHAN,Ajmer,26.1165,Sealani Mines & Minerals,Private,Opencast,Metallic,NGDR_MajorLease2022,centroid_from_NGDR_lease_polygon
24RAJ01001,Kalidungari,Magnesite,mining,26.633986801431668,74.84799468772792,RAJASTHAN,Ajmer,4.75,Pansari Minerals Development Co Pvt.Ltd.,Private,Opencast,Non-Metallic,NGDR_MajorLease2022,centroid_from_NGDR_lease_polygon
24RAJ15002,Lakhawas,Fluorite,mining,24.868221070806147,72.13385789942488,RAJASTHAN,Jalor,10.5,R.S.M.M Ltd.,SPSU,Opencast,Non-Metallic,NGDR_MajorLease2022,centroid_from_NGDR_lease_polygon
24RAJ15003,lakhawas,Fluorite,mining,24.873160315628944,72.15283190227488,RAJASTHAN,Jalor,46.238,R.S.M.M Ltd.,SPSU,Opencast,Non-Metallic,NGDR_MajorLease2022,centroid_from_NGDR_lease_polygon
24RAJ15004,Karara,Fluorite,mining,24.885578333333342,72.14097500000011,RAJASTHAN,Jalor,62.23,R.S.M.M Ltd.,SPSU,Opencast,Non-Metallic,NGDR_MajorLease2022,centroid_from_NGDR_lease_polygon
22RAJ01220,Alipura,Wollastonite,mining,26.254170555555618,74.3897944444445,RAJASTHAN,Ajmer,40.0,Arvind Minerals,Private,Opencast,Metallic,NGDR_MajorLease2022,centroid_from_NGDR_lease_polygon
38RAJ09004,Mangrol-Tilakhera Lease,Limestone,mining,24.702836618280532,74.68975746512184,RAJASTHAN,Chittaurgarh,299.2,J. K. CEMENT LIMITED,Private,Opencast,Non-Metallic,NGDR_MajorLease2022,centroid_from_NGDR_lease_polygon
26RAJ06019,Kochariya,Garnet,mining,25.286992701781898,74.48308016642787,RAJASTHAN,Bhilwara,4.0011,Ummed Singh Ranawat,Private,Opencast,Non-Metallic,NGDR_MajorLease2022,centroid_from_NGDR_lease_polygon
26RAJ25034,Lakholai,Garnet,mining,25.864311697400048,75.47570278843939,RAJASTHAN,Tonk,5.0,Ramesh Chand Sharma,Private,Opencast,Non-Metallic,NGDR_MajorLease2022,centroid_from_NGDR_lease_polygon
34RAJ27001,Rajpura Darbia,Lead Zinc Ore,mining,24.942059764121694,74.13065954616548,RAJASTHAN,Rajsamand,1142.2106,Hindustan Zinc Ltd,Private,Underground,Metallic,NGDR_MajorLease2022,centroid_from_NGDR_lease_polygon
22RAJ01583,Dhal,Vermiculite,mining,26.348641536885225,74.80928029637634,RAJASTHAN,Ajmer,4.2,Manish Dhadhich,Private,Opencast,Metallic,NGDR_MajorLease2022,centroid_from_NGDR_lease_polygon
24RAJ15007,Chatwara,Fluorite,mining,24.896727777777766,72.13480777777778,RAJASTHAN,Jalor,4.74731858678,Savita Devi Kanungo,Private,Opencast,Non-Metallic,NGDR_MajorLease2022,centroid_from_NGDR_lease_polygon
38RAJ24006,Watera,Limestone,mining,24.597490674126536,72.94256315547491,RAJASTHAN,Sirohi,4.0,Maharaja International unit of pawan cement,Private,Opencast,Non-Metallic,NGDR_MajorLease2022,centroid_from_NGDR_lease_polygon
14RAJ17003,Kolihan,Copper Ore,mining,28.01813787819317,75.77126369490297,RAJASTHAN,Jhunjhunun,163.23,Hindustan Copper Ltd,CPSU,Underground,Metallic,NGDR_MajorLease2022,centroid_from_NGDR_lease_polygon
38RAJ01002,Shyamgarh,Limestone,mining,26.11364614929314,74.4314236971431,RAJASTHAN,Ajmer,448.5,Shree Cement Ltd,Private,Opencast,Non-Metallic,NGDR_MajorLease2022,centroid_from_NGDR_lease_polygon
24RAJ15005,Tavidar,Fluorite,mining,24.857218888888884,72.14732611111116,RAJASTHAN,Jalor,99.1,R.S.M.M Ltd.,SPSU,Opencast,Non-Metallic,NGDR_MajorLease2022,centroid_from_NGDR_lease_polygon
97RAJ14019,Sajit(162/2013),Siliceous Earth,mining,26.427571307151617,71.08958817692991,RAJASTHAN,Jaisalmer,4.5,Seema Minerals & Metals,Private,Opencast,Non-Metallic,NGDR_MajorLease2022,centroid_from_NGDR_lease_polygon
97RAJ14023,Mandai(478/2013),Siliceous Earth,mining,26.380877557881817,71.16439036420458,RAJASTHAN,Jaisalmer,4.88973335288,Seema Vyas,Private,Opencast,Non-Metallic,NGDR_MajorLease2022,centroid_from_NGDR_lease_polygon
26RAJ06016,Kodukota,Garnet,mining,25.390108439893915,74.7692673521469,RAJASTHAN,Bhilwara,4.27,AKD Gem Garnet Mines,Private,Opencast,Non-Metallic,NGDR_MajorLease2022,centroid_from_NGDR_lease_polygon
38RAJ20007,Dhanappa,Limestone,mining,26.562155670113082,73.7650756616243,RAJASTHAN,Nagaur,400.0,J. K. CEMENT LIMITED,Private,Opencast,Non-Metallic,NGDR_MajorLease2022,centroid_from_NGDR_lease_polygon
34RAJ26001,Balariya,Lead Zinc Ore,mining,24.365056155861645,73.73216925438639,RAJASTHAN,Udaipur,123.431214849,Hindustan Zinc Ltd,Private,Underground,Metallic,NGDR_MajorLease2022,centroid_from_NGDR_lease_polygon
49RAJ06038,Surawas,Kyanite,mining,25.088573740842413,74.21663996842868,RAJASTHAN,Bhilwara,5.0,Bhagwati lal,Private,Opencast,Non-Metallic,NGDR_MajorLease2022,centroid_from_NGDR_lease_polygon
38RAJ09013,Mangrol Lease,Limestone,mining,24.704048295507487,74.67969068313823,RAJASTHAN,Chittaurgarh,132.0,J. K. CEMENT LIMITED,Private,Opencast,Non-Metallic,NGDR_MajorLease2022,centroid_from_NGDR_lease_polygon
97RAJ14022,Mandai(477/2013),Siliceous Earth,mining,26.382051627964312,71.16317988406932,RAJASTHAN,Jaisalmer,4.9,Yogesh Vyas,Private,Opencast,Non-Metallic,NGDR_MajorLease2022,centroid_from_NGDR_lease_polygon
97RAJ14018,Sajit(161/2013),Siliceous Earth,mining,26.422515573734398,71.0830565387088,RAJASTHAN,Jaisalmer,4.363,Ramswaroop Meghwal,Private,Opencast,Non-Metallic,NGDR_MajorLease2022,centroid_from_NGDR_lease_polygon
97RAJ14002,Sajit,Siliceous Earth,mining,26.423293400372575,71.08174818597354,RAJASTHAN,Jaisalmer,4.7445,Ashok Kumar Khatri,Private,Opencast,Non-Metallic,NGDR_MajorLease2022,centroid_from_NGDR_lease_polygon
29RAJ04013,Thob,Selenite,mining,26.073092483039392,72.42144849917251,RAJASTHAN,Barmer,126.77,R.S.M.M Ltd.,SPSU,Opencast,Non-Metallic,NGDR_MajorLease2022,centroid_from_NGDR_lease_polygon
29RAJ07006,Lunkaransar,Selenite,mining,28.49844753086422,73.7437777777778,RAJASTHAN,Bikaner,145.0,R.S.M.M Ltd.,SPSU,Opencast,Non-Metallic,NGDR_MajorLease2022,centroid_from_NGDR_lease_polygon
38RAJ09001,Jai Surjana,Limestone,mining,24.954601242929343,74.6845967256784,RAJASTHAN,Chittaurgarh,588.59,Birla Corporation Limited,Private,Opencast,Non-Metallic,NGDR_MajorLease2022,centroid_from_NGDR_lease_polygon
97RAJ04003,Bhiyasar,Siliceous Earth,mining,26.25839944444442,71.46394666666673,RAJASTHAN,Barmer,4.5,Bhom Singh,Private,Opencast,Non-Metallic,NGDR_MajorLease2022,centroid_from_NGDR_lease_polygon
44RAJ17001,Udaipurwati,Iron Ore,mining,27.726182148656967,75.49051544602445,RAJASTHAN,Jhunjhunun,4.91,Fatehchand Agarwal,Private,Opencast,Metallic,NGDR_MajorLease2022,centroid_from_NGDR_lease_polygon
69RAJ13002,Manoharpura Bisangarh,Epidote,mining,27.304651394398878,75.92537558727584,RAJASTHAN,Jaipur,4.0515,Abdul Salam,Private,Opencast,Non-Metallic,NGDR_MajorLease2022,centroid_from_NGDR_lease_polygon
38RAJ23002,Rampura Ballupura,Limestone,mining,27.799829500582767,76.03780849023087,RAJASTHAN,Sikar,41.13,Oriental Talc Products (P) Ltd,Private,Opencast,Non-Metallic,NGDR_MajorLease2022,centroid_from_NGDR_lease_polygon
97RAJ14010,Bhiyasar,Siliceous Earth,mining,26.434258554539376,71.16180725319906,RAJASTHAN,Jaisalmer,5.0,Jai Shree Ram Minerals,Private,Opencast,Non-Metallic,NGDR_MajorLease2022,centroid_from_NGDR_lease_polygon
38RAJ09002,Karunda Lease,Limestone,mining,24.69976551386173,74.61213824484402,RAJASTHAN,Chittaurgarh,240.86,J. K. CEMENT LIMITED,Private,Opencast,Non-Metallic,NGDR_MajorLease2022,centroid_from_NGDR_lease_polygon
30RAJ06001,Dhedhwas,Iron Ore,mining,25.362185733529994,74.55926009469567,RAJASTHAN,Bhilwara,1556.78,Jindal Saw Ltd,Private,Opencast,Metallic,NGDR_MajorLease2022,centroid_from_NGDR_lease_polygon
30RAJ06002,Lampiya,Iron Ore,mining,25.447167626046358,74.64600745234905,RAJASTHAN,Bhilwara,433.103,Jindal Saw Ltd,Private,Opencast,Metallic,NGDR_MajorLease2022,centroid_from_NGDR_lease_polygon
30RAJ17006,Dudawa,Iron Ore,mining,28.0371635803315,75.95008019845658,RAJASTHAN,Jhunjhunun,23.3342,Shakumbri Maa Minerals,Private,Opencast,Metallic,NGDR_MajorLease2022,centroid_from_NGDR_lease_polygon
30RAJ17008,Tonda,Iron Ore,mining,27.967545699380636,75.89311756898366,RAJASTHAN,Jhunjhunun,24.3834,Nand Lal Agarwal,Private,Opencast,Metallic,NGDR_MajorLease2022,centroid_from_NGDR_lease_polygon
30RAJ23004,Narda,Iron Ore,mining,27.73906055555559,75.93774000000002,RAJASTHAN,Sikar,24.61,PRATEEK MINERALS,Private,Opencast,Metallic,NGDR_MajorLease2022,centroid_from_NGDR_lease_polygon
30RAJ23008,Preetampuri,Iron Ore,mining,27.573525989247727,75.74547390603452,RAJASTHAN,Sikar,4.95,Daulatram Ram Goyal,Private,Opencast,Metallic,NGDR_MajorLease2022,centroid_from_NGDR_lease_polygon
30RAJ17010,Kharoti Dhaniya,Iron Ore,mining,27.724102063223636,75.69610177343435,RAJASTHAN,Jhunjhunun,5.0,Shikha Modi,Private,Opencast,Metallic,NGDR_MajorLease2022,centroid_from_NGDR_lease_polygon
30RAJ17011,Papra Kala,Iron Ore,mining,27.747493077415374,75.68960636719014,RAJASTHAN,Jhunjhunun,4.2,Deepak Singh,Private,Opencast,Metallic,NGDR_MajorLease2022,centroid_from_NGDR_lease_polygon
38RAJ09003,Maliyakhera Lease,Limestone,mining,24.679916855722688,74.61360740151775,RAJASTHAN,Chittaurgarh,315.409,J. K. CEMENT LIMITED,Private,Opencast,Non-Metallic,NGDR_MajorLease2022,centroid_from_NGDR_lease_polygon
38RAJ20005,Rajshree-1,Limestone,mining,26.59546621168411,73.76225699771271,RAJASTHAN,Nagaur,232.8,Ultratech Cement ltd,Private,Opencast,Non-Metallic,NGDR_MajorLease2022,centroid_from_NGDR_lease_polygon
38RAJ24001,Basantgarh,Limestone,mining,24.68979351851858,73.01907129629633,RAJASTHAN,Sirohi,390.625,JK. Lakshmi Corp. Ltd.,Private,Opencast,Non-Metallic,NGDR_MajorLease2022,centroid_from_NGDR_lease_polygon
38RAJ24004,Amli,Limestone,mining,24.820400685694466,73.11538378966111,RAJASTHAN,Sirohi,468.688,Ultratech Nathdwara Cement Ltd,Private,Opencast,Non-Metallic,NGDR_MajorLease2022,centroid_from_NGDR_lease_polygon
38RAJ24007,Watera,Limestone,mining,24.59321904218202,72.94046981436759,RAJASTHAN,Sirohi,4.712,Maharaja International unit of Pawan Cement,Private,Opencast,Non-Metallic,NGDR_MajorLease2022,centroid_from_NGDR_lease_polygon
63RAJ01005,Ramawas,Wollastonite,mining,26.076327777777806,74.24397944444455,RAJASTHAN,Ajmer,4.9,RENU ATRE,Private,Opencast,Metallic,NGDR_MajorLease2022,centroid_from_NGDR_lease_polygon
26RAJ25001,Rajmaahal,Garnet,mining,25.87095277777782,75.47460666666673,RAJASTHAN,Tonk,4.7585,Ansari Brothers Garnet Works,Private,Opencast,Non-Metallic,NGDR_MajorLease2022,centroid_from_NGDR_lease_polygon
26RAJ25028,Kalyanpura,Garnet,mining,25.832386666666697,75.45685833333336,RAJASTHAN,Tonk,5.0,Mahva Darksha Jewellers,Private,Opencast,Non-Metallic,NGDR_MajorLease2022,centroid_from_NGDR_lease_polygon
26RAJ01012,Sarwar,Garnet,mining,26.051381837606847,75.02828311965814,RAJASTHAN,Ajmer,4.145,Ranawat Gems,Private,Opencast,Non-Metallic,NGDR_MajorLease2022,centroid_from_NGDR_lease_polygon
29RAJ04012,Thob,Selenite,mining,26.057662318373502,72.40460462166806,RAJASTHAN,Barmer,263.08,R.S.M.M Ltd.,SPSU,Opencast,Non-Metallic,NGDR_MajorLease2022,centroid_from_NGDR_lease_polygon
34RAJ06001,Agucha,Lead Zinc Ore,mining,25.8401955195258,74.7426843631751,RAJASTHAN,Bhilwara,1200.0,Hindustan Zinc Ltd,Private,Opencast & Underground,Metallic,NGDR_MajorLease2022,centroid_from_NGDR_lease_polygon
34RAJ24001,Deri,Lead Zinc Ore,mining,24.37792499999998,72.83605055555557,RAJASTHAN,Sirohi,63.0,R.S.M.M Ltd.,SPSU,Underground,Metallic,NGDR_MajorLease2022,centroid_from_NGDR_lease_polygon
30RAJ17004,Jamalpura,Iron Ore,mining,27.943591078458322,75.966992803158,RAJASTHAN,Jhunjhunun,4.96,PRATEEK MINERALS,Private,Opencast,Metallic,NGDR_MajorLease2022,centroid_from_NGDR_lease_polygon
34RAJ01001,Kayad,Lead Zinc Ore,mining,26.53269538490788,74.69578683920477,RAJASTHAN,Ajmer,480.45,Hindustan Zinc Ltd,Private,Underground,Metallic,NGDR_MajorLease2022,centroid_from_NGDR_lease_polygon
33RAJ06001,Surawas,Kyanite,mining,25.096019444444487,74.2420711111112,RAJASTHAN,Bhilwara,5.0,SHAILENDRA MEWARA,Private,Opencast,Non-Metallic,NGDR_MajorLease2022,centroid_from_NGDR_lease_polygon
97RAJ04008,Bariyara,Siliceous Earth,mining,26.432273661309853,71.21148684564801,RAJASTHAN,Barmer,4.0,Jaipur Magmatics Pvt Ltd,Private,Opencast,Non-Metallic,NGDR_MajorLease2022,centroid_from_NGDR_lease_polygon
97RAJ04010,Bariyara,Siliceous Earth,mining,26.435291111111166,71.24112833333334,RAJASTHAN,Barmer,4.9998,Loonkaran Agarwal,Private,Opencast,Non-Metallic,NGDR_MajorLease2022,centroid_from_NGDR_lease_polygon
97RAJ04012,Fatepura,Siliceous Earth,mining,26.449453240740763,71.30465046296304,RAJASTHAN,Barmer,4.4554,Bentonite Microns,Private,Opencast,Non-Metallic,NGDR_MajorLease2022,centroid_from_NGDR_lease_polygon
97RAJ04015,Dharvi(116/2012),Siliceous Earth,mining,26.410437584796618,71.32462110192401,RAJASTHAN,Barmer,4.5,Kaushal Singh,Private,Opencast,Non-Metallic,NGDR_MajorLease2022,centroid_from_NGDR_lease_polygon
97RAJ04011,Bariyara,Siliceous Earth,mining,26.430515133071797,71.21133942796267,RAJASTHAN,Barmer,4.5,Haristons Mintech Pvt ltd,Private,Opencast,Non-Metallic,NGDR_MajorLease2022,centroid_from_NGDR_lease_polygon
97RAJ04006,Bariyara,Siliceous Earth,mining,26.420013888888924,71.21367888888898,RAJASTHAN,Barmer,4.5,Shyam Sunder Parekh,Private,Opencast,Non-Metallic,NGDR_MajorLease2022,centroid_from_NGDR_lease_polygon
97RAJ04022,Gunga(88/2014),Siliceous Earth,mining,26.26033939192234,71.26962726519187,RAJASTHAN,Barmer,4.7982,Kalawati Devi,Private,Opencast,Non-Metallic,NGDR_MajorLease2022,centroid_from_NGDR_lease_polygon
97RAJ04019,Jase ka Gaon(41/2011),Siliceous Earth,mining,26.116596544953985,71.20346491907087,RAJASTHAN,Barmer,4.5,Indu Devi,Private,Opencast,Non-Metallic,NGDR_MajorLease2022,centroid_from_NGDR_lease_polygon
97RAJ04017,Dharvi/Netdo ki Dhani(07/2014),Siliceous Earth,mining,26.386060843495862,71.32101733358571,RAJASTHAN,Barmer,4.8893,Prakash Kanwar,Private,Opencast,Non-Metallic,NGDR_MajorLease2022,centroid_from_NGDR_lease_polygon
38RAJ09005,Nimebhera (Ahirpur) Lease,Limestone,mining,24.647251643779892,74.67712985196619,RAJASTHAN,Chittaurgarh,403.188,J. K. CEMENT LIMITED,Private,Opencast,Non-Metallic,NGDR_MajorLease2022,centroid_from_NGDR_lease_polygon
24RAJ15006,Chatwara,Fluorite,mining,24.900331294569536,72.13788471929789,RAJASTHAN,Jalor,4.0,Basant Raj,Private,Opencast,Non-Metallic,NGDR_MajorLease2022,centroid_from_NGDR_lease_polygon
49RAJ01217,Rajgarh,Emerald crude,mining,26.292370613425636,74.63094741595619,RAJASTHAN,Ajmer,46.32,Mining & Mineral,Private,Opencast,Non-Metallic,NGDR_MajorLease2022,centroid_from_NGDR_lease_polygon
63RAJ01009,Sathana,Wollastonite,mining,25.985497222222275,74.63092103174606,RAJASTHAN,Ajmer,4.9,Suresh Yadav,Private,Opencast,Metallic,NGDR_MajorLease2022,centroid_from_NGDR_lease_polygon
97RAJ04013,Dharvi/Netdo ki Dhani(90/2012),Siliceous Earth,mining,26.389324285146035,71.3215655246699,RAJASTHAN,Barmer,4.75,Naina Ram,Private,Opencast,Non-Metallic,NGDR_MajorLease2022,centroid_from_NGDR_lease_polygon
97RAJ04018,Dharvi(51/2012),Siliceous Earth,mining,26.40991700207701,71.32670296987467,RAJASTHAN,Barmer,4.2456,Shankar Singh,Private,Opencast,Non-Metallic,NGDR_MajorLease2022,centroid_from_NGDR_lease_polygon
34RAJ26005,Baroi,Lead Zinc Ore,mining,24.34150600749921,73.69953879076253,RAJASTHAN,Udaipur,119.78265482,Hindustan Zinc Ltd,Private,Underground,Metallic,NGDR_MajorLease2022,centroid_from_NGDR_lease_polygon
34RAJ27002,Sindesar,Lead Zinc Ore,mining,25.004284785228556,74.14499906587727,RAJASTHAN,Rajsamand,199.843,Hindustan Zinc Ltd,Private,Underground,Metallic,NGDR_MajorLease2022,centroid_from_NGDR_lease_polygon
22RAJ01462,Rawatmal,Vermiculite,mining,25.903895486111132,74.17004444444446,RAJASTHAN,Ajmer,4.3059,MANJULATA VYAS,Private,Opencast,Metallic,NGDR_MajorLease2022,centroid_from_NGDR_lease_polygon
38RAJ18003,Ghorawat (9/13),Limestone,mining,26.507751388888884,73.78537248677249,RAJASTHAN,Jodhpur,195.7064,Marwar Cement LTd.,Private,Opencast,Non-Metallic,NGDR_MajorLease2022,centroid_from_NGDR_lease_polygon
26RAJ01011,Sarwar,Garnet,mining,26.05881999999999,75.0349316666667,RAJASTHAN,Ajmer,5.0,SHER MOHHAMMAD,Private,Opencast,Non-Metallic,NGDR_MajorLease2022,centroid_from_NGDR_lease_polygon
38RAJ20013,Deh Nagaur3B1(A),Limestone,mining,27.28777765085715,73.90881055557146,RAJASTHAN,Nagaur,267.63,Nu Vista Ltd.,Private,Opencast,Non-Metallic,NGDR_MajorLease2022,centroid_from_NGDR_lease_polygon
14RAJ17001,Chandmari,Copper Ore,mining,28.004051388758928,75.77349881168031,RAJASTHAN,Jhunjhunun,148.45,Hindustan Copper Ltd,CPSU,Underground,Metallic,NGDR_MajorLease2022,centroid_from_NGDR_lease_polygon
14RAJ17002,Khetri,Copper Ore,mining,28.0819027803709,75.81068218021433,RAJASTHAN,Jhunjhunun,395.07,Hindustan Copper Ltd,CPSU,Underground,Metallic,NGDR_MajorLease2022,centroid_from_NGDR_lease_polygon
97RAJ04002,Murad Ki Dhani,Siliceous Earth,mining,26.411027450034048,71.18934703408348,RAJASTHAN,Barmer,70.0,PP. ENTERPRISES,Private,Opencast,Non-Metallic,NGDR_MajorLease2022,centroid_from_NGDR_lease_polygon
97RAJ04004,Mati Ka Gol,Siliceous Earth,mining,26.407259022031134,71.19988671864256,RAJASTHAN,Barmer,4.5,Priyanka Kanwar,Private,Opencast,Non-Metallic,NGDR_MajorLease2022,centroid_from_NGDR_lease_polygon
97RAJ04005,Mati Ka Gol,Siliceous Earth,mining,26.405628564085532,71.1850408932161,RAJASTHAN,Barmer,5.0,Deep Sundri,Private,Opencast,Non-Metallic,NGDR_MajorLease2022,centroid_from_NGDR_lease_polygon
97RAJ14016,Sajit(140/2013),Siliceous Earth,mining,26.424725097056328,71.09554233020359,RAJASTHAN,Jaisalmer,4.89,Balbeer Singh Rathore,Private,Opencast,Non-Metallic,NGDR_MajorLease2022,centroid_from_NGDR_lease_polygon
97RAJ14017,Mandai(365/2011),Siliceous Earth,mining,26.404907458878636,71.15200436131609,RAJASTHAN,Jaisalmer,4.1,Seema Minerals & Metals,Private,Opencast,Non-Metallic,NGDR_MajorLease2022,centroid_from_NGDR_lease_polygon
63RAJ01006,Kotra,Wollastonite,mining,26.022866111111135,74.20633555555558,RAJASTHAN,Ajmer,19.5,RENU ATRE,Private,Opencast,Metallic,NGDR_MajorLease2022,centroid_from_NGDR_lease_polygon
63RAJ21001,Anna,Wollastonite,mining,25.279765099267443,73.49058869086366,RAJASTHAN,Pali,4.0,AMBHUJA RASAYAN,Private,Opencast,Metallic,NGDR_MajorLease2022,centroid_from_NGDR_lease_polygon
38RAJ24005,Thandiberi,Limestone,mining,24.825541567592953,73.14208193885582,RAJASTHAN,Sirohi,256.0,Ultratech Nathdwara Cement Ltd,Private,Opencast,Non-Metallic,NGDR_MajorLease2022,centroid_from_NGDR_lease_polygon
26RAJ25031,Kushalpura,Garnet,mining,25.841734628045536,75.4639670141593,RAJASTHAN,Tonk,4.5,Naimuddin,Private,Opencast,Non-Metallic,NGDR_MajorLease2022,centroid_from_NGDR_lease_polygon
38RAJ21003,Nimbheti,Limestone,mining,26.26325198412705,74.17954722222224,RAJASTHAN,Pali,750.0,Shree Cement Ltd,Private,Opencast,Non-Metallic,NGDR_MajorLease2022,centroid_from_NGDR_lease_polygon
38RAJ09010,Sita Ji Ka Khera,Limestone,mining,24.722951720609576,74.69029198882504,RAJASTHAN,Chittaurgarh,602.0,Nuvoco Vistas Corp. Ltd.,Private,Opencast,Non-Metallic,NGDR_MajorLease2022,centroid_from_NGDR_lease_polygon
97RAJ14004,Sajit,Siliceous Earth,mining,26.425235555555606,71.09443666666674,RAJASTHAN,Jaisalmer,4.89,Parmeshwar Khatri,Private,Opencast,Non-Metallic,NGDR_MajorLease2022,centroid_from_NGDR_lease_polygon
38RAJ17002,Gothra(47/07),Limestone,mining,27.794688888888896,75.3526841269841,RAJASTHAN,Jhunjhunu,624.0,Shree Cement Ltd.,Private,Opencast,Non-Metallic,NGDR_MajorLease2022,centroid_from_NGDR_lease_polygon
26RAJ06023,Mandal(85/01),Garnet,mining,25.44559722222221,74.5502099206349,RAJASTHAN,Bhilwara,4.375,Rama Sharma,Private,Opencast,Non-Metallic,NGDR_MajorLease2022,centroid_from_NGDR_lease_polygon
63RAJ01002,Nad,Wollastonite,mining,26.34373333333333,74.39261111111111,RAJASTHAN,Ajmer,5.0,GAURAV RAJ SHARMA,Private,Opencast,Metallic,NGDR_MajorLease2022,centroid_from_NGDR_lease_polygon
38RAJ19001,Morak,Limestone,mining,24.733401587301632,75.92158611111115,RAJASTHAN,Kota,895.0,Manglam Cement Ltd,Private,Opencast,Non-Metallic,NGDR_MajorLease2022,centroid_from_NGDR_lease_polygon
38RAJ14002,Sanu,Limestone,mining,27.29770277777784,70.5775672222223,RAJASTHAN,Jaisalmer,1000.0,R.S.M.M Ltd.,SPSU,Opencast,Non-Metallic,NGDR_MajorLease2022,centroid_from_NGDR_lease_polygon
38RAJ20001,Gagrana,Limestone,mining,26.556996666666727,73.85259722222224,RAJASTHAN,Nagaur,200.0,Manglam Cement Ltd,Private,Opencast,Non-Metallic,NGDR_MajorLease2022,centroid_from_NGDR_lease_polygon
38RAJ21009,Ras-1,Limestone,mining,26.396150211574167,74.23380134867428,RAJASTHAN,Pali,183.53,Ambuja Cement Ltd,Private,Opencast,Non-Metallic,NGDR_MajorLease2022,centroid_from_NGDR_lease_polygon
38RAJ21013,Sinla,Limestone,mining,26.34238976699487,73.81748175473633,RAJASTHAN,Pali,49.71,Nuvoco Vistas Corporation Ltd.,Private,Opencast,Non-Metallic,NGDR_MajorLease2022,centroid_from_NGDR_lease_polygon
38RAJ01001,Sheopura Kesarpura,Limestone,mining,26.059150403845347,74.39741593734287,RAJASTHAN,Ajmer,856.8,Shree Cement Ltd,Private,Opencast,Non-Metallic,NGDR_MajorLease2022,centroid_from_NGDR_lease_polygon
22RAJ06022,Odiyakhera(150/06),Garnet,mining,25.57251172839505,75.17898364197531,RAJASTHAN,Bhilwara,4.0275,Dinesh Kumar Jain,Private,Opencast,Non-Metallic,NGDR_MajorLease2022,centroid_from_NGDR_lease_polygon
38RAJ03007,Parthipura,Limestone,mining,23.60811533060499,74.24583418764362,RAJASTHAN,Banswara,65.82,The India Cement Limited,Private,Opencast,Non-Metallic,NGDR_MajorLease2022,centroid_from_NGDR_lease_polygon
38RAJ09006,Aditya Cement,Limestone,mining,24.730649107880254,74.60722257832427,RAJASTHAN,Chittaurgarh,760.692,Ultratech Cement ltd,Private,Opencast,Non-Metallic,NGDR_MajorLease2022,centroid_from_NGDR_lease_polygon
38RAJ09009,Bhatkotri Lease,Limestone,mining,24.663405371436024,74.60525991828463,RAJASTHAN,Chittaurgarh,740.93,Wonder Cement Ltd,Private,Opencast,Non-Metallic,NGDR_MajorLease2022,centroid_from_NGDR_lease_polygon
38RAJ13006,Pawana (2/95),Limestone,mining,27.6706366,76.0795442,RAJASTHAN,Jaipur,32.37,Nand Lal Agarwal & Sons,Private,Opencast,Non-Metallic,NGDR_MajorLease2022,centroid_from_NGDR_lease_polygon
38RAJ09011,Arniya Joshi,Limestone,mining,24.69113884117757,74.69558777512837,RAJASTHAN,Chittaurgarh,1476.425,Nuvoco Vistas Corp. Ltd.,Private,Opencast,Non-Metallic,NGDR_MajorLease2022,centroid_from_NGDR_lease_polygon
38RAJ13008,Mohanpura Jodhpura,Limestone,mining,27.680738905611232,76.12682131053747,RAJASTHAN,Jaipur,548.78,Ultratech Cement ltd,Private,Opencast,Non-Metallic,NGDR_MajorLease2022,centroid_from_NGDR_lease_polygon
38RAJ20009,Khervad Rupasar,Limestone,mining,27.114137479123713,73.86797201733036,RAJASTHAN,Nagaur,635.0,Ambuja Cement Ltd,Private,Opencast,Non-Metallic,NGDR_MajorLease2022,centroid_from_NGDR_lease_polygon
38RAJ20008,Mundwa,Limestone,mining,27.09031838930328,73.85434816849919,RAJASTHAN,Nagaur,699.88,Ambuja Cement Ltd,Private,Opencast,Non-Metallic,NGDR_MajorLease2022,centroid_from_NGDR_lease_polygon
38RAJ21001,Ras-2,Limestone,mining,26.283066666666716,74.13387449494957,RAJASTHAN,Pali,803.425,Ambuja Cement Ltd,Private,Opencast,Non-Metallic,NGDR_MajorLease2022,centroid_from_NGDR_lease_polygon
38RAJ21011,Pali Lime Stone,Limestone,mining,26.203187265982944,74.08759096625835,RAJASTHAN,Pali,689.76,Ultratech Cement ltd,Private,Opencast,Non-Metallic,NGDR_MajorLease2022,centroid_from_NGDR_lease_polygon
38RAJ21012,Digrana,Limestone,mining,26.382205570465022,73.8464888898281,RAJASTHAN,Pali,100.0,Nuvoco Vistas Corporation Ltd,Private,Opencast,Non-Metallic,NGDR_MajorLease2022,centroid_from_NGDR_lease_polygon
39RAJ21001,Talav,Magnesite,mining,24.888901111111192,73.23006222222222,RAJASTHAN,Pali,5.00150352765,GOPAL SABOO,Private,Opencast,Non-Metallic,NGDR_MajorLease2022,centroid_from_NGDR_lease_polygon
39RAJ21003,Khiwandi,Magnesite,mining,25.254152777777783,73.07910166666669,RAJASTHAN,Pali,5.0,Sher Singh Gehlot,Private,Opencast,Non-Metallic,NGDR_MajorLease2022,centroid_from_NGDR_lease_polygon
58RAJ02020,Natata,Iron Ore,mining,27.135178342859145,76.2096523480497,RAJASTHAN,Alwar,69.3671,Suman lata pareek,Private,Opencast,Metallic,NGDR_MajorLease2022,centroid_from_NGDR_lease_polygon
34RAJ27007,Bamaniyakalan(39/1983),Lead Zinc Ore,mining,25.041287604444268,74.16479255947712,RAJASTHAN,Rajsamand,383.78,Hindustan Zinc Ltd,Private,Underground,Metallic,NGDR_MajorLease2022,centroid_from_NGDR_lease_polygon
97RAJ14015,Sajit (125/2014),Siliceous Earth,mining,26.409631262248467,71.12496928836208,RAJASTHAN,Jaisalmer,4.55,Ishwar Singh Rathore,Private,Opencast,Non-Metallic,NGDR_MajorLease2022,centroid_from_NGDR_lease_polygon
97RAJ04014,Mokhab/Ramdevnagar(58/2014),Siliceous Earth,mining,26.252891152359883,71.50317079901869,RAJASTHAN,Barmer,4.2511,Babulal Mali,Private,Opencast,Non-Metallic,NGDR_MajorLease2022,centroid_from_NGDR_lease_polygon
09RAJ26006,Teja Ka Vas,Wollastonite,mining,24.73639856482679,73.19996860170782,RAJASTHAN,Udaipur,112.5,Hindustan Mineral Transactions,Private,Opencast,Metallic,NGDR_MajorLease2022,centroid_from_NGDR_lease_polygon
38RAJ20004,Rajshree,Limestone,mining,26.59903230890599,73.8014312139128,RAJASTHAN,Nagaur,400.7,Ultratech Cement ltd,Private,Opencast,Non-Metallic,NGDR_MajorLease2022,centroid_from_NGDR_lease_polygon
32RAJ26006,Bansliya((39/1983),Bauxite,mining,24.745610265564547,73.63603901667624,RAJASTHAN,Udaipur,123.2,Shivshakti Minerals,Private,Opencast,Metallic,NGDR_MajorLease2022,centroid_from_NGDR_lease_polygon
30RAJ13016,Luhakana,Iron Ore,mining,27.477882700054767,76.09717205479085,RAJASTHAN,Jaipur,4.47612676393,Manoj Kedia,Private,Opencast,Metallic,NGDR_MajorLease2022,centroid_from_NGDR_lease_polygon
38RAJ09014,Dhanora (73/2011),Limestone,mining,24.687822977341007,74.59922328094144,RAJASTHAN,Chittorgarh,255.003,Wonder Cement Ltd.,Private,Opencast,Non-Metallic,NGDR_MajorLease2022,centroid_from_NGDR_lease_polygon
38RAJ20006,Chawandia,Limestone,mining,27.126305555555547,73.38702569444443,RAJASTHAN,Nagaur,335.37,MW. MINES PVT.,Private,Opencast,Non-Metallic,NGDR_MajorLease2022,centroid_from_NGDR_lease_polygon
97RAJ04023,Dharvi(52/2012),Siliceous Earth,mining,26.408857256395653,71.32562924063133,RAJASTHAN,Barmer,4.7004,Surya Prakash Singh,Private,Opencast,Non-Metallic,NGDR_MajorLease2022,centroid_from_NGDR_lease_polygon
30RAJ23009,Dipas (140/2011),Iron Ore,mining,27.598482777777775,75.88431166666666,RAJASTHAN,Sikar,180.0,Ojaswi Marbles & Granites Pvt. Ltd.,Private,Opencast,Metallic,NGDR_MajorLease2022,centroid_from_NGDR_lease_polygon
30RAJ13005,Morija,Iron Ore,mining,27.1649748015873,75.76636507936507,RAJASTHAN,Jaipur,24.89,Nand Lal Agarwal,Private,Opencast,Metallic,NGDR_MajorLease2022,centroid_from_NGDR_lease_polygon
30RAJ33001,Bagoli,Iron Ore,mining,27.756850000000007,75.69352333333333,RAJASTHAN,Jhunjhunun,4.96130636217,Neelkanth Concast Pvt Ltd.,Private,Opencast,Metallic,NGDR_MajorLease2022,centroid_from_NGDR_lease_polygon
97RAJ04016,Kotra(64/2012),Siliceous Earth,mining,26.1125670825906,71.19856089783292,RAJASTHAN,Barmer,4.5,Bhupendra Singh Choudhary,Private,Opencast,Non-Metallic,NGDR_MajorLease2022,centroid_from_NGDR_lease_polygon
30RAJ13015,Kushalpura,Iron Ore,mining,27.19151156806861,75.96508469675574,RAJASTHAN,Jaipur,5.0,Suresh Chand Jain,Private,Opencast,Metallic,NGDR_MajorLease2022,centroid_from_NGDR_lease_polygon
46RAJ26003,Jhamarkotra,Rock Phosphate,mining,24.472451012246793,73.84214594498648,RAJASTHAN,Udaipur,1370.37,R.S.M.M Ltd.,SPSU,Opencast,Non-Metallic,NGDR_MajorLease2022,centroid_from_NGDR_lease_polygon
26RAJ01014,Bargaon,Garnet,mining,26.011179761714335,74.90694563485717,RAJASTHAN,Ajmer,4.375,Gagiram Baba Mines & Minerals,Private,Opencast,Non-Metallic,NGDR_MajorLease2022,centroid_from_NGDR_lease_polygon
29RAJ04017,Thob,Selenite,mining,26.06463123657099,72.41605169006455,RAJASTHAN,Barmer,90.4966,J. K. CEMENT LIMITED,Private,Opencast,Non-Metallic,NGDR_MajorLease2022,centroid_from_NGDR_lease_polygon
38RAJ20012,Deh Nagaur3B1(b),Limestone,mining,27.27280784914287,73.90967861128577,RAJASTHAN,Nagaur,247.87,Nu Vista Ltd.,Private,Opencast,Non-Metallic,NGDR_MajorLease2022,centroid_from_NGDR_lease_polygon
62RAJ06001,Dhangdas,Vermiculite,mining,25.09729611100005,74.22013777800002,RAJASTHAN,Bhilwara,144.0,Radha Kishan Sharma,Private,Opencast,Metallic,NGDR_MajorLease2022,centroid_from_NGDR_lease_polygon
74RAJ01001,Sarwar,Garnet,mining,26.04895499980003,75.01449444460005,RAJASTHAN,Ajmer,5.0,Rajendra Chaudhary,Private,Opencast,Non-Metallic,NGDR_MajorLease2022,centroid_from_NGDR_lease_polygon
26RAJ01013,Bargaon,Garnet,mining,26.019403888800035,74.90955111100006,RAJASTHAN,Ajmer,4.0,EDILA BUSSINESS WORLD PVT LTD,Private,Opencast,Non-Metallic,NGDR_MajorLease2022,centroid_from_NGDR_lease_polygon
63RAJ26001,Khertarla,Wollastonite,mining,24.761731141378764,73.16964621257125,RAJASTHAN,"Pali, Udaipur",49.48,Wolkem  Ind Ltd.,Private,Opencast & Underground,Metallic,NGDR_MajorLease2022,centroid_from_NGDR_lease_polygon
34RAJ26004,Zawarmala,Lead Zinc Ore,mining,24.341682495604047,73.70931254328859,RAJASTHAN,Udaipur,3620.0,Hindustan Zinc Ltd,Private,Underground,Metallic,NGDR_MajorLease2022,centroid_from_NGDR_lease_polygon
97RAJ04007,Bariyara,Siliceous Earth,mining,26.43016050990253,71.20845610465658,RAJASTHAN,Barmer,4.5,Jaipur Magmatics Pvt Ltd,Private,Opencast,Non-Metallic,NGDR_MajorLease2022,centroid_from_NGDR_lease_polygon
38RAJ14001,Sanu-2,Limestone,mining,27.29871551965788,70.59934111566065,RAJASTHAN,Jaisalmer,998.4,R.S.M.M Ltd.,SPSU,Opencast,Non-Metallic,NGDR_MajorLease2022,centroid_from_NGDR_lease_polygon
38RAJ08002,Lakheri,Limestone,mining,25.585397623450035,76.05824450276299,RAJASTHAN,Bundi,1516.88,ACC  LTD,Private,Opencast,Non-Metallic,NGDR_MajorLease2022,centroid_from_NGDR_lease_polygon
38TMN17002,SIRUGUDI      (GONO.91),Limestone,mining,10.242948432027086,78.29827291003735,TAMIL NADU,Dindigul,0.273017082283,SIVAM MINES (Formerly : ASAI ALANGARAM),Private,Opencast,Non-Metallic,NGDR_MajorLease2022,centroid_from_NGDR_lease_polygon
38TMN30002,"KEELAPANDALGUDI,",Limestone,mining,9.387253985310771,78.09888294089669,TAMIL NADU,Virudhunagar,201.397422932,MADRAS CEMENTS LTD,Private,Opencast,Non-Metallic,NGDR_MajorLease2022,centroid_from_NGDR_lease_polygon
39TMN23001,SUN MINERALS & CHEMICALS,Magnesite,mining,11.54611932146555,78.42112554213725,TAMIL NADU,Namakkal,2.75291897108,BAVAA.M,Private,Opencast,Non-Metallic,NGDR_MajorLease2022,centroid_from_NGDR_lease_polygon
38TMN15065,SHAMMU TRADERS,Limestone,mining,9.41315897428043,77.98856818064517,TAMIL NADU,Virudhunagar,9.701605426,MURUGESA PANDIANA,Private,Opencast,Non-Metallic,NGDR_MajorLease2022,centroid_from_NGDR_lease_polygon
38TMN06023,THIRUMAL (SHRI PADMAVATI MINS),Limestone,mining,9.728496598349688,78.0393843507965,TAMIL NADU,Madurai,2.60418349141,Nagarajan. P,Private,Opencast,Non-Metallic,NGDR_MajorLease2022,centroid_from_NGDR_lease_polygon
38TMN11046,VEERACHIPALAYAM,Limestone,mining,11.451504009772783,77.80508577462716,TAMIL NADU,Namakkal,0.493141779534,KARUNA MINES & MINERALS,Private,Opencast,Non-Metallic,NGDR_MajorLease2022,centroid_from_NGDR_lease_polygon
38TMN11074,SRI SAKTHI MINES AND MINERALS,Limestone,mining,11.448633400465557,77.80405458141456,TAMIL NADU,Salem,1.49756818491,SIVAYALG,Private,Opencast,Non-Metallic,NGDR_MajorLease2022,centroid_from_NGDR_lease_polygon
38TMN24053,REDDIPALAYAM      (PRNO.13493),Limestone,mining,11.102084300837893,79.15504053478898,TAMIL NADU,Ariyalur,0.942714178252,KUMARAN MINES AND MINERALS,Private,Opencast,Non-Metallic,NGDR_MajorLease2022,centroid_from_NGDR_lease_polygon
38TMN24059,OLAIPADI (WEST),Limestone,mining,11.318666854425535,79.07829526923172,TAMIL NADU,Perambalur,1.65041445676,INDUSTRIAL CHEMICALS & MONOMERS LTD,Private,Opencast,Non-Metallic,NGDR_MajorLease2022,centroid_from_NGDR_lease_polygon
38TMN28024,RADHA CHEMICALS,Limestone,mining,10.76375347172106,78.28498177082095,TAMIL NADU,Karur,7.43349635784,PANNEERSELVAM K,Private,Opencast,Non-Metallic,NGDR_MajorLease2022,centroid_from_NGDR_lease_polygon
38TMN14041,MEENACHI MINERALS & CHEMICALS,Limestone,mining,10.964694052770223,78.55705438839632,TAMIL NADU,Tiruchirappalli,3.34635839529,MAHADEVAN N,Private,Opencast,Non-Metallic,NGDR_MajorLease2022,centroid_from_NGDR_lease_polygon
38TMN15080,GANGAINADARKULAM  (GONO.8975),Limestone,mining,8.57597244701093,77.6332521145518,TAMIL NADU,Tirunelveli,4.41827816101,TRANSWORLD MINING INDUSTRIES (P) LTD,Private,Opencast,Non-Metallic,NGDR_MajorLease2022,centroid_from_NGDR_lease_polygon
38TMN23011,SRI SEN MINERALS,Limestone,mining,11.120194164601681,78.15591024264879,TAMIL NADU,Namakkal,0.498265123789,APPUSAMYR,Private,Opencast,Non-Metallic,NGDR_MajorLease2022,centroid_from_NGDR_lease_polygon
39TMN11010,SRI VENKATESWARA MAGNESITE MINES,Magnesite,mining,11.722404502015719,78.10704036709222,TAMIL NADU,Salem,20.1257283968,KESAVANA,Private,Opencast,Non-Metallic,NGDR_MajorLease2022,centroid_from_NGDR_lease_polygon
38TMN23040,SOWDHAPURAAM & PALLAKKAPALAYAM,Limestone,mining,11.43707386117407,77.78984619605194,TAMIL NADU,Namakkal,24.1219151038,CHEMPLAST SANMAR,Private,Opencast,Non-Metallic,NGDR_MajorLease2022,centroid_from_NGDR_lease_polygon
38TMN15027,THALAIYUTHU   (GONO.148),Limestone,mining,8.814450578998338,77.72767085420031,TAMIL NADU,Tirunelveli,96.3501922408,THE INDIA CEMENTS LTD,Private,Opencast,Non-Metallic,NGDR_MajorLease2022,centroid_from_NGDR_lease_polygon
28TMN32004,ARASANUR,Graphite,mining,9.87528096089925,78.35865285358447,TAMIL NADU,Sivaganga,26.402096627,GEM GRAPHITE,Private,Opencast,Non-Metallic,NGDR_MajorLease2022,centroid_from_NGDR_lease_polygon
38TMN15081,GANGAINADARKULAM (GONO.8974),Limestone,mining,8.576431866354229,77.63154806235858,TAMIL NADU,Tirunelveli,4.05139620358,TRANSWORLD MINING INDUSTRIES (P) LTD,Private,Opencast,Non-Metallic,NGDR_MajorLease2022,centroid_from_NGDR_lease_polygon
38TMN11119,DEVANNAGOUNDANUR,Limestone,mining,11.503863524425391,77.8474411401809,TAMIL NADU,Salem,1.6475743694,MM.MINES,Private,Opencast,Non-Metallic,NGDR_MajorLease2022,centroid_from_NGDR_lease_polygon
38TMN14043,VEL INDUSTRIES,Limestone,mining,10.952369676211427,78.91700060409684,TAMIL NADU,Tiruchirappalli,2.54447052156,SUBRAMANIANS,Private,Opencast,Non-Metallic,NGDR_MajorLease2022,centroid_from_NGDR_lease_polygon
38TMN14057,SATHAMMAI CHEMICALS,Limestone,mining,10.951679322798757,78.91362040325689,TAMIL NADU,Tiruchirappalli,1.95659148461,SARAVANANS,Private,Opencast,Non-Metallic,NGDR_MajorLease2022,centroid_from_NGDR_lease_polygon
38TMN15079,SRI RAM MINES,Limestone,mining,8.805044033157257,77.69682363736497,TAMIL NADU,Tirunelveli,4.83167801604,AMMANI AMMAL M,Private,Opencast,Non-Metallic,NGDR_MajorLease2022,centroid_from_NGDR_lease_polygon
28TMN32005,ENATHI,Graphite,mining,9.869642966834078,78.31972569264545,TAMIL NADU,Sivaganga,2.67190570317,PANDIYAN GRAPHITES INDIA LTD,Private,Opencast,Non-Metallic,NGDR_MajorLease2022,centroid_from_NGDR_lease_polygon
"07TMN23002
","ARIYUR NADU  (PROCNO.9414)
",Bauxite,mining,11.29677400650891,78.38895652569555,TAMIL NADU,Namakkal,2.8679388244,L.Nagamurali,Private,Opencast,Metallic,NGDR_MajorLease2022,centroid_from_NGDR_lease_polygon
38TMN15066,JUPITER MINES,Limestone,mining,8.789483343481924,77.66016830269481,TAMIL NADU,Tirunelveli,4.81441494801,KRISHNAMURTHY K,Private,Opencast,Non-Metallic,NGDR_MajorLease2022,centroid_from_NGDR_lease_polygon
38TMN29001,SIVALARPATTI  (LOVELY CHEMICALS),Limestone,mining,9.319064121445273,78.15081359301176,TAMIL NADU,Thoothukkudi,8.17073814783,MADRAS CEMENTS LTD,Private,Opencast,Non-Metallic,NGDR_MajorLease2022,centroid_from_NGDR_lease_polygon
38TMN14037,PERIYAKURICHI,Limestone,mining,11.290894424815829,79.19712301771054,TAMIL NADU,Ariyalur,58.6604428912,THE INDIA CEMENTS LTD,Private,Opencast,Non-Metallic,NGDR_MajorLease2022,centroid_from_NGDR_lease_polygon
38TMN28033,MOTHER EARTH MINERALS,Limestone,mining,10.853354758266159,78.10018077066368,TAMIL NADU,Karur,310.143148766,ELAMURUGU AV,Private,Opencast,Non-Metallic,NGDR_MajorLease2022,centroid_from_NGDR_lease_polygon
38TMN23033,SITTALANDUR,Limestone,mining,11.325860399291798,77.92991623258739,TAMIL NADU,Namakkal,2.7759135084,KARUNA MINES & MINERALS,Private,Opencast,Non-Metallic,NGDR_MajorLease2022,centroid_from_NGDR_lease_polygon
38TMN23031,JAIHIND MINING CORP,Limestone,mining,11.301112360633038,77.98772736563772,TAMIL NADU,Namakkal,1.65611641891,GANESAMOORTHYC,Private,Opencast,Non-Metallic,NGDR_MajorLease2022,centroid_from_NGDR_lease_polygon
38TMN23034,VEERAKALIAMMAN MINES,Limestone,mining,11.130948688142665,78.09876382230142,TAMIL NADU,Namakkal,5.1213552769,KAVIARASUR.M.,Private,Opencast,Non-Metallic,NGDR_MajorLease2022,centroid_from_NGDR_lease_polygon
38TMN23012,KUMARAN MINES & CHEMICALS,Limestone,mining,11.42862844515536,77.92279679132483,TAMIL NADU,Namakkal,1.91010876958,RATHINASABAPATHIS,Private,Opencast,Non-Metallic,NGDR_MajorLease2022,centroid_from_NGDR_lease_polygon
39TMN23004,SEERAPALLI,Magnesite,mining,11.203741256287525,77.95227885461281,TAMIL NADU,Namakkal,1.58085171586,EVERGREEN ENTERPRISES,Private,Opencast,Non-Metallic,NGDR_MajorLease2022,centroid_from_NGDR_lease_polygon
38TMN11061,CHINNAGOUNDANUR,Limestone,mining,11.478738192210907,77.80930879136335,TAMIL NADU,Salem,4.67261194114,MAHALAKSHMI MINES & PULVERISERS,Private,Opencast,Non-Metallic,NGDR_MajorLease2022,centroid_from_NGDR_lease_polygon
38TMN23022,SOWDHAPURAM,Limestone,mining,11.424070564473245,77.79464221256214,TAMIL NADU,Namakkal,1.24499198686,SRI MALLIGA MINES AND MINERALS,Private,Opencast,Non-Metallic,NGDR_MajorLease2022,centroid_from_NGDR_lease_polygon
38TMN23035,PALLAKAPALAYAM  (GONO.55),Limestone,mining,11.46176720155499,77.78204744813728,TAMIL NADU,Namakkal,2.78579629634,MADRAS MINING AND MINERAL CORP,Private,Opencast,Non-Metallic,NGDR_MajorLease2022,centroid_from_NGDR_lease_polygon
39TMN27002,PUNGANDURAI,Magnesite,mining,10.859343987103024,77.57663021692933,TAMIL NADU,Tiruppur,4.26377132555,SANKAR GANESANA.S,Private,Opencast,Non-Metallic,NGDR_MajorLease2022,centroid_from_NGDR_lease_polygon
38TMN06021,KEERANUR,Limestone,mining,9.871655036907713,78.28922543167316,TAMIL NADU,Madurai,4.93984770714,PAKALA SURYANARAYANA RAO,Private,Opencast,Non-Metallic,NGDR_MajorLease2022,centroid_from_NGDR_lease_polygon
38TMN38052,Periyathirukonam,Limestone,mining,11.066924517830415,79.15942839252763,TAMIL NADU,Ariyalur,74.81,The India Cements Ltd.,Private,Opencast,Non-Metallic,NGDR_MajorLease2022,centroid_from_NGDR_lease_polygon
38TMN23024,NADANTHAI,Limestone,mining,11.19391893077295,77.98034669439384,TAMIL NADU,Namakkal,2.51596380604,ANDAVAR MINERALS AND INDUSTRIES,Private,Opencast,Non-Metallic,NGDR_MajorLease2022,centroid_from_NGDR_lease_polygon
38TMN23025,PADAIVEEDU,Limestone,mining,11.451368972580719,77.8062173285689,TAMIL NADU,Namakkal,1.66344248214,NATIONAL MINES,Private,Opencast,Non-Metallic,NGDR_MajorLease2022,centroid_from_NGDR_lease_polygon
38TMN23026,KODUR AGRAHARAM,Limestone,mining,11.243483862007174,78.0033102617289,TAMIL NADU,Namakkal,7.13505673961,SAKTHI MINING COMPANY,Private,Opencast,Non-Metallic,NGDR_MajorLease2022,centroid_from_NGDR_lease_polygon
38TMN23028,ANNAMAR MINERALS,Limestone,mining,11.439943432747148,77.82196456842269,TAMIL NADU,Namakkal,1.16802764085,RAJKUMARJ,Private,Opencast,Non-Metallic,NGDR_MajorLease2022,centroid_from_NGDR_lease_polygon
38TMN23029,SELVI MINES,Limestone,mining,11.110510817623222,78.05006916612713,TAMIL NADU,Namakkal,0.8090572462,SELVIT,Private,Opencast,Non-Metallic,NGDR_MajorLease2022,centroid_from_NGDR_lease_polygon
38TMN23036,SOWDHAPURAM,Limestone,mining,11.439256034829102,77.78964070725473,TAMIL NADU,Namakkal,1.76185794317,TIRISUL MINERALS,Private,Opencast,Non-Metallic,NGDR_MajorLease2022,centroid_from_NGDR_lease_polygon
39TMN27001,PUNGANDURAI,Magnesite,mining,10.858083205396996,77.57755437878937,TAMIL NADU,Tiruppur,5.58937860681,BALADEVIEP,Private,Opencast,Non-Metallic,NGDR_MajorLease2022,centroid_from_NGDR_lease_polygon
39TMN28001,KODANTHUR (NORTH),Magnesite,mining,10.929793351811606,77.80728514856861,TAMIL NADU,Karur,3.15128135274,NIRANJANA MINERALS,Private,Opencast,Non-Metallic,NGDR_MajorLease2022,centroid_from_NGDR_lease_polygon
39TMN28002,THENNILAI (EAST),Magnesite,mining,10.92990298528808,77.81010949373011,TAMIL NADU,Karur,1.88248230141,SRI BHUVANESHWARI MAGNESITE MINES,Private,Opencast,Non-Metallic,NGDR_MajorLease2022,centroid_from_NGDR_lease_polygon
38TMN24029,PARAVAI  (GONO.4),Limestone,mining,11.295111392775576,79.05358178697557,TAMIL NADU,Perambalur,1.63281334773,ARUN CHEMICALS,Private,Opencast,Non-Metallic,NGDR_MajorLease2022,centroid_from_NGDR_lease_polygon
38TMN23037,PUDUPULIYAMPATTI,Limestone,mining,11.31694279263413,77.94001835435877,TAMIL NADU,Namakkal,2.4269449045,INDIANA MINES AND MINERALS,Private,Opencast,Non-Metallic,NGDR_MajorLease2022,centroid_from_NGDR_lease_polygon
"38TMN23039
","PALLAKAPALAYAM  
",Limestone,mining,11.462516929515198,77.78109878279228,TAMIL NADU,Namakkal,1.50248724409,Madras Mining And Mineral Corp.,Private,Opencast,Non-Metallic,NGDR_MajorLease2022,centroid_from_NGDR_lease_polygon
38TMN23046,UNJANAI,Limestone,mining,11.332817294313914,77.93298481163198,TAMIL NADU,Namakkal,1.23150650807,SRI AMMAN MINERAL TRADERS,Private,Opencast,Non-Metallic,NGDR_MajorLease2022,centroid_from_NGDR_lease_polygon
38TMN23038,GM.MINES & MINERALS,Limestone,mining,11.327113259361722,77.92854792952278,TAMIL NADU,Namakkal,2.8624564894,MGANESAN,Private,Opencast,Non-Metallic,NGDR_MajorLease2022,centroid_from_NGDR_lease_polygon
38TMN15043,THADIYAMPATTI  (GONO.1596),Limestone,mining,8.999077689512099,77.72233354484221,TAMIL NADU,Tirunelveli,20.4241770916,THE SOUTH INDIA MINES & MINERALS INDUSTRIES LTD,Private,Opencast,Non-Metallic,NGDR_MajorLease2022,centroid_from_NGDR_lease_polygon
38TMN33008,GOWRI KUMAR & CO,Limestone,mining,10.756777136851595,78.06981480512837,TAMIL NADU,Dindigul,4.66125473289,GOWRI K,Private,Opencast,Non-Metallic,NGDR_MajorLease2022,centroid_from_NGDR_lease_polygon
38TMN06022,PANAMOOPANPATTI,Limestone,mining,10.049961116847285,77.85216278743815,TAMIL NADU,Madurai,3.05687932641,THIRAVIYAMB,Private,Opencast,Non-Metallic,NGDR_MajorLease2022,centroid_from_NGDR_lease_polygon
07TMN11002,SHEVAROY MINES,Bauxite,mining,11.830308039071346,78.2280350711096,TAMIL NADU,Salem,195.798489432,MADRAS ALUMINIUM COLTD.,Private,Opencast,Metallic,NGDR_MajorLease2022,centroid_from_NGDR_lease_polygon
38TMN24058,OLAIPADI (WEST)      RCNO.17898,Limestone,mining,11.311876991639018,79.07326572819751,TAMIL NADU,Perambalur,1.30355971871,GR.MINERALS,Private,Opencast,Non-Metallic,NGDR_MajorLease2022,centroid_from_NGDR_lease_polygon
38TMN28003,DEVAR MALAI,Limestone,mining,10.739722103175861,78.15247524002761,TAMIL NADU,Karur,1.45839640616,JM. MINES & MINERALS,Private,Opencast,Non-Metallic,NGDR_MajorLease2022,centroid_from_NGDR_lease_polygon
38TMN30019,PALAVANATHAM,Limestone,mining,9.537778441360063,78.0324718259838,TAMIL NADU,Virudhunagar,1.45161999003,RASHEE MINERALS,Private,Opencast,Non-Metallic,NGDR_MajorLease2022,centroid_from_NGDR_lease_polygon
38TMN30018,VIRUDHUNAGAR,Limestone,mining,9.57310944522806,77.92914875407315,TAMIL NADU,Virudhunagar,2.18978408011,PG.& SONS,Private,Opencast,Non-Metallic,NGDR_MajorLease2022,centroid_from_NGDR_lease_polygon
38TMN33012,PALAYAM,Limestone,mining,10.729428695034372,78.1327703286221,TAMIL NADU,Dindigul,3.2573821749,SRI SHANMUGA MINES AND MINERALS,Private,Opencast,Non-Metallic,NGDR_MajorLease2022,centroid_from_NGDR_lease_polygon
38TMN33026,ALAMBADI,Limestone,mining,10.767147611182255,78.05403129369225,TAMIL NADU,Karur,5.15550386286,GANESH MINERAL INDUSTRIES,Private,Opencast,Non-Metallic,NGDR_MajorLease2022,centroid_from_NGDR_lease_polygon
38TMN33036,PANNIYA MALAI,Limestone,mining,10.243140092366335,78.27825888509071,TAMIL NADU,Dindigul,1.3550554409,BALAJI MINERALS,Private,Opencast,Non-Metallic,NGDR_MajorLease2022,centroid_from_NGDR_lease_polygon
38TMN33037,PANNIYA MALAI,Limestone,mining,10.24072059292946,78.28445594200747,TAMIL NADU,Dindigul,2.15342360867,OM MURUGA MINERALS,Private,Opencast,Non-Metallic,NGDR_MajorLease2022,centroid_from_NGDR_lease_polygon
38TMN33033,JM.KORBONATES,Limestone,mining,10.740256177660388,78.15037743110325,TAMIL NADU,Dindigul,3.00168389828,SHEIK ABDULLA J,Private,Opencast,Non-Metallic,NGDR_MajorLease2022,centroid_from_NGDR_lease_polygon
38TMN33038,SM.R.MINERALS,Limestone,mining,10.394540312601684,78.0062352186608,TAMIL NADU,Dindigul,1.65388832676,RAJAMANICKAM,Private,Opencast,Non-Metallic,NGDR_MajorLease2022,centroid_from_NGDR_lease_polygon
38TMN28018,RADHA CHEMICALS,Limestone,mining,10.944765939387096,78.44282518872875,TAMIL NADU,Tiruchirappalli,8.90906646034,PANNEERSELVAM K,Private,Opencast,Non-Metallic,NGDR_MajorLease2022,centroid_from_NGDR_lease_polygon
38TMN11100,THANGAM MINERAL ENTERPRISES,Limestone,mining,11.486365272763376,77.81946877273845,TAMIL NADU,Salem,1.26373653278,KANDASAMYK,Private,Opencast,Non-Metallic,NGDR_MajorLease2022,centroid_from_NGDR_lease_polygon
38TMN28019,VARAVANAI,Limestone,mining,10.751014059692341,78.22125196705802,TAMIL NADU,Karur,3.35405923845,MURUGESANP,Private,Opencast,Non-Metallic,NGDR_MajorLease2022,centroid_from_NGDR_lease_polygon
38TMN23050,SOWDHAPURAAM,Limestone,mining,11.417311348615204,77.79214004176573,TAMIL NADU,Namakkal,1.83192171635,INDIANA MINERALS & ALIIED INDUSTRIES,Private,Opencast,Non-Metallic,NGDR_MajorLease2022,centroid_from_NGDR_lease_polygon
28TMN06001,KEERANUR,Graphite,mining,9.864234936551876,78.30382257252997,TAMIL NADU,Sivaganga,14.8734782496,THIRUNAVUKKARASUV,Private,Opencast,Non-Metallic,NGDR_MajorLease2022,centroid_from_NGDR_lease_polygon
28TMN32001,PUDUPATTY,Graphite,mining,9.887095177550448,78.45326559050734,TAMIL NADU,Sivaganga,0.678782351514,SAAK TRADING COMPANY,Private,Opencast,Non-Metallic,NGDR_MajorLease2022,centroid_from_NGDR_lease_polygon
38TMN23053,Dhandapani Cement (GONO.168),Limestone,mining,11.461122453366734,77.80359398898976,TAMIL NADU,Salem,7.56052248683,Nallannasamy. P,Private,Opencast,Non-Metallic,NGDR_MajorLease2022,centroid_from_NGDR_lease_polygon
38TMN23051,SRI LAKSHMI MINES AND MINERALS,Limestone,mining,11.12006634886109,78.15655568059215,TAMIL NADU,Namakkal,0.899097155509,LAKSHMI NATARAJAN,Private,Opencast,Non-Metallic,NGDR_MajorLease2022,centroid_from_NGDR_lease_polygon
38TMN11080,SRI AMMAN MINES,Limestone,mining,11.520072810778538,77.8675267511038,TAMIL NADU,Salem,3.8034533318,TAMARAISELVIS,Private,Opencast,Non-Metallic,NGDR_MajorLease2022,centroid_from_NGDR_lease_polygon
38TMN24010,PERALI (SOUTH) (MARUVATHUR),Limestone,mining,11.214641893844998,78.94991720987743,TAMIL NADU,Perambalur,3.65364846395,SARAVANANS,Private,Opencast,Non-Metallic,NGDR_MajorLease2022,centroid_from_NGDR_lease_polygon
38TMN33015,PANNIYA MALAI,Limestone,mining,10.247675770704333,78.28962939221901,TAMIL NADU,Dindigul,0.472499019487,SEKAR ENTERPRISES,Private,Opencast,Non-Metallic,NGDR_MajorLease2022,centroid_from_NGDR_lease_polygon
38TMN33016,ULLIYAKOTTAI,Limestone,mining,10.694704711037092,78.07659945411326,TAMIL NADU,Dindigul,86.5601534672,ROCK FIELD MINING CO,Private,Opencast,Non-Metallic,NGDR_MajorLease2022,centroid_from_NGDR_lease_polygon
38TMN28050,VARAVANAI,Limestone,mining,10.752181223269643,78.23129543013066,TAMIL NADU,Karur,1.40999588665,SUBBIAHN,Private,Opencast,Non-Metallic,NGDR_MajorLease2022,centroid_from_NGDR_lease_polygon
38TMN11081,SRI SIVASAKTHI MINERALS,Limestone,mining,11.482172829699959,77.78771931016018,TAMIL NADU,Salem,1.69394517772,NANJAPPANN,Private,Opencast,Non-Metallic,NGDR_MajorLease2022,centroid_from_NGDR_lease_polygon
38TMN11083,MORUR,Limestone,mining,11.446487831412744,77.85227686626425,TAMIL NADU,Salem,1.03763713289,SEKAR ENTERPRISES,Private,Opencast,Non-Metallic,NGDR_MajorLease2022,centroid_from_NGDR_lease_polygon
38TMN03001,SRI SHIIVAA MINES,Limestone,mining,12.286224608800266,78.45365619158294,TAMIL NADU,Krishnagiri,1.49892034975,RAJENDRANM,Private,Opencast,Non-Metallic,NGDR_MajorLease2022,centroid_from_NGDR_lease_polygon
38TMN14052,NEIKULAM,Limestone,mining,11.048584832924542,78.82771655374422,TAMIL NADU,Tiruchirappalli,1.43881541906,ARUN CHEMICALS,Private,Opencast,Non-Metallic,NGDR_MajorLease2022,centroid_from_NGDR_lease_polygon
"38TMN30025
","SUNDEEP MINERAL CORPORATION
",Limestone,mining,9.497399673817513,78.10366788614196,TAMIL NADU,Virudhunagar,1.43813581774,Natarajan. S (Sundeep Mineral Corporation),Private,Opencast,Non-Metallic,NGDR_MajorLease2022,centroid_from_NGDR_lease_polygon
38TMN24016,PERALI (SOUTH),Limestone,mining,11.202469393790633,78.95393871824821,TAMIL NADU,Perambalur,1.75997200801,OM SAKTHI GRANITES,Private,Opencast,Non-Metallic,NGDR_MajorLease2022,centroid_from_NGDR_lease_polygon
38TMN11079,SELVAMANI MINERALS       (GONO.117),Limestone,mining,11.484240351629916,77.7931236093962,TAMIL NADU,Salem,1.54951941789,CHELLAPPANP,Private,Opencast,Non-Metallic,NGDR_MajorLease2022,centroid_from_NGDR_lease_polygon
38TMN15028,THENMALAI,Limestone,mining,9.328983886423716,77.54062822727762,TAMIL NADU,Tirunelveli,0.642930158083,RENUGA CHEMICALS,Private,Opencast,Non-Metallic,NGDR_MajorLease2022,centroid_from_NGDR_lease_polygon
38TMN15104,SELLIANALLUR (GONO.70),Limestone,mining,8.89200526444191,77.70787861223374,TAMIL NADU,Tirunelveli,4.23875101238,THE INDIA CEMENTS LTD,Private,Opencast,Non-Metallic,NGDR_MajorLease2022,centroid_from_NGDR_lease_polygon
38TMN06018,"TKOKKULAM, S.P.NATHAM, & UTHAPPANAICKANUR",Limestone,mining,9.741484683340007,78.06192543494174,TAMIL NADU,Madurai,3.60355856668,BALAJI MINERALS,Private,Opencast,Non-Metallic,NGDR_MajorLease2022,centroid_from_NGDR_lease_polygon
38TMN24044,VARAGUPADI,Limestone,mining,11.156681513588483,78.90727065576462,TAMIL NADU,Perambalur,3.26781894815,PRABHU G  (DALMIA CEMENTS LIMITED),Private,Opencast,Non-Metallic,NGDR_MajorLease2022,centroid_from_NGDR_lease_polygon
38TMN33017,GLOBAL MINES & MINERALS,Limestone,mining,10.700776252059816,78.05553597638963,TAMIL NADU,Dindigul,1.94799556994,MURUGESANP,Private,Opencast,Non-Metallic,NGDR_MajorLease2022,centroid_from_NGDR_lease_polygon
38TMN33018,KARIKALI,Limestone,mining,10.705686936610899,78.08238754737994,TAMIL NADU,Dindigul,0.587923253048,MS.K.MINERALS,Private,Opencast,Non-Metallic,NGDR_MajorLease2022,centroid_from_NGDR_lease_polygon
07TMN11003,KOLLI HILLS (GONO.1583),Bauxite,mining,11.295886097477727,78.36506658238216,TAMIL NADU,Namakkal,129.864913159,MADRAS ALUMINIUM COLTD.,Private,Opencast,Metallic,NGDR_MajorLease2022,centroid_from_NGDR_lease_polygon
38TMN33019,SAKTHI MINES,Limestone,mining,10.768737643212383,78.0543688997295,TAMIL NADU,Dindigul,4.15347799514,SAKTHI MINES,Private,Opencast,Non-Metallic,NGDR_MajorLease2022,centroid_from_NGDR_lease_polygon
38TMN11065,MORUR,Limestone,mining,11.4456698933727,77.85375281828459,TAMIL NADU,Salem,2.68151254224,SEVEN HILLS MINING SYNDICATE,Private,Opencast,Non-Metallic,NGDR_MajorLease2022,centroid_from_NGDR_lease_polygon
38TMN15063,PANDAPULI (PROCNO.56),Limestone,mining,9.329490910441876,77.5496460470916,TAMIL NADU,Tirunelveli,2.31035365877,MURALI ENTERPRISES,Private,Opencast,Non-Metallic,NGDR_MajorLease2022,centroid_from_NGDR_lease_polygon
38TMN28014,SRI GANESH MINING WORKS,Limestone,mining,10.789287320076673,78.04994268105104,TAMIL NADU,Karur,4.46858011503,SRI GANESH MINING WORKS,Private,Opencast,Non-Metallic,NGDR_MajorLease2022,centroid_from_NGDR_lease_polygon
39TMN11014,UNIVERSAL MINING CORPNLTD.,Magnesite,mining,11.723570461346926,78.16511834993082,TAMIL NADU,Salem,2.74567105833,RAJKUMARG,Private,Opencast,Non-Metallic,NGDR_MajorLease2022,centroid_from_NGDR_lease_polygon
38TMN28025,MELAPAGUTHI,Limestone,mining,10.747147092117595,78.18675329019568,TAMIL NADU,Karur,2.10994316157,DHANAPAL E,Private,Opencast,Non-Metallic,NGDR_MajorLease2022,centroid_from_NGDR_lease_polygon
38TMN11087,MAX MINING SYNDICATE  (GONO.62),Limestone,mining,11.449917254481434,77.98768214057087,TAMIL NADU,Namakkal,0.635239467198,SARASWATHM,Private,Opencast,Non-Metallic,NGDR_MajorLease2022,centroid_from_NGDR_lease_polygon
38TMN14062,MELARASUR,Limestone,mining,11.001752546829822,78.94399945610871,TAMIL NADU,Tiruchirappalli,2.70630197659,PARKKAVAN PACHAMUTHUDR,Private,Opencast,Non-Metallic,NGDR_MajorLease2022,centroid_from_NGDR_lease_polygon
38TMN31008,SIVALARPATTI (GO - 513) (LOVELY CHEMICALS),Limestone,mining,9.317346135252498,78.15114601521157,TAMIL NADU,Thoothukkudi,7.56257178525,MADRAS CEMENTS LTD,Private,Opencast,Non-Metallic,NGDR_MajorLease2022,centroid_from_NGDR_lease_polygon
38TMN15042,SELLIANALLUR       (GONO.876),Limestone,mining,8.88691406418042,77.70917553686671,TAMIL NADU,Tirunelveli,4.77979432397,THE INDIA CEMENTS LTD,Private,Opencast,Non-Metallic,NGDR_MajorLease2022,centroid_from_NGDR_lease_polygon
38TMN15086,SELLIANALLUR                (GONO.422),Limestone,mining,8.88591842120003,77.70908009574588,TAMIL NADU,Tirunelveli,3.54928115367,THE INDIA CEMENTS LTD,Private,Opencast,Non-Metallic,NGDR_MajorLease2022,centroid_from_NGDR_lease_polygon
38TMN15112,PANDAPULI        (GONO.107),Limestone,mining,9.324648172445,77.54884454931,TAMIL NADU,Tirunelveli,7.67991726833,TANCEM,SPSU,Opencast,Non-Metallic,NGDR_MajorLease2022,centroid_from_NGDR_lease_polygon
38TMN30012,KANJAMPATTI                     (PRNO.4113),Limestone,mining,9.20356810482365,77.91970494009408,TAMIL NADU,Virudhunagar,4.44498423816,PALANI MURUGEANS.K,Private,Opencast,Non-Metallic,NGDR_MajorLease2022,centroid_from_NGDR_lease_polygon
38TMN24045,PERIYATHIRUKONAM,Limestone,mining,11.06504960424303,79.15888015882598,TAMIL NADU,Ariyalur,4.60188572733,SHANMUGAMC.R,Private,Opencast,Non-Metallic,NGDR_MajorLease2022,centroid_from_NGDR_lease_polygon
38TMN24046,UNJINI,Limestone,mining,11.227218193103045,79.19202249615306,TAMIL NADU,Ariyalur,21.4621760677,CHETTINAD CEMENTS CORPN LTD,Private,Opencast,Non-Metallic,NGDR_MajorLease2022,centroid_from_NGDR_lease_polygon
38TMN33028,ESWAR MINERALS AND CHEMICALS,Limestone,mining,10.746747462329733,78.06232897198294,TAMIL NADU,Dindigul,2.1884710396,SELVAMN.K.M,Private,Opencast,Non-Metallic,NGDR_MajorLease2022,centroid_from_NGDR_lease_polygon
38TMN30041,PANNAIMOONDRADAIPPU   (RCNO.905),Limestone,mining,9.572583298296136,78.12590838749774,TAMIL NADU,Virudhunagar,1.35825477511,PALANISAMYR,Private,Opencast,Non-Metallic,NGDR_MajorLease2022,centroid_from_NGDR_lease_polygon
38TMN11027,VEERACHIPALAYAM     (PRNO.7947),Limestone,mining,11.472399621928991,77.78876673007098,TAMIL NADU,Salem,7.83848890386,THE INDIA CEMENTS LTD,Private,Opencast,Non-Metallic,NGDR_MajorLease2022,centroid_from_NGDR_lease_polygon
38TMN11019,PALLAKAPALAYAM        (GONO.75),Limestone,mining,11.466847620370409,77.78467016269845,TAMIL NADU,Namakkal,11.5464750277,THE INDIA CEMENTS LTD,Private,Opencast,Non-Metallic,NGDR_MajorLease2022,centroid_from_NGDR_lease_polygon
38TMN32001,THUVARANGULAM,Limestone,mining,9.871870445297326,78.28566400015983,TAMIL NADU,Madurai,2.64696616719,PAKALA SURYANARAYANA RAO,Private,Opencast,Non-Metallic,NGDR_MajorLease2022,centroid_from_NGDR_lease_polygon
"38TMN33011
","PALAYAM
",Limestone,mining,10.723191442218749,78.12675507066335,TAMIL NADU,Dindigul,2.71506762311,Surya Industrial Minerals,Private,Opencast,Non-Metallic,NGDR_MajorLease2022,centroid_from_NGDR_lease_polygon
38TMN33027,MAJOR MINES AND MINERALS CORP,Limestone,mining,10.761300168266091,78.05836866495743,TAMIL NADU,Dindigul,2.57579660435,GANESAMOORTHYC,Private,Opencast,Non-Metallic,NGDR_MajorLease2022,centroid_from_NGDR_lease_polygon
38TMN38039,ARUNGAL,Limestone,mining,11.017203021589262,79.09022439720403,TAMIL NADU,Ariyalur,67.2812574543,CHETTINAD CEMENTS CORPN LTD,Private,Opencast,Non-Metallic,NGDR_MajorLease2022,centroid_from_NGDR_lease_polygon
38TMN21003,SATHANKULAM,Limestone,mining,8.434536660378365,77.93253252829918,TAMIL NADU,Thoothukkudi,4.98230475212,THE INDIA CEMENTS LTD,Private,Opencast,Non-Metallic,NGDR_MajorLease2022,centroid_from_NGDR_lease_polygon
28TMN06002,KEERANUR,Graphite,mining,9.862726089229737,78.29874987784676,TAMIL NADU,Sivaganga,5.1842418049,PANDIYAN GRAPHITES INDIA LTD,Private,Opencast,Non-Metallic,NGDR_MajorLease2022,centroid_from_NGDR_lease_polygon
38TMN06025,SUNDEEP MINERAL CORPORATION,Limestone,mining,9.72812047907438,78.06421703252718,TAMIL NADU,Madurai,5.03228712042,NATARAJANS,Private,Opencast,Non-Metallic,NGDR_MajorLease2022,centroid_from_NGDR_lease_polygon
38TMN15077,SRI GANAPATHY MINES,Limestone,mining,8.789466471966751,77.65341341128443,TAMIL NADU,Tirunelveli,4.46286864289,GANESA RAJAN,Private,Opencast,Non-Metallic,NGDR_MajorLease2022,centroid_from_NGDR_lease_polygon
38TMN11037,DEVANAGOUNDANUR,Limestone,mining,11.502912089748426,77.85474549429325,TAMIL NADU,Salem,4.59511571014,BALAJI MINERALS & ALLIED INDUSTRIES,Private,Opencast,Non-Metallic,NGDR_MajorLease2022,centroid_from_NGDR_lease_polygon
38TMN11038,BHUVANESWARA MINES,Limestone,mining,11.461334781478925,77.91121989898849,TAMIL NADU,Salem,1.49260559579,VENKATACHALAM P.S,Private,Opencast,Non-Metallic,NGDR_MajorLease2022,centroid_from_NGDR_lease_polygon
38TMN28015,SRI KRISHNA MINING WORKS,Limestone,mining,10.787339181283487,78.0505005340322,TAMIL NADU,Karur,3.86287607173,SRI KRISHNA MINING WORKS,Private,Opencast,Non-Metallic,NGDR_MajorLease2022,centroid_from_NGDR_lease_polygon
38TMN15049,PERUMALPATTI,Limestone,mining,9.371140894411306,77.54909735939081,TAMIL NADU,Virudhunagar,0.970370837529,VIJESH CHEMICALS,Private,Opencast,Non-Metallic,NGDR_MajorLease2022,centroid_from_NGDR_lease_polygon
38TMN28016,THENNILAI,Limestone,mining,8.86081283153788,77.71761939346905,TAMIL NADU,Tirunelveli,2.50130163702,RAJVIGNESH MINES & MINERALS,Private,Opencast,Non-Metallic,NGDR_MajorLease2022,centroid_from_NGDR_lease_polygon
38TMN11072,VEERACHIPALAYAM,Limestone,mining,11.461459491808343,77.79961325542696,TAMIL NADU,Salem,0.685087754074,AMUDHA MINES & MINERALS,Private,Opencast,Non-Metallic,NGDR_MajorLease2022,centroid_from_NGDR_lease_polygon
38TMN11093,ANNADHANAPATTI,Limestone,mining,11.47308114786468,77.90774627277727,TAMIL NADU,Salem,1.36811892377,KADARVALI MINERALS,Private,Opencast,Non-Metallic,NGDR_MajorLease2022,centroid_from_NGDR_lease_polygon
38TMN06032,SUNDEEP MINERAL CORPORATION,Limestone,mining,9.728037923031524,78.0659891747649,TAMIL NADU,Madurai,5.41446952318,NATARAJANS,Private,Opencast,Non-Metallic,NGDR_MajorLease2022,centroid_from_NGDR_lease_polygon
38TMN11094,SELVAMANI MINERALS  (GONO.120),Limestone,mining,11.480233853091164,77.7914961847846,TAMIL NADU,Salem,1.19331159453,CHELLAPPANP,Private,Opencast,Non-Metallic,NGDR_MajorLease2022,centroid_from_NGDR_lease_polygon
38TMN06013,UTHAPPANAICKANUR,Limestone,mining,10.022270950418822,77.78720153359365,TAMIL NADU,Madurai,5.21994522807,KARUPPASAMY KR,Private,Opencast,Non-Metallic,NGDR_MajorLease2022,centroid_from_NGDR_lease_polygon
38TMN03002,PADAVANUR,Limestone,mining,12.28674730464972,78.45240020894359,TAMIL NADU,Krishnagiri,1.31122699875,SANTHI MINES,Private,Opencast,Non-Metallic,NGDR_MajorLease2022,centroid_from_NGDR_lease_polygon
38TMN06007,SIRUGUDI (GONO.83),Limestone,mining,10.242440516432877,78.29590936063327,TAMIL NADU,Dindigul,1.8147748582,SIVAM MINES (Formerly : ASAI ALANGARAM),Private,Opencast,Non-Metallic,NGDR_MajorLease2022,centroid_from_NGDR_lease_polygon
38TMN15069,SRI VINAYAGA MINES,Limestone,mining,8.724233581344292,77.4077795859539,TAMIL NADU,Tirunelveli,2.24404370313,SUNDARAM B,Private,Opencast,Non-Metallic,NGDR_MajorLease2022,centroid_from_NGDR_lease_polygon
38TMN15074,PUDUR    (GONO.11323),Limestone,mining,8.843028516980285,77.58980737806198,TAMIL NADU,Tirunelveli,4.49930756659,THE SOUTH INDIA MINES & MINERALS INDUSTRIES LTD,Private,Opencast,Non-Metallic,NGDR_MajorLease2022,centroid_from_NGDR_lease_polygon
38TMN02004,WALAYAR,Limestone,mining,10.879506813121715,76.84632363611323,TAMIL NADU,Coimbatore,67.361827531,ASSOCIATED CEMENT COLTD.,Private,Opencast,Non-Metallic,NGDR_MajorLease2022,centroid_from_NGDR_lease_polygon
38TMN06027,VANI CHEMICALS,Limestone,mining,9.72871655310234,78.0266920091891,TAMIL NADU,Madurai,4.61005182579,MURUGARAJA,Private,Opencast,Non-Metallic,NGDR_MajorLease2022,centroid_from_NGDR_lease_polygon
38TMN06028,THIRUMAL,Limestone,mining,9.717423608300225,78.05696249621498,TAMIL NADU,Madurai,1.63844750665,SHREE MEENATCHI MINES,Private,Opencast,Non-Metallic,NGDR_MajorLease2022,centroid_from_NGDR_lease_polygon
38TMN11092,SWAMY MINES,Limestone,mining,11.503937183198188,77.89335105173357,TAMIL NADU,Salem,1.03216246493,SATHIYAS,Private,Opencast,Non-Metallic,NGDR_MajorLease2022,centroid_from_NGDR_lease_polygon
38TMN11044,DHANALAKSHMI MINES,Limestone,mining,11.48327307764113,77.81552183972387,TAMIL NADU,Salem,0.674222806724,PALANISAMY,Private,Opencast,Non-Metallic,NGDR_MajorLease2022,centroid_from_NGDR_lease_polygon
38TMN11077,KALAIMAGAL MINERAL CORPORATION        (GONO.145),Limestone,mining,11.480169159198354,77.81750881310757,TAMIL NADU,Salem,0.919174181404,SEKARANK,Private,Opencast,Non-Metallic,NGDR_MajorLease2022,centroid_from_NGDR_lease_polygon
38TMN11056,DEVANNAGOUNDANUR,Limestone,mining,11.501905446729545,77.83675855774663,TAMIL NADU,Salem,2.74435940315,NATESAN MINES,Private,Opencast,Non-Metallic,NGDR_MajorLease2022,centroid_from_NGDR_lease_polygon
38TMN06020,THUMBAKULAM,Limestone,mining,9.728565936790558,78.0337339313144,TAMIL NADU,Madurai,1.58932524151,NAGARAJANP,Private,Opencast,Non-Metallic,NGDR_MajorLease2022,centroid_from_NGDR_lease_polygon
38TMN11005,SREE KRISHNA MINES & CHEMICALS,Limestone,mining,11.502636785819579,77.83112600195655,TAMIL NADU,Salem,8.13569959942,SELLADURAIS,Private,Opencast,Non-Metallic,NGDR_MajorLease2022,centroid_from_NGDR_lease_polygon
38TMN11040,MORUR,Limestone,mining,11.4471028280625,77.85752271598945,TAMIL NADU,Salem,7.65338892364,INDIANA MINERALS & ALIIED INDUSTRIES,Private,Opencast,Non-Metallic,NGDR_MajorLease2022,centroid_from_NGDR_lease_polygon
38TMN11042,INDIA MINES AND MINERALS,Limestone,mining,11.400935808098703,77.86852418603208,TAMIL NADU,Namakkal,0.13856768802,RAJAV.R.,Private,Opencast,Non-Metallic,NGDR_MajorLease2022,centroid_from_NGDR_lease_polygon
38TMN15075,MOOVIRUNTHALI,Limestone,mining,8.995165947597718,77.68471478534008,TAMIL NADU,Tirunelveli,3.20173960657,20 MICRONS LTD,Private,Opencast,Non-Metallic,NGDR_MajorLease2022,centroid_from_NGDR_lease_polygon
38TMN11098,CHINNAGOUNDANUR,Limestone,mining,11.494524980649533,77.79484303461065,TAMIL NADU,Salem,2.37128148667,KANDASAMYS,Private,Opencast,Non-Metallic,NGDR_MajorLease2022,centroid_from_NGDR_lease_polygon
38TMN11099,IVELI,Limestone,mining,11.503211407093602,77.8940478280448,TAMIL NADU,Salem,1.77192177141,SWATHI MINES & MINERALS,Private,Opencast,Non-Metallic,NGDR_MajorLease2022,centroid_from_NGDR_lease_polygon
38TMN11082,KASTHURIPATTI,Limestone,mining,11.469151091143061,77.89747243922758,TAMIL NADU,Salem,1.41626853132,SRI MALLIGA MINERALS,Private,Opencast,Non-Metallic,NGDR_MajorLease2022,centroid_from_NGDR_lease_polygon
38TMN11084,SOUNDARAJAN MINES AND MINERALS,Limestone,mining,11.476589726292541,77.81946136241407,TAMIL NADU,Salem,0.516219603443,PALANISAMYR,Private,Opencast,Non-Metallic,NGDR_MajorLease2022,centroid_from_NGDR_lease_polygon
38TMN11086,ANNAMAR MINERALS,Limestone,mining,11.508862963427019,77.82413723728642,TAMIL NADU,Salem,0.647522499289,RAJKUMARK,Private,Opencast,Non-Metallic,NGDR_MajorLease2022,centroid_from_NGDR_lease_polygon
38TMN11102,VEERACHIPALAYAM,Limestone,mining,11.468269371243974,77.7986653910822,TAMIL NADU,Salem,1.25462468194,PATHI & CO,Private,Opencast,Non-Metallic,NGDR_MajorLease2022,centroid_from_NGDR_lease_polygon
"38TMN11105
","SRI VINAYAGA MINES & MINERALS
",Limestone,mining,11.482248946151888,77.78279828399559,TAMIL NADU,Salem,2.5909177571,Sree Saravanan.R,Private,Opencast,Non-Metallic,NGDR_MajorLease2022,centroid_from_NGDR_lease_polygon
38TMN11106,SRI SARAVANA MINES AND MINERALS,Limestone,mining,11.514904018099838,77.8740776470507,TAMIL NADU,Salem,1.31654151905,VENKATACHALAMC,Private,Opencast,Non-Metallic,NGDR_MajorLease2022,centroid_from_NGDR_lease_polygon
38TMN14056,REDDIMANGUDI,Limestone,mining,10.983266276501244,78.81774917017144,TAMIL NADU,Tiruchirappalli,1.76256513734,SARAVANANS,Private,Opencast,Non-Metallic,NGDR_MajorLease2022,centroid_from_NGDR_lease_polygon
38TMN15076,THENKULAM,Limestone,mining,8.803664935587829,77.69465467519264,TAMIL NADU,Tirunelveli,1.44574863951,MAGALINGAMP,Private,Opencast,Non-Metallic,NGDR_MajorLease2022,centroid_from_NGDR_lease_polygon
38TMN11109,ALATHUR,Limestone,mining,11.481575769723712,77.79114646705364,TAMIL NADU,Salem,6.69918826149,TAN INDIA LTD,Private,Opencast,Non-Metallic,NGDR_MajorLease2022,centroid_from_NGDR_lease_polygon
38TMN11118,KONGU MINERALS,Limestone,mining,11.500074738681326,77.83510210701932,TAMIL NADU,Salem,0.755884459611,THANGAVEL N.C.,Private,Opencast,Non-Metallic,NGDR_MajorLease2022,centroid_from_NGDR_lease_polygon
38TMN28052,DEVARMALAI,Limestone,mining,10.743463816272676,78.1705521186065,TAMIL NADU,Karur,3.55778094116,RAMKUMARM,Private,Opencast,Non-Metallic,NGDR_MajorLease2022,centroid_from_NGDR_lease_polygon
38TMN14071,THIRUPPATTUR,Limestone,mining,11.028145253514072,78.7599233582822,TAMIL NADU,Tiruchirappalli,4.54948177665,JAYASREEC,Private,Opencast,Non-Metallic,NGDR_MajorLease2022,centroid_from_NGDR_lease_polygon
38TMN14074,KALLAKUDI & KOVANDAKURICHI (GO.NO.1158),Limestone,mining,10.96915828605266,78.93795647580524,TAMIL NADU,Tiruchirappalli,13.4504771709,DALMIA CEMENTS (BHARAT) LTD,Private,Opencast,Non-Metallic,NGDR_MajorLease2022,centroid_from_NGDR_lease_polygon
38TMN14046,PUDUPALAYAM  (GONO.5),Limestone,mining,11.089308063598942,79.15060237832691,TAMIL NADU,Ariyalur,4.76760048148,MADRAS CEMENTS LTD,Private,Opencast,Non-Metallic,NGDR_MajorLease2022,centroid_from_NGDR_lease_polygon
38TMN14051,VARAGUPADI,Limestone,mining,11.143533073436034,78.89474787447284,TAMIL NADU,Perambalur,4.47849516933,SRI RAM CHEMICALS,Private,Opencast,Non-Metallic,NGDR_MajorLease2022,centroid_from_NGDR_lease_polygon
38TMN15067,ELANGULAM,Limestone,mining,8.42533820957717,77.72455536271092,TAMIL NADU,Tirunelveli,0.823506454554,ABCOY,Private,Opencast,Non-Metallic,NGDR_MajorLease2022,centroid_from_NGDR_lease_polygon
38TMN14042,VEL INDUSTRIES,Limestone,mining,10.95200453880483,78.91559376714788,TAMIL NADU,Tiruchirappalli,3.06224441286,SUBRAMANIANS,Private,Opencast,Non-Metallic,NGDR_MajorLease2022,centroid_from_NGDR_lease_polygon
38TMN14058,MATHUR,Limestone,mining,10.719070340009894,78.58241544044094,TAMIL NADU,Tiruchirappalli,3.39784562596,PERUMALR,Private,Opencast,Non-Metallic,NGDR_MajorLease2022,centroid_from_NGDR_lease_polygon
38TMN14059,SANAMANGALAM,Limestone,mining,11.025056074239838,78.77667088910623,TAMIL NADU,Tiruchirappalli,3.39210018831,SATHAMMAIS,Private,Opencast,Non-Metallic,NGDR_MajorLease2022,centroid_from_NGDR_lease_polygon
38TMN28037,DEVARMALAI,Limestone,mining,10.733133438411496,78.15459610584355,TAMIL NADU,Dindigul,2.06529070157,SRI AMARA ORES,Private,Opencast,Non-Metallic,NGDR_MajorLease2022,centroid_from_NGDR_lease_polygon
38TMN14061,NEIKULAM,Limestone,mining,11.05347141821748,78.85040182184575,TAMIL NADU,Tiruchirappalli,2.44367379163,RAJENDRAND,Private,Opencast,Non-Metallic,NGDR_MajorLease2022,centroid_from_NGDR_lease_polygon
38TMN14063,ARASUR MINES,Limestone,mining,11.015551819366141,78.95787045400886,TAMIL NADU,Tiruchirappalli,1.10908863541,SUNDARAJANT,Private,Opencast,Non-Metallic,NGDR_MajorLease2022,centroid_from_NGDR_lease_polygon
38TMN15097,PANDAPULI,Limestone,mining,9.496655532553046,77.57721444365284,TAMIL NADU,Virudhunagar,65.7918771025,BRIGHT CHEMICALS,Private,Opencast,Non-Metallic,NGDR_MajorLease2022,centroid_from_NGDR_lease_polygon
38TMN14053,SANAMANGALAM,Limestone,mining,11.026589834912652,78.77743346231824,TAMIL NADU,Tiruchirappalli,0.799600260722,AHMED MINES & MINERALS,Private,Opencast,Non-Metallic,NGDR_MajorLease2022,centroid_from_NGDR_lease_polygon
38TMN14075,SANAMANGALAM,Limestone,mining,11.062407874870678,78.7864804620415,TAMIL NADU,Tiruchirappalli,0.166436976748,JK. MINES & MINERALS,Private,Opencast,Non-Metallic,NGDR_MajorLease2022,centroid_from_NGDR_lease_polygon
38TMN15012,PALLIKOTTAI  (GONO.591),Limestone,mining,8.880472295927007,77.71257649333471,TAMIL NADU,Tirunelveli,19.7945685608,THE SOUTH INDIA MINES & MINERALS INDUSTRIES LTD,Private,Opencast,Non-Metallic,NGDR_MajorLease2022,centroid_from_NGDR_lease_polygon
38TMN15002,KRISHNA MINES  (GONO.8480),Limestone,mining,8.797016652998488,77.67314268831065,TAMIL NADU,Tirunelveli,31.0426348151,SHANKAR K & OTHERS,Private,Opencast,Non-Metallic,NGDR_MajorLease2022,centroid_from_NGDR_lease_polygon
38TMN15044,PALLIKOTTAI,Limestone,mining,8.87763045142646,77.71186138356335,TAMIL NADU,Tirunelveli,6.06109944045,SANKAR CHEMICAL LIME PRODUCTS,Private,Opencast,Non-Metallic,NGDR_MajorLease2022,centroid_from_NGDR_lease_polygon
38TMN23027,SOUNDARAJAN MINES AND MINERALS,Limestone,mining,11.423197574769851,77.79274976991582,TAMIL NADU,Namakkal,0.61191154254,PALANISAMYR,Private,Opencast,Non-Metallic,NGDR_MajorLease2022,centroid_from_NGDR_lease_polygon
38TMN15004,THENMALAI LST MINE  (GONO.77),Limestone,mining,9.32706113161829,77.54103255794963,TAMIL NADU,Tirunelveli,2.71903326859,JANATHACEM INDUSTRIES LTD(FORMERLY LIMENAPH CHEMICALS),Private,Opencast,Non-Metallic,NGDR_MajorLease2022,centroid_from_NGDR_lease_polygon
38TMN15025,GANGAIKONDAN  (GONO.474),Limestone,mining,8.828457059732116,77.73145207543314,TAMIL NADU,Tirunelveli,15.6635791067,THE INDIA CEMENTS LTD,Private,Opencast,Non-Metallic,NGDR_MajorLease2022,centroid_from_NGDR_lease_polygon
38TMN15026,THALAIYUTHU   (GONO.546),Limestone,mining,8.805325616641422,77.72597529176957,TAMIL NADU,Tirunelveli,2.606241862,THE INDIA CEMENTS LTD,Private,Opencast,Non-Metallic,NGDR_MajorLease2022,centroid_from_NGDR_lease_polygon
38TMN15064,SVK CEM MANUFACTURERS,Limestone,mining,8.73106277063835,77.39490080353377,TAMIL NADU,Tirunelveli,4.64643346174,PRADEEP KUMARS.B,Private,Opencast,Non-Metallic,NGDR_MajorLease2022,centroid_from_NGDR_lease_polygon
38TMN15029,VADAKKU  VALLIYOOR   (GONO.72),Limestone,mining,8.409164993046252,77.60164902082659,TAMIL NADU,Tirunelveli,35.27326389,THE INDIA CEMENTS LTD,Private,Opencast,Non-Metallic,NGDR_MajorLease2022,centroid_from_NGDR_lease_polygon
38TMN15057,PANDAPULI,Limestone,mining,9.328758731068095,77.54891262227476,TAMIL NADU,Tirunelveli,0.0575494841192,SUN INDUSTRIES,Private,Opencast,Non-Metallic,NGDR_MajorLease2022,centroid_from_NGDR_lease_polygon
38TMN23017,MINERAL ENTERPRISES (GONO.167),Limestone,mining,11.447974498212453,77.80493784220411,TAMIL NADU,Namakkal,0.688319335538,NALLANNASAMYP,Private,Opencast,Non-Metallic,NGDR_MajorLease2022,centroid_from_NGDR_lease_polygon
"38TMN15083
",ABISHEKAPATTY,Limestone,mining,8.786616839697485,77.6549715087805,TAMIL NADU,Tirunelveli,2.01203380342,Mari Sankar Industries,Private,Opencast,Non-Metallic,NGDR_MajorLease2022,centroid_from_NGDR_lease_polygon
38TMN15084,PANDAPULI (GONO.85),Limestone,mining,9.329172125193416,77.55067367381082,TAMIL NADU,Tirunelveli,3.43530943581,MURALI ENTERPRISES,Private,Opencast,Non-Metallic,NGDR_MajorLease2022,centroid_from_NGDR_lease_polygon
38TMN15089,VIKRAMASINGAPURAM,Limestone,mining,8.721066871420495,77.41310761521584,TAMIL NADU,Tirunelveli,3.65447278964,ANNALAKSHMI,Private,Opencast,Non-Metallic,NGDR_MajorLease2022,centroid_from_NGDR_lease_polygon
38TMN23013,SVALAVANDHI,Limestone,mining,11.108402283158439,78.08531552896947,TAMIL NADU,Namakkal,2.90142434262,SRI BALAJI MINING CO,Private,Opencast,Non-Metallic,NGDR_MajorLease2022,centroid_from_NGDR_lease_polygon
38TMN15090,VENKATRENGAPURAM,Limestone,mining,8.592296317619512,77.60684025525167,TAMIL NADU,Tirunelveli,3.59118927012,SUDHAKAR RATHINAMT.R,Private,Opencast,Non-Metallic,NGDR_MajorLease2022,centroid_from_NGDR_lease_polygon
38TMN15092,THENMALAI LST MINE (GONO.78),Limestone,mining,9.328921102700344,77.54126825015096,TAMIL NADU,Tirunelveli,2.02242422484,JANATHACEM INDUSTRIES LTD(FORMERLY LIMENAPH CHEMICALS),Private,Opencast,Non-Metallic,NGDR_MajorLease2022,centroid_from_NGDR_lease_polygon
38TMN15094,THENMALAI LST MINE (GONO.171),Limestone,mining,9.328918742635128,77.54091255966897,TAMIL NADU,Tirunelveli,1.21337083163,JANATHACEM INDUSTRIES LTD(FORMERLY LIMENAPH CHEMICALS),Private,Opencast,Non-Metallic,NGDR_MajorLease2022,centroid_from_NGDR_lease_polygon
38TMN23015,SOWDHAPURAAM,Limestone,mining,11.427085290606032,77.7916058681922,TAMIL NADU,Namakkal,7.06252309192,INDIANA MINERALS & ALIIED INDUSTRIES,Private,Opencast,Non-Metallic,NGDR_MajorLease2022,centroid_from_NGDR_lease_polygon
38TMN15096,PANDAPULI,Limestone,mining,9.328193706308127,77.55022165422272,TAMIL NADU,Tirunelveli,0.500169402958,DESINGU RAJA K.R,Private,Opencast,Non-Metallic,NGDR_MajorLease2022,centroid_from_NGDR_lease_polygon
38TMN15098,PILLAIYARNATHAM,Limestone,mining,9.183004842928648,77.77339444743049,TAMIL NADU,Tirunelveli,2.69022042243,RAJESHWARIP,Private,Opencast,Non-Metallic,NGDR_MajorLease2022,centroid_from_NGDR_lease_polygon
38TMN15103,SIVALARKULAM,Limestone,mining,8.874108427871903,77.56197787774408,TAMIL NADU,Tirunelveli,0.82750810666,SOUTHERN BASIC CHEMICALS,Private,Opencast,Non-Metallic,NGDR_MajorLease2022,centroid_from_NGDR_lease_polygon
38TMN24012,VARAGUPADI,Limestone,mining,11.15735459282412,78.90636994675283,TAMIL NADU,Perambalur,0.950957326986,VIJAY CEMENTS,Private,Opencast,Non-Metallic,NGDR_MajorLease2022,centroid_from_NGDR_lease_polygon
38TMN15100,KANNANALLUR,Limestone,mining,8.365007343092886,77.69098955121486,TAMIL NADU,Tirunelveli,4.23621047843,JOE PEREZ T,Private,Opencast,Non-Metallic,NGDR_MajorLease2022,centroid_from_NGDR_lease_polygon
38TMN15102,PARUVAKUDI,Limestone,mining,9.317140673313252,77.52913622280761,TAMIL NADU,Tirunelveli,13.0876914732,RAMCHAND ORGANICS,Private,Opencast,Non-Metallic,NGDR_MajorLease2022,centroid_from_NGDR_lease_polygon
38TMN24032,OLAIPADI (WEST),Limestone,mining,11.313936056070181,79.0777262546698,TAMIL NADU,Perambalur,7.11425924328,MANIMOZHIC,Private,Opencast,Non-Metallic,NGDR_MajorLease2022,centroid_from_NGDR_lease_polygon
38TMN23020,PUDUPULIYAMPATTI,Limestone,mining,11.324618673766675,77.93246993035753,TAMIL NADU,Namakkal,0.898544814679,SADASIVAMR,Private,Opencast,Non-Metallic,NGDR_MajorLease2022,centroid_from_NGDR_lease_polygon
38TMN19004,KURUNTHAMADAM,Limestone,mining,9.439152790504922,78.0381111613252,TAMIL NADU,Virudhunagar,3.95424561898,KESAVA CALAX CHEMICALS,Private,Opencast,Non-Metallic,NGDR_MajorLease2022,centroid_from_NGDR_lease_polygon
38TMN21004,ARASOOR,Limestone,mining,8.34442453492311,77.86219263633801,TAMIL NADU,Thoothukkudi,6.84621771052,THE INDIA CEMENTS LTD,Private,Opencast,Non-Metallic,NGDR_MajorLease2022,centroid_from_NGDR_lease_polygon
38TMN23006,SIVASAKTHI ENTERPRISES  (GONO.8),Limestone,mining,11.332975848410344,77.93943838581826,TAMIL NADU,Namakkal,3.95591818639,KANDASAMY SP,Private,Opencast,Non-Metallic,NGDR_MajorLease2022,centroid_from_NGDR_lease_polygon
38TMN23007,SIVASAKTHI ENTERPRISES  (GONO.9),Limestone,mining,11.329022027261455,77.93337996752695,TAMIL NADU,Namakkal,2.60142379619,KANDASAMY SP,Private,Opencast,Non-Metallic,NGDR_MajorLease2022,centroid_from_NGDR_lease_polygon
38TMN23009,THANGAM MINES,Limestone,mining,11.42680214121166,77.92521580390098,TAMIL NADU,Namakkal,1.56833058227,THIRAVIYAMK,Private,Opencast,Non-Metallic,NGDR_MajorLease2022,centroid_from_NGDR_lease_polygon
38TMN24004,VARAGUPADI,Limestone,mining,11.153095760737852,78.90918976748894,TAMIL NADU,Perambalur,4.68175738981,MADRAS CEMENTS LTD,Private,Opencast,Non-Metallic,NGDR_MajorLease2022,centroid_from_NGDR_lease_polygon
38TMN23018,PALLAKKAPALAYAM,Limestone,mining,11.473900217615887,77.78387025375818,TAMIL NADU,Namakkal,1.58843878324,KARTHICK MINES & MINERALS,Private,Opencast,Non-Metallic,NGDR_MajorLease2022,centroid_from_NGDR_lease_polygon
38TMN24002,AMINABAD & KAIRALABAD   (GONO.2),Limestone,mining,11.138398860300164,79.1229149212831,TAMIL NADU,Ariyalur,67.9775319777,DALMIA CEMENTS (BHARAT) LTD,Private,Opencast,Non-Metallic,NGDR_MajorLease2022,centroid_from_NGDR_lease_polygon
38TMN24009,VALAJANAGARAM,Limestone,mining,11.110225878893631,79.12540766483038,TAMIL NADU,Ariyalur,8.48308338379,VENKATESWARA CEMENTS LTD,Private,Opencast,Non-Metallic,NGDR_MajorLease2022,centroid_from_NGDR_lease_polygon
38TMN33020,PALAYAM    (RCNO.12575),Limestone,mining,10.738812854460333,78.1244781663135,TAMIL NADU,Dindigul,3.85813364381,DV MINERALS,Private,Opencast,Non-Metallic,NGDR_MajorLease2022,centroid_from_NGDR_lease_polygon
38TMN24018,PERALI (SOUTH),Limestone,mining,11.211857695730385,78.9606015331647,TAMIL NADU,Perambalur,2.00556309713,SATHAMMAIS,Private,Opencast,Non-Metallic,NGDR_MajorLease2022,centroid_from_NGDR_lease_polygon
38TMN24023,OLAIPADI (WEST)  PRNO.5772,Limestone,mining,11.31187851766993,79.0728109935018,TAMIL NADU,Perambalur,0.873602177475,"ADANAKURICHI, ALATHIYUR (GONO.16)",Private,Opencast,Non-Metallic,NGDR_MajorLease2022,centroid_from_NGDR_lease_polygon
38TMN24024,VAYALAPADI,Limestone,mining,11.334325947963725,79.10126789422537,TAMIL NADU,Perambalur,0.77970569953,HUMAN POWER & SOCIAL DEVELOPMENT SOCIETY,Private,Opencast,Non-Metallic,NGDR_MajorLease2022,centroid_from_NGDR_lease_polygon
38TMN24026,OLAIPADI (WEST),Limestone,mining,11.315970309690247,79.07912773632373,TAMIL NADU,Perambalur,2.03737305282,SHANMUGAMC.R,Private,Opencast,Non-Metallic,NGDR_MajorLease2022,centroid_from_NGDR_lease_polygon
38TMN24027,OLAIPADI (WEST),Limestone,mining,11.313325998509612,79.07437291714754,TAMIL NADU,Perambalur,1.21453373855,SARAVANA MINES AND MINERALS,Private,Opencast,Non-Metallic,NGDR_MajorLease2022,centroid_from_NGDR_lease_polygon
38TMN24028,OLAIPADI (WEST),Limestone,mining,11.311571535562898,79.07029591745028,TAMIL NADU,Perambalur,1.97980589323,ARUNKUMARA,Private,Opencast,Non-Metallic,NGDR_MajorLease2022,centroid_from_NGDR_lease_polygon
38TMN28017,VARAVANAI (GONO.292),Limestone,mining,10.751490221203333,78.22935526344,TAMIL NADU,Karur,2.45476082107,SEKARS,Private,Opencast,Non-Metallic,NGDR_MajorLease2022,centroid_from_NGDR_lease_polygon
38TMN24057,PARAVAI  (PRNO.17427),Limestone,mining,11.293878389304343,79.05341981185038,TAMIL NADU,Perambalur,1.81641948418,ARUN CHEMICALS,Private,Opencast,Non-Metallic,NGDR_MajorLease2022,centroid_from_NGDR_lease_polygon
38TMN24033,ALANTHURAIYARKATTALAI,Limestone,mining,11.036246814843297,79.16897414934222,TAMIL NADU,Ariyalur,4.8069476014,BALAKRISHNANC.R,Private,Opencast,Non-Metallic,NGDR_MajorLease2022,centroid_from_NGDR_lease_polygon
38TMN28051,KALLADAI,Limestone,mining,10.766706869343212,78.45228901637253,TAMIL NADU,Karur,1.38125783379,DIVYAM MINES AND MINERALS,Private,Opencast,Non-Metallic,NGDR_MajorLease2022,centroid_from_NGDR_lease_polygon
38TMN24036,KATHIRAVAN MINES,Limestone,mining,11.045058418035754,79.1675936267159,TAMIL NADU,Ariyalur,2.71985713214,KATHIRVEL MOOPANARA,Private,Opencast,Non-Metallic,NGDR_MajorLease2022,centroid_from_NGDR_lease_polygon
38TMN24037,CRESCENT MINES AND MINERALS,Limestone,mining,11.041668971382895,79.16695292591818,TAMIL NADU,Ariyalur,3.11971760327,MOHAMED FEROZA,Private,Opencast,Non-Metallic,NGDR_MajorLease2022,centroid_from_NGDR_lease_polygon
38TMN28042,KEERANUR,Limestone,mining,10.765365115344983,78.27966975096791,TAMIL NADU,Karur,3.8167603668,SURIYA MINES,Private,Opencast,Non-Metallic,NGDR_MajorLease2022,centroid_from_NGDR_lease_polygon
38TMN28043,DEVARMALAI,Limestone,mining,10.745148512043848,78.16111733207865,TAMIL NADU,Karur,3.22581301127,BALAJI MINERALS,Private,Opencast,Non-Metallic,NGDR_MajorLease2022,centroid_from_NGDR_lease_polygon
38TMN28044,KALIAPATTI,Limestone,mining,11.499147986628683,77.83478283718698,TAMIL NADU,Salem,0.212558191013,SREE GANESH MINES,Private,Opencast,Non-Metallic,NGDR_MajorLease2022,centroid_from_NGDR_lease_polygon
38TMN30023,GOWRI KUMAR & CO,Limestone,mining,9.582062501227472,78.05167056485425,TAMIL NADU,Virudhunagar,2.35277078406,GOWRI K,Private,Opencast,Non-Metallic,NGDR_MajorLease2022,centroid_from_NGDR_lease_polygon
38TMN24049,OLAIPADI (WEST),Limestone,mining,11.310211879598144,79.06905908465075,TAMIL NADU,Perambalur,0.307911023928,SC.MINES AND MINERALS,Private,Opencast,Non-Metallic,NGDR_MajorLease2022,centroid_from_NGDR_lease_polygon
38TMN24052,REDDIPALAYAM      (PRNO.13494),Limestone,mining,11.102842319500876,79.156521728861,TAMIL NADU,Ariyalur,0.512742087113,KUMARAN MINES AND MINERALS,Private,Opencast,Non-Metallic,NGDR_MajorLease2022,centroid_from_NGDR_lease_polygon
38TMN24067,PERALI (SOUTH),Limestone,mining,11.20444797246616,78.94974898142151,TAMIL NADU,Perambalur,4.93252313883,PARVEEN MINES & MINERALS,Private,Opencast,Non-Metallic,NGDR_MajorLease2022,centroid_from_NGDR_lease_polygon
38TMN24055,HYLIME INDUSTRIES,Limestone,mining,11.312462998497477,79.07200971503896,TAMIL NADU,Perambalur,3.87833801213,JAFFAR KHAN E,Private,Opencast,Non-Metallic,NGDR_MajorLease2022,centroid_from_NGDR_lease_polygon
38TMN28031,KALLADAI,Limestone,mining,10.766391019631515,78.45459383799171,TAMIL NADU,Karur,3.96044511641,SARAVANA GANAPATHY TRADERS,Private,Opencast,Non-Metallic,NGDR_MajorLease2022,centroid_from_NGDR_lease_polygon
38TMN24062,PERALI (SOUTH),Limestone,mining,11.21441465070791,78.95334867225343,TAMIL NADU,Perambalur,4.68598718953,RT.C. MINES AND MINERALS,Private,Opencast,Non-Metallic,NGDR_MajorLease2022,centroid_from_NGDR_lease_polygon
38TMN24063,SIRUGANPUR,Limestone,mining,11.164857772887835,78.92630525049152,TAMIL NADU,Perambalur,1.6421799775,MS.V. MINES AND MINERALS,Private,Opencast,Non-Metallic,NGDR_MajorLease2022,centroid_from_NGDR_lease_polygon
38TMN24066,OLAIPADI (WEST),Limestone,mining,11.311091301887727,79.15291699545752,TAMIL NADU,Ariyalur,0.126177318469,SARAVANANS,Private,Opencast,Non-Metallic,NGDR_MajorLease2022,centroid_from_NGDR_lease_polygon
"38TMN28006
","MELAPAGUTHI
",Limestone,mining,10.78419530510741,78.50973040573285,TAMIL NADU,Karur,6.34410625278,Sakthi Minerals And Chemical Co.,Private,Opencast,Non-Metallic,NGDR_MajorLease2022,centroid_from_NGDR_lease_polygon
38TMN28010,SRI UMA MINERALS,Limestone,mining,10.75429212829554,78.23708628798836,TAMIL NADU,Karur,0.946334241894,SAKTHIVEL VP,Private,Opencast,Non-Metallic,NGDR_MajorLease2022,centroid_from_NGDR_lease_polygon
38TMN28011,SALEM CHEMICALS,Limestone,mining,10.752186747165766,78.22806800131544,TAMIL NADU,Karur,2.34853823249,MK. ELANGO,Private,Opencast,Non-Metallic,NGDR_MajorLease2022,centroid_from_NGDR_lease_polygon
38TMN28012,SRI PADMAVATHY MINES,Limestone,mining,10.745232954659093,78.1547084926235,TAMIL NADU,Karur,2.36496680309,NAGARAJANP,Private,Opencast,Non-Metallic,NGDR_MajorLease2022,centroid_from_NGDR_lease_polygon
38TMN28021,VARAVANAI,Limestone,mining,10.750478439872738,78.21640474044635,TAMIL NADU,Karur,3.54739675889,THANGARAJM,Private,Opencast,Non-Metallic,NGDR_MajorLease2022,centroid_from_NGDR_lease_polygon
38TMN28022,VARAVANAI (GONO.162),Limestone,mining,10.752130812434954,78.22982223354684,TAMIL NADU,Karur,1.85134462435,SEKARS,Private,Opencast,Non-Metallic,NGDR_MajorLease2022,centroid_from_NGDR_lease_polygon
38TMN28028,THENNILAI,Limestone,mining,10.763044881641617,78.27780950175946,TAMIL NADU,Karur,3.02186541358,DHANAPAL E,Private,Opencast,Non-Metallic,NGDR_MajorLease2022,centroid_from_NGDR_lease_polygon
38TMN33001,NADUMANDALAM,Limestone,mining,10.245442464238835,78.28320434719598,TAMIL NADU,Dindigul,1.58460842504,NEW INDIYANA MINERALS,Private,Opencast,Non-Metallic,NGDR_MajorLease2022,centroid_from_NGDR_lease_polygon
38TMN28032,SRI MAHAMUNI MINING COMPANY,Limestone,mining,10.775908287794078,78.44139455581545,TAMIL NADU,Karur,3.7441002995,REVATHIG,Private,Opencast,Non-Metallic,NGDR_MajorLease2022,centroid_from_NGDR_lease_polygon
38TMN28029,THENNILAI,Limestone,mining,10.76351186464287,78.28025214919971,TAMIL NADU,Karur,2.56445209607,RAGAVENDIRA MINERALS AND CHEMICALS,Private,Opencast,Non-Metallic,NGDR_MajorLease2022,centroid_from_NGDR_lease_polygon
38TMN28034,SRI AMBAL LST MINES,Limestone,mining,10.774333242395308,78.07173136644012,TAMIL NADU,Dindigul,1.77675512355,SRINIVASANE,Private,Opencast,Non-Metallic,NGDR_MajorLease2022,centroid_from_NGDR_lease_polygon
38TMN28039,KPITCHAMPATTI,Limestone,mining,10.789899464077832,78.08234705911724,TAMIL NADU,Karur,1.72263882808,ELANGON,Private,Opencast,Non-Metallic,NGDR_MajorLease2022,centroid_from_NGDR_lease_polygon
38TMN28046,VARAVANAI,Limestone,mining,10.752363172783783,78.22429635274982,TAMIL NADU,Karur,6.57084857513,KRISHNAMURTHYN,Private,Opencast,Non-Metallic,NGDR_MajorLease2022,centroid_from_NGDR_lease_polygon
38TMN28049,THENNILAI,Limestone,mining,10.761077076499797,78.27902280255776,TAMIL NADU,Karur,0.79891770567,KARUNANIDHI.N,Private,Opencast,Non-Metallic,NGDR_MajorLease2022,centroid_from_NGDR_lease_polygon
38TMN28038,KPITCHAMPATTI,Limestone,mining,10.766821348778999,78.0563865874044,TAMIL NADU,Karur,0.440327720801,MUTHUKUMARANP,Private,Opencast,Non-Metallic,NGDR_MajorLease2022,centroid_from_NGDR_lease_polygon
"38TMN29008
","SUBRAMANIA MINES
",Limestone,mining,9.06898761354573,78.06226632961311,TAMIL NADU,Thoothukkudi,24.0252491527,Maheshwari. S.P,Private,Opencast,Non-Metallic,NGDR_MajorLease2022,centroid_from_NGDR_lease_polygon
38TMN30003,EREDDIAPATTI  (EDIRKOTTAI),Limestone,mining,9.419531578618836,77.82893421053198,TAMIL NADU,Virudhunagar,3.79324394842,NIRCON ENGINEERING CONSTRUCTIONS (P) LTD,Private,Opencast,Non-Metallic,NGDR_MajorLease2022,centroid_from_NGDR_lease_polygon
38TMN30004,KANNAN CHEMICALS,Limestone,mining,9.38841846147174,77.84701489569123,TAMIL NADU,Virudhunagar,2.60093960998,RATHAKRISHNANN.K,Private,Opencast,Non-Metallic,NGDR_MajorLease2022,centroid_from_NGDR_lease_polygon
38TMN30014,KURUNTHAMADAM,Limestone,mining,9.44456714131072,78.0407039653138,TAMIL NADU,Virudhunagar,4.94608812965,AAR JAY VEE CHEMICALS PRODUCTS COMPANY,Private,Opencast,Non-Metallic,NGDR_MajorLease2022,centroid_from_NGDR_lease_polygon
38TMN29009,USILANKULAM,Limestone,mining,8.994890719513707,77.68597085721166,TAMIL NADU,Tirunelveli,0.845225474026,NAGOORAMMAL M.S,Private,Opencast,Non-Metallic,NGDR_MajorLease2022,centroid_from_NGDR_lease_polygon
38TMN30001,VIJAYESH CHEMICALS,Limestone,mining,9.567093486151075,78.1373235399174,TAMIL NADU,Virudhunagar,0.853692412526,VIJESH CHEMICALS,Private,Opencast,Non-Metallic,NGDR_MajorLease2022,centroid_from_NGDR_lease_polygon
38TMN30020,KANJANAICKANPATTI,Limestone,mining,9.484865710719255,78.10682255191631,TAMIL NADU,Virudhunagar,5.41251673784,MARIAPPANP,Private,Opencast,Non-Metallic,NGDR_MajorLease2022,centroid_from_NGDR_lease_polygon
"38TMN30021
","PANNAIMOONDRADAIPPU   (RCNO.7492)
",Limestone,mining,9.578004387473374,78.13142902869618,TAMIL NADU,Virudhunagar,6.13776693778,Palanisamy. R,Private,Opencast,Non-Metallic,NGDR_MajorLease2022,centroid_from_NGDR_lease_polygon
38TMN30024,PALAVANATHAM,Limestone,mining,9.541725596476518,78.04178895010973,TAMIL NADU,Virudhunagar,23.218451315,SR.M.MINERALS,Private,Opencast,Non-Metallic,NGDR_MajorLease2022,centroid_from_NGDR_lease_polygon
38TMN30027,PANNAIMOONDRADAIPPU,Limestone,mining,9.567606157852019,78.13789367250658,TAMIL NADU,Virudhunagar,0.600694748531,ARAVINDAN J,Private,Opencast,Non-Metallic,NGDR_MajorLease2022,centroid_from_NGDR_lease_polygon
38TMN30028,KANJAMPATTI                     (GONO.221),Limestone,mining,9.20363737905222,77.91974005287089,TAMIL NADU,Virudhunagar,0.43632451919,PALANI MURUGEANS.K,Private,Opencast,Non-Metallic,NGDR_MajorLease2022,centroid_from_NGDR_lease_polygon
38TMN31009,GANGA MINES AND MINERALS,Limestone,mining,8.997542204200142,77.72857254365732,TAMIL NADU,Thoothukkudi,1.82324100011,MALLIKAS,Private,Opencast,Non-Metallic,NGDR_MajorLease2022,centroid_from_NGDR_lease_polygon
38TMN31010,KALAIPPAIPATTI,Limestone,mining,8.903864553684707,77.80340695146865,TAMIL NADU,Thoothukkudi,5.01036807549,THANAPAL,Private,Opencast,Non-Metallic,NGDR_MajorLease2022,centroid_from_NGDR_lease_polygon
38TMN30022,PANNAIMOONDRADAIPPU,Limestone,mining,9.574457029014244,78.13673738003173,TAMIL NADU,Virudhunagar,3.37016912855,CHOKKAMMAL J,Private,Opencast,Non-Metallic,NGDR_MajorLease2022,centroid_from_NGDR_lease_polygon
38TMN33009,SREE SIRUMALAI MINERALS,Limestone,mining,10.249851066742782,78.29851594508953,TAMIL NADU,Dindigul,0.738308167468,RAJAMANICKAMS,Private,Opencast,Non-Metallic,NGDR_MajorLease2022,centroid_from_NGDR_lease_polygon
38TMN33030,SAMUTHIRAPATTI,Limestone,mining,10.236921526335227,78.28718579980591,TAMIL NADU,Dindigul,1.18231504839,KATHIRESANS,Private,Opencast,Non-Metallic,NGDR_MajorLease2022,centroid_from_NGDR_lease_polygon
38TMN33010,ALAMBADI,Limestone,mining,10.742754525531037,78.06110843020662,TAMIL NADU,Dindigul,1.02529433373,SAKTHI MINES AND MINERALS CORP,Private,Opencast,Non-Metallic,NGDR_MajorLease2022,centroid_from_NGDR_lease_polygon
38TMN33023,NADUMANDALAM     (RCNO.3214),Limestone,mining,10.24241114345824,78.26520151640847,TAMIL NADU,Dindigul,2.11947584638,DHANAPAL K,Private,Opencast,Non-Metallic,NGDR_MajorLease2022,centroid_from_NGDR_lease_polygon
38TMN30035,PANDALGUDI,Limestone,mining,9.381183842065578,78.09340796653272,TAMIL NADU,Virudhunagar,1.37621011207,CINNAVAR & CO,Private,Opencast,Non-Metallic,NGDR_MajorLease2022,centroid_from_NGDR_lease_polygon
38TMN30037,PANNAIMOONDRADAIPPU,Limestone,mining,9.566399619528879,78.13818267994243,TAMIL NADU,Virudhunagar,1.60465248488,KUMARAN MINES,Private,Opencast,Non-Metallic,NGDR_MajorLease2022,centroid_from_NGDR_lease_polygon
38TMN31007,PRABHU MINES,Limestone,mining,9.107178746056903,77.96507272273864,TAMIL NADU,Thoothukkudi,0.522161786991,NAGARAJAN E,Private,Opencast,Non-Metallic,NGDR_MajorLease2022,centroid_from_NGDR_lease_polygon
38TMN33024,NADUMANDALAM  (RCNO.3213),Limestone,mining,10.241707022629848,78.2647670986814,TAMIL NADU,Dindigul,1.80453735258,DHANAPAL K,Private,Opencast,Non-Metallic,NGDR_MajorLease2022,centroid_from_NGDR_lease_polygon
38TMN33025,NADUMANDALAM,Limestone,mining,10.240658059460625,78.26588431397008,TAMIL NADU,Dindigul,1.47651040555,MM.DETERGENTS COMPANY,Private,Opencast,Non-Metallic,NGDR_MajorLease2022,centroid_from_NGDR_lease_polygon
38TMN33029,PANNIYA MALAI,Limestone,mining,10.24533757045288,78.28484428730033,TAMIL NADU,Dindigul,2.09470587042,DEEPA ALANKARM,Private,Opencast,Non-Metallic,NGDR_MajorLease2022,centroid_from_NGDR_lease_polygon
38TMN33032,JB.INDUSTRIES,Limestone,mining,10.68951625352706,78.066971786906,TAMIL NADU,Dindigul,3.71400129084,ABBAS J,Private,Opencast,Non-Metallic,NGDR_MajorLease2022,centroid_from_NGDR_lease_polygon
38TMN33035,PALAYAM,Limestone,mining,10.730756735884233,78.14597471730814,TAMIL NADU,Dindigul,1.43402139833,BALAJI MINERALS,Private,Opencast,Non-Metallic,NGDR_MajorLease2022,centroid_from_NGDR_lease_polygon
38TMN38008,ALANTHURAIYARKATTALAI,Limestone,mining,11.044990560007175,79.16080946292546,TAMIL NADU,Ariyalur,4.08759155773,SHANMUGAMC.R,Private,Opencast,Non-Metallic,NGDR_MajorLease2022,centroid_from_NGDR_lease_polygon
39TMN11001,ARASU,Magnesite,mining,11.753724357128867,78.15619267506545,TAMIL NADU,Salem,116.482469693,TAMILNADU MAGNESITE LTD,SPSU,Opencast,Non-Metallic,NGDR_MajorLease2022,centroid_from_NGDR_lease_polygon
38TMN38024,CPK - II  (PROCNO.1979),Limestone,mining,11.007969357657624,79.15687472127351,TAMIL NADU,Ariyalur,8.51169873748,DHANDAPANI CEMENTS PVT LTD,Private,Opencast,Non-Metallic,NGDR_MajorLease2022,centroid_from_NGDR_lease_polygon
38TMN06009,SIRUGUDI LST MINE - II  (GONO.318),Limestone,mining,10.246176637703346,78.2968734349902,TAMIL NADU,Dindigul,1.00484582642,M/sSIVAM MINES (Formerly : ILLANGOVAN),Private,Opencast,Non-Metallic,NGDR_MajorLease2022,centroid_from_NGDR_lease_polygon
38TMN06010,SIRUGUDI LST MINE - III  (GONO.89),Limestone,mining,10.249219422284554,78.29256996380077,TAMIL NADU,Dindigul,0.869944375857,M/sSIVAM MINES (Formerly : ILLANGOVAN),Private,Opencast,Non-Metallic,NGDR_MajorLease2022,centroid_from_NGDR_lease_polygon
39TMN11018,A S JAGHIR MAG MINE (GONO.51),Magnesite,mining,11.482831026235862,77.81602896639065,TAMIL NADU,Salem,3.82441625732,BURN STANDARD COLTD.,CPSU,Opencast,Non-Metallic,NGDR_MajorLease2022,centroid_from_NGDR_lease_polygon
39TMN11019,PAKKANADU,Magnesite,mining,11.706328087199758,77.84138553660115,TAMIL NADU,Salem,35.471904608,BALAKUMARS,Private,Opencast,Non-Metallic,NGDR_MajorLease2022,centroid_from_NGDR_lease_polygon
39TMN11012,SUDHARSHAAN MINING CORPN,Magnesite,mining,11.721768145250097,78.16802990890295,TAMIL NADU,Salem,2.5990576958,PASUPATHYG,Private,Opencast,Non-Metallic,NGDR_MajorLease2022,centroid_from_NGDR_lease_polygon
39TMN11013,PERIYASORAGAI,Magnesite,mining,11.733635771273795,77.94022593133869,TAMIL NADU,Salem,4.69311985254,PREMIER GEM ENTERPRISES,Private,Opencast,Non-Metallic,NGDR_MajorLease2022,centroid_from_NGDR_lease_polygon
39TMN11016,CHETTICHAVADI,Magnesite,mining,11.73762691032919,78.16091781747058,TAMIL NADU,Salem,1.37051398061,NIRMALA,Private,Opencast,Non-Metallic,NGDR_MajorLease2022,centroid_from_NGDR_lease_polygon
38TMN24048,PERIYANAGALUR,Limestone,mining,11.132166895531352,79.14597619023546,TAMIL NADU,Ariyalur,5.11699851324,ULTRA TECH CEMENT LTD,Private,Opencast,Non-Metallic,NGDR_MajorLease2022,centroid_from_NGDR_lease_polygon
38TMN14073,KALLAKUDI & KOVANDAKURICHI (GO.NO.263),Limestone,mining,10.977422911519234,78.94556656050113,TAMIL NADU,Tiruchirappalli,0.289236108042,DALMIA CEMENTS (BHARAT) LTD,Private,Opencast,Non-Metallic,NGDR_MajorLease2022,centroid_from_NGDR_lease_polygon
38TMN06031,TKOKKULAM,Limestone,mining,9.727599303782352,78.06801728406731,TAMIL NADU,Madurai,3.94369243648,MEENAS,Private,Opencast,Non-Metallic,NGDR_MajorLease2022,centroid_from_NGDR_lease_polygon
38TMN38041,ALANTHURAIYARKATTALAI,Limestone,mining,11.044003362681089,79.16933586539793,TAMIL NADU,Ariyalur,8.52758284913,ULTRA TECH CEMENT LTD,Private,Opencast,Non-Metallic,NGDR_MajorLease2022,centroid_from_NGDR_lease_polygon
38TMN38004,KAIRALABAD (RCNO.17783),Limestone,mining,11.135417824352354,79.13137018801827,TAMIL NADU,Ariyalur,2.25681599372,DALMIA CEMENTS (BHARAT) LTD,Private,Opencast,Non-Metallic,NGDR_MajorLease2022,centroid_from_NGDR_lease_polygon
38TMN06015,UTHAPPANAICKANUR,Limestone,mining,10.029674279455955,77.80001702239385,TAMIL NADU,Madurai,1.322641378,SURIYA INDUSTRIAL MINERALS,Private,Opencast,Non-Metallic,NGDR_MajorLease2022,centroid_from_NGDR_lease_polygon
38TMN11017,MOTHAIYANUR(SOUTH) GO 76,Limestone,mining,11.482430984767031,77.79619417741934,TAMIL NADU,Salem,8.27583450347,THE INDIA CEMENTS LTD,Private,Opencast,Non-Metallic,NGDR_MajorLease2022,centroid_from_NGDR_lease_polygon
38TMN11035,DEVANNAGOUNDANUR (GONO.37),Limestone,mining,11.501086033950614,77.82061450617283,TAMIL NADU,Salem,13.4164756641,THE INDIA CEMENTS LTD,Private,Opencast,Non-Metallic,NGDR_MajorLease2022,centroid_from_NGDR_lease_polygon
38TMN11112,MOTHAIYANUR     (GONO.1086),Limestone,mining,11.489049419330328,77.79926616818878,TAMIL NADU,Salem,5.17019011009,THE INDIA CEMENTS LTD,Private,Opencast,Non-Metallic,NGDR_MajorLease2022,centroid_from_NGDR_lease_polygon
38TMN33014,ALAMBADI & KARIKALI (G0NO. 26),Limestone,mining,10.722814045858334,78.05729634445,TAMIL NADU,Dindigul,2.38355136714,CHETTINAD CEMENTS CORPN LTD,Private,Opencast,Non-Metallic,NGDR_MajorLease2022,centroid_from_NGDR_lease_polygon
38TMN11096,SUPER MINES & MINERALS,Limestone,mining,11.501891647723454,77.85829698008516,TAMIL NADU,Salem,22.6155435055,PRABHAKARANK,Private,Opencast,Non-Metallic,NGDR_MajorLease2022,centroid_from_NGDR_lease_polygon
38TMN11115,KARUMAPURATHANUR     (GONO.77),Limestone,mining,11.473015147959222,77.81291450736965,TAMIL NADU,Salem,52.8093968488,THE INDIA CEMENTS LTD,Private,Opencast,Non-Metallic,NGDR_MajorLease2022,centroid_from_NGDR_lease_polygon
38TMN14014,KALLAKUDI & KOVANDAKURICHI,Limestone,mining,10.97356376309794,78.94114190240833,TAMIL NADU,Tiruchirappalli,172.374981695,DALMIA CEMENTS (BHARAT) LTD,Private,Opencast,Non-Metallic,NGDR_MajorLease2022,centroid_from_NGDR_lease_polygon
38TMN14022,PERIYANAGALUR  (GONO.1659),Limestone,mining,11.120468058010774,79.13455360416015,TAMIL NADU,Ariyalur,9.4782810927,TAMIN,SPSU,Opencast,Non-Metallic,NGDR_MajorLease2022,centroid_from_NGDR_lease_polygon
38TMN14055,VEL INDUSTRIES,Limestone,mining,11.33719794514,79.10292198306499,TAMIL NADU,Perambalur,4.0115175706,SUBRAMANIANS,Private,Opencast,Non-Metallic,NGDR_MajorLease2022,centroid_from_NGDR_lease_polygon
38TMN24034,KARUPPUSENAPATHY,Limestone,mining,11.055530380571867,79.0812697073724,TAMIL NADU,Ariyalur,5.62159715757,VIJAY CEMENTS,Private,Opencast,Non-Metallic,NGDR_MajorLease2022,centroid_from_NGDR_lease_polygon
38TMN15095,THENMALAI LST MINE            (GONO.459),Limestone,mining,9.32837417113179,77.54063847405752,TAMIL NADU,Tirunelveli,2.71518889759,JANATHACEM INDUSTRIES LTD(FORMERLY LIMENAPH CHEMICALS),Private,Opencast,Non-Metallic,NGDR_MajorLease2022,centroid_from_NGDR_lease_polygon
38TMN38025,CPK - II  (PROCNO.1977),Limestone,mining,11.008220869432558,79.15143879137906,TAMIL NADU,Ariyalur,4.89981026262,DHANDAPANI CEMENTS PVT LTD,Private,Opencast,Non-Metallic,NGDR_MajorLease2022,centroid_from_NGDR_lease_polygon
38TMN24038,ALATHIYUR (GONO.765),Limestone,mining,11.373938022642527,79.25385056480668,TAMIL NADU,Ariyalur,22.670559028,THE INDIA CEMENTS LTD,Private,Opencast,Non-Metallic,NGDR_MajorLease2022,centroid_from_NGDR_lease_polygon
38TMN24043,PUDUPALAYAM  (GONO.75)),Limestone,mining,11.081913340818366,79.14710733232728,TAMIL NADU,Ariyalur,29.9727301117,THE INDIA CEMENTS LTD,Private,Opencast,Non-Metallic,NGDR_MajorLease2022,centroid_from_NGDR_lease_polygon
38TMN24040,REDDIPALAYAM   (RCNO.662),Limestone,mining,11.07957522849826,79.16234308182791,TAMIL NADU,Ariyalur,52.8312031482,MADRAS CEMENTS LTD,Private,Opencast,Non-Metallic,NGDR_MajorLease2022,centroid_from_NGDR_lease_polygon
38TMN24041,MANAKUDAYAN  (RCNO.16940),Limestone,mining,11.341458269569618,79.23377787980154,TAMIL NADU,Ariyalur,14.7562899534,MADRAS CEMENTS LTD,Private,Opencast,Non-Metallic,NGDR_MajorLease2022,centroid_from_NGDR_lease_polygon
38TMN24056,MANAKUDAYAN (GONO.76),Limestone,mining,11.337315208621133,79.24148643064552,TAMIL NADU,Ariyalur,45.2776215636,MADRAS CEMENTS LTD,Private,Opencast,Non-Metallic,NGDR_MajorLease2022,centroid_from_NGDR_lease_polygon
38TMN38010,PUDUPALAYAM & PERIYANGALUR   [GONO.1],Limestone,mining,11.105016743980455,79.1508328063961,TAMIL NADU,Ariyalur,27.5234338358,MADRAS CEMENTS LTD,Private,Opencast,Non-Metallic,NGDR_MajorLease2022,centroid_from_NGDR_lease_polygon
38TMN38002,ANANDAVADI,Limestone,mining,11.186255171441903,79.18552939713999,TAMIL NADU,Ariyalur,107.939231009,TANCEM,SPSU,Opencast,Non-Metallic,NGDR_MajorLease2022,centroid_from_NGDR_lease_polygon
38TMN38007,PUDDUPALAYAM(NORTHERN BLOCK),Limestone,mining,11.097852635662539,79.14945368383542,TAMIL NADU,Ariyalur,36.7773567376,CHETTINAD CEMENTS CORPN LTD,Private,Opencast,Non-Metallic,NGDR_MajorLease2022,centroid_from_NGDR_lease_polygon
38TMN38011,PUDUPALAYAM,Limestone,mining,11.101528211936024,79.12630560342897,TAMIL NADU,Ariyalur,4.36803857976,CHETTINAD CEMENTS CORPN LTD,Private,Opencast,Non-Metallic,NGDR_MajorLease2022,centroid_from_NGDR_lease_polygon
38TMN38016,REDDIPALAYAM      (GONO.3),Limestone,mining,11.079976807415486,79.15640565169953,TAMIL NADU,Ariyalur,44.1257339582,ULTRA TECH CEMENT LTD,Private,Opencast,Non-Metallic,NGDR_MajorLease2022,centroid_from_NGDR_lease_polygon
38TMN38046,Usenabad,Limestone,mining,11.149963465719198,79.10579957578985,TAMIL NADU,Ariyalur,25.105,The Ramco Cements Limited,Private,Opencast,Non-Metallic,NGDR_MajorLease2022,centroid_from_NGDR_lease_polygon
38TMN38045,Periyanagalur west (Go.No.153),Limestone,mining,11.126476379402,79.143121845256,TAMIL NADU,Ariyalur,17.36,The Ramco Cements Limited,Private,Opencast,Non-Metallic,NGDR_MajorLease2022,centroid_from_NGDR_lease_polygon
39TMN11009,SRI PONGURU MAG MINE,Magnesite,mining,11.70254307109487,78.1206406958718,TAMIL NADU,Salem,79.7743145598,SSUNDARARAJAN,Private,Opencast,Non-Metallic,NGDR_MajorLease2022,centroid_from_NGDR_lease_polygon
38TMN14007,KALLAKUDI & KOVANDAKURICHI (GO.NO.262),Limestone,mining,10.976596043222859,78.94671700506703,TAMIL NADU,Tiruchirappalli,1.20087080023,DALMIA CEMENTS (BHARAT) LTD,Private,Opencast,Non-Metallic,NGDR_MajorLease2022,centroid_from_NGDR_lease_polygon
39TMN11011,KONDAPPANAICKANPATTY,Magnesite,mining,11.721579424419444,78.166065699125,TAMIL NADU,Salem,18.3940091364,INDIA MAGNESIA PRODUCT LTD,Private,Opencast,Non-Metallic,NGDR_MajorLease2022,centroid_from_NGDR_lease_polygon
62TMN08001,SEVATHUR & ELAVAMPATTY,Vermiculite,mining,12.421512428323352,78.5273353129809,TAMIL NADU,Vellore,13.7549674966,TAMIN,SPSU,Opencast,Metallic,NGDR_MajorLease2022,centroid_from_NGDR_lease_polygon
38TMN14076,RAMAYANPATTI  (GONO.133) ( NANJAKULAM ),Limestone,mining,8.798314846653845,77.68370179793845,TAMIL NADU,Tirunelveli,2.26282090887,THE INDIA CEMENTS LTD,Private,Opencast,Non-Metallic,NGDR_MajorLease2022,centroid_from_NGDR_lease_polygon
38TMN15006,RAMAYANPATTI,Limestone,mining,8.796334181072659,77.67993402036717,TAMIL NADU,Tirunelveli,27.0825818421,THE INDIA CEMENTS LTD,Private,Opencast,Non-Metallic,NGDR_MajorLease2022,centroid_from_NGDR_lease_polygon
38TMN15031,THALAIYUTHU  (GONO.628),Limestone,mining,8.806960393935176,77.72811272727111,TAMIL NADU,Tirunelveli,17.783122999,THE INDIA CEMENTS LTD,Private,Opencast,Non-Metallic,NGDR_MajorLease2022,centroid_from_NGDR_lease_polygon
38TMN15009,MADAVAKURICHI  (GONO.204) ( NANJAKULAM ),Limestone,mining,8.7974180183875,77.666863364875,TAMIL NADU,Tirunelveli,14.5193749694,THE INDIA CEMENTS LTD,Private,Opencast,Non-Metallic,NGDR_MajorLease2022,centroid_from_NGDR_lease_polygon
38TMN15024,SETHURAYANPUDUR    (GONO.762) ( NANJAKULAM ),Limestone,mining,8.794755134925046,77.66351751039691,TAMIL NADU,Tirunelveli,30.8524188063,THE INDIA CEMENTS LTD,Private,Opencast,Non-Metallic,NGDR_MajorLease2022,centroid_from_NGDR_lease_polygon
38TMN15036,THENKULAM (GONO.257) ( NANJAKULAM ),Limestone,mining,8.801704477802325,77.68971174246047,TAMIL NADU,Tirunelveli,15.106183713,THE INDIA CEMENTS LTD,Private,Opencast,Non-Metallic,NGDR_MajorLease2022,centroid_from_NGDR_lease_polygon
38TMN15040,SELLIANALLUR (GONO.420),Limestone,mining,8.891360458927606,77.70787810451384,TAMIL NADU,Tirunelveli,5.82404140795,THE INDIA CEMENTS LTD,Private,Opencast,Non-Metallic,NGDR_MajorLease2022,centroid_from_NGDR_lease_polygon
38TMN15048,PANDAPULI(GONO.739),Limestone,mining,9.319282221743343,77.58247498718866,TAMIL NADU,Tirunelveli,22.9904435344,TANCEM,SPSU,Opencast,Non-Metallic,NGDR_MajorLease2022,centroid_from_NGDR_lease_polygon
38TMN15088,KRISHNA MINES  (GONO.115),Limestone,mining,8.7984091510125,77.674106620225,TAMIL NADU,Tirunelveli,11.6222252279,SHANKAR K & OTHERS,Private,Opencast,Non-Metallic,NGDR_MajorLease2022,centroid_from_NGDR_lease_polygon
38TMN15106,THENKULAM   (GONO.447) ( NANJAKULAM ),Limestone,mining,8.801467160908398,77.69667360688787,TAMIL NADU,Tirunelveli,26.9273789146,THE INDIA CEMENTS LTD,Private,Opencast,Non-Metallic,NGDR_MajorLease2022,centroid_from_NGDR_lease_polygon
38TMN15109,GANGAIKONDAN (GONO.154),Limestone,mining,8.820194500010466,77.73139366668654,TAMIL NADU,Tirunelveli,23.3424454543,THE INDIA CEMENTS LTD,Private,Opencast,Non-Metallic,NGDR_MajorLease2022,centroid_from_NGDR_lease_polygon
38TMN15114,THENKULAM  (GONO.155)  ( NANJAKULAM ),Limestone,mining,8.802161319529839,77.69527562227026,TAMIL NADU,Tirunelveli,9.14125132277,THE INDIA CEMENTS LTD,Private,Opencast,Non-Metallic,NGDR_MajorLease2022,centroid_from_NGDR_lease_polygon
38TMN23054,PALLAKAPALAYAM        (GONO.100),Limestone,mining,11.463973909722238,77.78392609027776,TAMIL NADU,Namakkal,1.3167802695,THE INDIA CEMENTS LTD,Private,Opencast,Non-Metallic,NGDR_MajorLease2022,centroid_from_NGDR_lease_polygon
38TMN24006,OLAIPADI (WEST),Limestone,mining,11.30969863359296,79.07098114221694,TAMIL NADU,Perambalur,4.81273322447,CHETTINAD CEMENTS CORPN LTD,Private,Opencast,Non-Metallic,NGDR_MajorLease2022,centroid_from_NGDR_lease_polygon
38TMN24042,AMINABAD,Limestone,mining,11.140332423805829,79.11926397327252,TAMIL NADU,Ariyalur,4.56664198398,CHETTINAD CEMENTS CORPN LTD,Private,Opencast,Non-Metallic,NGDR_MajorLease2022,centroid_from_NGDR_lease_polygon
38TMN24047,ALANTHURAIYARKATTALAI,Limestone,mining,11.042464343698969,79.16164245518505,TAMIL NADU,Ariyalur,21.465673075,CHETTINAD CEMENTS CORPN LTD,Private,Opencast,Non-Metallic,NGDR_MajorLease2022,centroid_from_NGDR_lease_polygon
38TMN24050,DHANDAPANI CEMENTS PVT LTD,Limestone,mining,11.056845265459181,79.07882544192816,TAMIL NADU,Ariyalur,4.70704320524,SARAVANANS,Private,Opencast,Non-Metallic,NGDR_MajorLease2022,centroid_from_NGDR_lease_polygon
38TMN24068,AZUR,Limestone,mining,11.254900209314336,79.00577541703355,TAMIL NADU,Perambalur,5.24826511022,CHETTINAD CEMENTS CORPN LTD,Private,Opencast,Non-Metallic,NGDR_MajorLease2022,centroid_from_NGDR_lease_polygon
38TMN30034,VADAKARAI  (GONO.871),Limestone,mining,9.356668771030519,77.65690528654979,TAMIL NADU,Virudhunagar,424.675105647,TANCEM,SPSU,Opencast,Non-Metallic,NGDR_MajorLease2022,centroid_from_NGDR_lease_polygon
38TMN38013,AMINABAD,Limestone,mining,11.141331375961869,79.12000949849984,TAMIL NADU,Ariyalur,2.00235965733,CHETTINAD CEMENTS CORPN LTD,Private,Opencast,Non-Metallic,NGDR_MajorLease2022,centroid_from_NGDR_lease_polygon
38TMN38031,KARUPPURSENAPATHY,Limestone,mining,11.053425499966686,79.08134629815183,TAMIL NADU,Ariyalur,3.93952508011,CHETTINAD CEMENTS CORPN LTD,Private,Opencast,Non-Metallic,NGDR_MajorLease2022,centroid_from_NGDR_lease_polygon
38TMN38014,PERIYANAGALUR  (GONO.106),Limestone,mining,11.119824637201264,79.13392157093966,TAMIL NADU,Ariyalur,2.78977431446,TAMIN,SPSU,Opencast,Non-Metallic,NGDR_MajorLease2022,centroid_from_NGDR_lease_polygon
38TMN38015,PUDUPALAYAM & REDDIPALAYAM,Limestone,mining,11.081950852043823,79.1527413409499,TAMIL NADU,Ariyalur,33.6541954504,ULTRA TECH CEMENT LTD,Private,Opencast,Non-Metallic,NGDR_MajorLease2022,centroid_from_NGDR_lease_polygon
38TMN38033,KALLANKURICHI,Limestone,mining,11.161786922389737,79.0973353703476,TAMIL NADU,Ariyalur,4.54915196682,CHETTINAD CEMENTS CORPN LTD,Private,Opencast,Non-Metallic,NGDR_MajorLease2022,centroid_from_NGDR_lease_polygon
38TMN38034,NAKKAMBADI,Limestone,mining,11.26865253543794,79.18434745448566,TAMIL NADU,Ariyalur,5.31040845347,CHETTINAD CEMENTS CORPN LTD,Private,Opencast,Non-Metallic,NGDR_MajorLease2022,centroid_from_NGDR_lease_polygon
38TMN11068,SRI PONKUMAR LIMESTONE,Limestone,mining,11.469750766841706,77.843097853288,TAMIL NADU,Salem,79.469524186,JAYAKUMARS,Private,Opencast,Non-Metallic,NGDR_MajorLease2022,centroid_from_NGDR_lease_polygon
38TMN11116,KARUMAPARUTHANUR     (GONO.101),Limestone,mining,11.480584058835008,77.81479114033361,TAMIL NADU,Salem,38.1867596681,THE INDIA CEMENTS LTD,Private,Opencast,Non-Metallic,NGDR_MajorLease2022,centroid_from_NGDR_lease_polygon
38TMN24031,SATHAMMAI CHEMICALS,Limestone,mining,11.336045499126763,79.10139266533012,TAMIL NADU,Perambalur,5.38299641774,SARAVANANS,Private,Opencast,Non-Metallic,NGDR_MajorLease2022,centroid_from_NGDR_lease_polygon
38TMN30032,PANDALGUDI                               (GONO.34,Limestone,mining,9.387913604108935,78.09537260502853,TAMIL NADU,Virudhunagar,8.72086920845,MADRAS CEMENTS LTD,Private,Opencast,Non-Metallic,NGDR_MajorLease2022,centroid_from_NGDR_lease_polygon
38TMN23021,SRI MURUGAN MINES & MINERALS,Limestone,mining,11.241181158299597,77.98257759831868,TAMIL NADU,Namakkal,0.379682972329,APPUSAMYR,Private,Opencast,Non-Metallic,NGDR_MajorLease2022,centroid_from_NGDR_lease_polygon
38TMN15045,"SIVALARPATTI, PK.KURICHI & MUTHUSAMYPURAM",Limestone,mining,9.3157415305862,78.15212560820952,TAMIL NADU,Thoothukkudi,151.476649901,MADRAS CEMENTS LTD,Private,Opencast,Non-Metallic,NGDR_MajorLease2022,centroid_from_NGDR_lease_polygon
38TMN38019,"KALLANKURICHI, AMINABAD, (GONO.469)",Limestone,mining,11.154048205740844,79.10051080709192,TAMIL NADU,Ariyalur,69.1645666173,TANCEM,SPSU,Opencast,Non-Metallic,NGDR_MajorLease2022,centroid_from_NGDR_lease_polygon
39TMN11017,A S JAGHIR MAG MINE (GONO.679),Magnesite,mining,11.731673485630683,78.11920899660016,TAMIL NADU,Salem,536.670883822,BURN STANDARD COLTD.,CPSU,Opencast,Non-Metallic,NGDR_MajorLease2022,centroid_from_NGDR_lease_polygon
38TMN02006,MADUKKARAI      (GONO.2333),Limestone,mining,10.929807472004967,76.96288096416383,TAMIL NADU,Coimbatore,2.49284222259,ASSOCIATED CEMENT COLTD.,Private,Opencast,Non-Metallic,NGDR_MajorLease2022,centroid_from_NGDR_lease_polygon
38TMN15091,THIRUNELVELI LIME PRODUCTS,Limestone,mining,8.907069403859913,77.70358822051212,TAMIL NADU,Tirunelveli,12.941203527,MURUGESA PANDIANA,Private,Opencast,Non-Metallic,NGDR_MajorLease2022,centroid_from_NGDR_lease_polygon
38TMN15093,THENMALAI LST MINE (GONO.170),Limestone,mining,9.327580619377247,77.54164247141819,TAMIL NADU,Tirunelveli,2.36296803551,JANATHACEM INDUSTRIES LTD(FORMERLY LIMENAPH CHEMICALS),Private,Opencast,Non-Metallic,NGDR_MajorLease2022,centroid_from_NGDR_lease_polygon
38TMN15099,SRI RAM MINES,Limestone,mining,8.836944505698964,77.59499271448902,TAMIL NADU,Tirunelveli,4.25558152349,RAMASUBRAMANIA RAJAS.T,Private,Opencast,Non-Metallic,NGDR_MajorLease2022,centroid_from_NGDR_lease_polygon
38TMN11088,ANNADHANAPATTI,Limestone,mining,11.457400454655984,77.9129192761831,TAMIL NADU,Salem,2.84040177958,SUBAM MINING SERVICE,Private,Opencast,Non-Metallic,NGDR_MajorLease2022,centroid_from_NGDR_lease_polygon
38TMN02007,MADUKKARAI      (RCNO.7702),Limestone,mining,10.92519957345113,76.94618327836349,TAMIL NADU,Coimbatore,15.599265858,ASSOCIATED CEMENT COLTD.,Private,Opencast,Non-Metallic,NGDR_MajorLease2022,centroid_from_NGDR_lease_polygon
38TMN11050,MALLIKA MINES & MINERALS,Limestone,mining,11.455735559355277,77.91518843183657,TAMIL NADU,Salem,1.87935768249,RATHINAMK.G.,Private,Opencast,Non-Metallic,NGDR_MajorLease2022,centroid_from_NGDR_lease_polygon
38TMN15107,VIJAYAPATHY     (GONO.76),Limestone,mining,8.182559971020515,77.73024812107138,TAMIL NADU,Tirunelveli,28.228483931,THE INDIA CEMENTS LTD,Private,Opencast,Non-Metallic,NGDR_MajorLease2022,centroid_from_NGDR_lease_polygon
38TMN15072,VICKRAMASINGAPURAM  - I     (GONO.191),Limestone,mining,8.729530715225392,77.39841489508899,TAMIL NADU,Tirunelveli,2.20947756486,MS.P.V. CHEMICALS,Private,Opencast,Non-Metallic,NGDR_MajorLease2022,centroid_from_NGDR_lease_polygon
38TMN11069,JK MINING AND CHEMICALS,Limestone,mining,11.50217585290532,77.8267740074676,TAMIL NADU,Salem,2.86924294418,MOHAN KUMAR J,Private,Opencast,Non-Metallic,NGDR_MajorLease2022,centroid_from_NGDR_lease_polygon
38TMN11101,MAX MINING SYNDICATE  (GONO.128),Limestone,mining,11.478197125899777,77.78645024349632,TAMIL NADU,Salem,2.36068340304,SARASWATHM,Private,Opencast,Non-Metallic,NGDR_MajorLease2022,centroid_from_NGDR_lease_polygon
38TMN11103,ANNADHANAPATTI,Limestone,mining,11.45806847621134,77.9131014764598,TAMIL NADU,Salem,0.555163571156,MM.G.C.MINERALS,Private,Opencast,Non-Metallic,NGDR_MajorLease2022,centroid_from_NGDR_lease_polygon
38TMN14011,"KALLANKURICHI, AMINABAD & KAIRLABAD    (GONO.344)",Limestone,mining,11.152855173468703,79.1024167064975,TAMIL NADU,Ariyalur,260.382695568,TANCEM,SPSU,Opencast,Non-Metallic,NGDR_MajorLease2022,centroid_from_NGDR_lease_polygon
38TMN14072,KALLAKUDI & KOVANDAKURICHI (GO.NO.258),Limestone,mining,10.976548351718424,78.94544336871932,TAMIL NADU,Tiruchirappalli,11.0726504083,DALMIA CEMENTS (BHARAT) LTD,Private,Opencast,Non-Metallic,NGDR_MajorLease2022,centroid_from_NGDR_lease_polygon
38TMN15020,THENKULAM  (RAMAYYANPATTI)(GONO.257),Limestone,mining,8.800284803697243,77.69083283730018,TAMIL NADU,Tirunelveli,4.43042995964,THE SOUTH INDIA MINES & MINERALS INDUSTRIES LTD,Private,Opencast,Non-Metallic,NGDR_MajorLease2022,centroid_from_NGDR_lease_polygon
38TMN15062,PALLIKOTTAI,Limestone,mining,8.876268650835804,77.71293918788149,TAMIL NADU,Tirunelveli,2.19589545184,VISHALA INVESTMENTS & HOLDINGS (P) LIMITED,Private,Opencast,Non-Metallic,NGDR_MajorLease2022,centroid_from_NGDR_lease_polygon
38TMN38023,ALANTHURAIYARKATTALAI,Limestone,mining,11.043138619699814,79.16101157253458,TAMIL NADU,Ariyalur,3.85726254867,RAMACHANDRANC.R,Private,Opencast,Non-Metallic,NGDR_MajorLease2022,centroid_from_NGDR_lease_polygon
38TMN38027,PANANGOOR,Limestone,mining,11.043590074539798,79.16629733101249,TAMIL NADU,Ariyalur,10.1992612386,JEPPIAR CEMENTS PVT LTD,Private,Opencast,Non-Metallic,NGDR_MajorLease2022,centroid_from_NGDR_lease_polygon
38TMN15082,GANGAINADARKULAM (GONO.8976),Limestone,mining,8.57586703204154,77.63457081920086,TAMIL NADU,Tirunelveli,3.72314218797,TRANSWORLD MINING INDUSTRIES (P) LTD,Private,Opencast,Non-Metallic,NGDR_MajorLease2022,centroid_from_NGDR_lease_polygon
38TMN15087,KALLIKULAM,Limestone,mining,8.529399477290053,77.6286123776643,TAMIL NADU,Tirunelveli,1.94532087148,SUDHAKAR RATHINAMT.R,Private,Opencast,Non-Metallic,NGDR_MajorLease2022,centroid_from_NGDR_lease_polygon
38TMN24030,ADANAKURICHI & MANAKKUDAIYAN      (GONO.988),Limestone,mining,11.34690915277464,79.23931600974129,TAMIL NADU,Ariyalur,25.4377855281,MADRAS CEMENTS LTD,Private,Opencast,Non-Metallic,NGDR_MajorLease2022,centroid_from_NGDR_lease_polygon
38TMN24017,PERALI (SOUTH),Limestone,mining,11.206943070872054,78.94496322772436,TAMIL NADU,Perambalur,4.97709033515,PARVEEN MINES & MINERALS,Private,Opencast,Non-Metallic,NGDR_MajorLease2022,centroid_from_NGDR_lease_polygon
38TMN29004,JV.S. INTERNATIONAL,Limestone,mining,8.479594459455019,77.910584214758,TAMIL NADU,Thoothukkudi,1.59275865682,VENKATESHWARAK.N.,Private,Opencast,Non-Metallic,NGDR_MajorLease2022,centroid_from_NGDR_lease_polygon
39TMN23003,SITHAMPOONDI,Magnesite,mining,11.203900477604499,77.92456361129004,TAMIL NADU,Namakkal,2.20789315345,SABAPATHYR,Private,Opencast,Non-Metallic,NGDR_MajorLease2022,centroid_from_NGDR_lease_polygon
38TMN24039,PERIYANAGALUR  (GONO.2),Limestone,mining,11.12569158901942,79.14720475430683,TAMIL NADU,Ariyalur,36.9995229277,MADRAS CEMENTS LTD,Private,Opencast,Non-Metallic,NGDR_MajorLease2022,centroid_from_NGDR_lease_polygon
38TMN30017,PANNAIMOONDRADAIPPU,Limestone,mining,9.568058043036324,78.13929201121039,TAMIL NADU,Virudhunagar,2.21409953274,SARAVANAN MINERALS,Private,Opencast,Non-Metallic,NGDR_MajorLease2022,centroid_from_NGDR_lease_polygon
38TMN33007,KARIKALI,Limestone,mining,10.69024711678786,78.07080595401447,TAMIL NADU,Dindigul,1.58739413016,SAKTHIVEL DURAID.R,Private,Opencast,Non-Metallic,NGDR_MajorLease2022,centroid_from_NGDR_lease_polygon
38TMN30040,KATTANKUDI,Limestone,mining,9.887615446328686,78.39804507437614,TAMIL NADU,Sivaganga,9.98289696634,KALAISELVANS,Private,Opencast,Non-Metallic,NGDR_MajorLease2022,centroid_from_NGDR_lease_polygon
39TMN11005,"THATHIENGARPATTI, ETC(GO.NO.853)",Magnesite,mining,11.692841683574242,78.09124271874177,TAMIL NADU,Salem,83.4592800107,BURN STANDARD COLTD.,CPSU,Opencast,Non-Metallic,NGDR_MajorLease2022,centroid_from_NGDR_lease_polygon
38TMN38005,ALATHIYUR         (GONO.667),Limestone,mining,11.363589482400617,79.24495115093188,TAMIL NADU,Ariyalur,8.98691301818,MADRAS CEMENTS LTD,Private,Opencast,Non-Metallic,NGDR_MajorLease2022,centroid_from_NGDR_lease_polygon
38TMN38035,EDAIYATHANGUDI,Limestone,mining,11.064595454925781,79.15010386819684,TAMIL NADU,Ariyalur,11.0715635435,ULTRA TECH CEMENT LTD,Private,Opencast,Non-Metallic,NGDR_MajorLease2022,centroid_from_NGDR_lease_polygon
38TMN23055,PALLAKAPALAYAM  (GONO.100),Limestone,mining,11.468650868904916,77.7839040107914,TAMIL NADU,Namakkal,17.8859276452,THE INDIA CEMENTS LTD,Private,Opencast,Non-Metallic,NGDR_MajorLease2022,centroid_from_NGDR_lease_polygon
38TMN06011,"DHOLIPATTI, PALAYAM & KARIKALI (GONO.23)",Limestone,mining,10.718203968254013,78.11501560846565,TAMIL NADU,Dindigul,140.990357521,CHETTINAD CEMENTS CORPN LTD,Private,Opencast,Non-Metallic,NGDR_MajorLease2022,centroid_from_NGDR_lease_polygon
38TMN15035,SELLIANALLUR   (GONO.1169),Limestone,mining,8.886104402018224,77.7097542875955,TAMIL NADU,Tirunelveli,8.49781408381,THE INDIA CEMENTS LTD,Private,Opencast,Non-Metallic,NGDR_MajorLease2022,centroid_from_NGDR_lease_polygon
38TMN14020,PERIYANAGALUR,Limestone,mining,11.13017966337132,79.14060425276945,TAMIL NADU,Ariyalur,71.6256962634,DALMIA CEMENTS (BHARAT) LTD,Private,Opencast,Non-Metallic,NGDR_MajorLease2022,centroid_from_NGDR_lease_polygon
38TMN24035,KATTUPIRINGIUM   (GONO.605),Limestone,mining,11.110392417347985,79.13728136202609,TAMIL NADU,Ariyalur,43.8016148598,MADRAS CEMENTS LTD,Private,Opencast,Non-Metallic,NGDR_MajorLease2022,centroid_from_NGDR_lease_polygon
38TMN24003,"ADANAKURICHI, ALATHIYUR & MANAKKUDIYAN  (GONO.70)",Limestone,mining,11.356736297912086,79.24259694317509,TAMIL NADU,Ariyalur,85.3496392004,THE INDIA CEMENTS LTD,Private,Opencast,Non-Metallic,NGDR_MajorLease2022,centroid_from_NGDR_lease_polygon
38TMN33046,KARIKALI  (GO 22),Limestone,mining,10.705555522885186,78.07416955500074,TAMIL NADU,Dindigul,130.178870226,CHETTINAD CEMENTS CORPN LTD,Private,Opencast,Non-Metallic,NGDR_MajorLease2022,centroid_from_NGDR_lease_polygon
38TMN38043,Ottakovil,Limestone,mining,11.209801501762943,79.10668182554588,TAMIL NADU,Ariyalur,74.38,Ultra Tech Cement Ltd.,Private,Opencast,Non-Metallic,NGDR_MajorLease2022,centroid_from_NGDR_lease_polygon
38TMN38012,ALANTHURAIYARKATTALAI,Limestone,mining,11.042441582639245,79.17253144655437,TAMIL NADU,Ariyalur,34.8176650565,ULTRA TECH CEMENT LTD,Private,Opencast,Non-Metallic,NGDR_MajorLease2022,centroid_from_NGDR_lease_polygon
38TMN15007,RAMAYANPATT    (GONO.526)  ( NANJAKULAM ),Limestone,mining,8.796234264518802,77.67956122619172,TAMIL NADU,Tirunelveli,9.98333575855,THE INDIA CEMENTS LTD,Private,Opencast,Non-Metallic,NGDR_MajorLease2022,centroid_from_NGDR_lease_polygon
38TMN38032,PUDUPALAYAM & EDAYATHANGUDI,Limestone,mining,11.068450706811925,79.14935006848135,TAMIL NADU,Ariyalur,5.70117449857,CHETTINAD CEMENTS CORPN LTD,Private,Opencast,Non-Metallic,NGDR_MajorLease2022,centroid_from_NGDR_lease_polygon
38TMN38042,Kairulabad,Limestone,mining,11.127846886468241,79.12155188998648,TAMIL NADU,Ariyalur,24.635,Ultra Tech Cement Ltd.,Private,Opencast,Non-Metallic,NGDR_MajorLease2022,centroid_from_NGDR_lease_polygon
38TMN38047,Sendurai,Limestone,mining,11.255509882978542,79.18974653575275,TAMIL NADU,Ariyalur,21.925,Chettinad Cement Corporation Private Ltd.,Private,Opencast,Non-Metallic,NGDR_MajorLease2022,centroid_from_NGDR_lease_polygon
39TMN11004,CHETTICHAVADI JAGIR,Magnesite,mining,11.7293593040824,78.14096832792947,TAMIL NADU,Salem,78.3644506465,DALMIA MAGNESITE CORPORATION,Private,Opencast,Non-Metallic,NGDR_MajorLease2022,centroid_from_NGDR_lease_polygon
38TMN38036,Karuppur Keelapalur,Limestone,mining,11.060653184583382,79.07760979219798,TAMIL NADU,Ariyalur,26.145,Chettinad Cement Corporation Private Ltd.,Private,Opencast,Non-Metallic,NGDR_MajorLease2022,centroid_from_NGDR_lease_polygon
38TMN38048,Periyathirukonam,Limestone,mining,11.059227918709183,79.17486608611527,TAMIL NADU,Ariyalur,32.295,Chettinad Cement Corporation Private Ltd.,Private,Opencast,Non-Metallic,NGDR_MajorLease2022,centroid_from_NGDR_lease_polygon
38TMN30031,PANDALGUDI & KPUDUR       (GO.NO.590),Limestone,mining,9.389061189123625,78.09476122267446,TAMIL NADU,Virudhunagar,4.76308947852,MADRAS CEMENTS LTD,Private,Opencast,Non-Metallic,NGDR_MajorLease2022,centroid_from_NGDR_lease_polygon
38TMN02005,MADUKKARAI (GONO.674),Limestone,mining,10.921333581877324,76.94728979155406,TAMIL NADU,Coimbatore,134.945740114,ASSOCIATED CEMENT COLTD.,Private,Opencast,Non-Metallic,NGDR_MajorLease2022,centroid_from_NGDR_lease_polygon
38TMN17001,"ALAMBADI, KARIKALI, MALLAPURAM",Limestone,mining,10.710337459698044,78.06151558554502,TAMIL NADU,Dindigul,254.390672668,CHETTINAD CEMENTS CORPN LTD,Private,Opencast,Non-Metallic,NGDR_MajorLease2022,centroid_from_NGDR_lease_polygon
38TMN24001,ALATHIYUR (GONO.1),Limestone,mining,11.365501687077552,79.24935357939707,TAMIL NADU,Ariyalur,62.0654391148,MADRAS CEMENTS LTD,Private,Opencast,Non-Metallic,NGDR_MajorLease2022,centroid_from_NGDR_lease_polygon
38TMN29002,MELAVENKATESWARAPURAM,Limestone,mining,9.296732960608479,78.17495434248438,TAMIL NADU,Thoothukkudi,105.692991473,MADRAS CEMENTS LTD,Private,Opencast,Non-Metallic,NGDR_MajorLease2022,centroid_from_NGDR_lease_polygon
38TMN30029,KURUNTHAMADAM,Limestone,mining,9.44199644470822,78.03210600400962,TAMIL NADU,Virudhunagar,27.7955188175,INDUSTRIAL CHEMICALS & MONOMERS LTD,Private,Opencast,Non-Metallic,NGDR_MajorLease2022,centroid_from_NGDR_lease_polygon
38TMN38018,"KALLANKURICHI, AMINABAD, KAIRLABAD &  (GONO.456)",Limestone,mining,11.143864469516316,79.12340838166327,TAMIL NADU,Ariyalur,209.614727105,TANCEM,SPSU,Opencast,Non-Metallic,NGDR_MajorLease2022,centroid_from_NGDR_lease_polygon
38TMN38029,"ADANAKURICHI, ALATHIYUR (GONO.16)",Limestone,mining,11.357350866384465,79.24424656673966,TAMIL NADU,Ariyalur,48.748241104,THE INDIA CEMENTS LTD,Private,Opencast,Non-Metallic,NGDR_MajorLease2022,centroid_from_NGDR_lease_polygon
38TMN11073,MOTHAIYANUR (NORTH)   (GO 211),Limestone,mining,11.487388007936547,77.79835149503974,TAMIL NADU,Salem,50.242855468,THE INDIA CEMENTS LTD,Private,Opencast,Non-Metallic,NGDR_MajorLease2022,centroid_from_NGDR_lease_polygon
28TMN10001,PUDUPATTI & KUMARAPATTI   (GONO.1328),Graphite,mining,9.893586139490154,78.4178364451,TAMIL NADU,Sivaganga,128.091432224,TAMIN,SPSU,Opencast,Non-Metallic,NGDR_MajorLease2022,centroid_from_NGDR_lease_polygon
38TMN24054,ALATHIYUR (GONO.103),Limestone,mining,11.377886037276006,79.25880976905522,TAMIL NADU,Ariyalur,175.328838762,THE INDIA CEMENTS LTD,Private,Opencast,Non-Metallic,NGDR_MajorLease2022,centroid_from_NGDR_lease_polygon
38TMN24069,Varagupadi,Limestone,mining,11.148478836570446,78.91235474551694,TAMIL NADU,Perambalur,54.68,Ultra Tech Cement Ltd.,Private,Opencast,Non-Metallic,NGDR_MajorLease2022,centroid_from_NGDR_lease_polygon
38TMN38001,PERIATHIRUKKONAM    (GO. NO. 534),Limestone,mining,11.049672042665733,79.16554650398486,TAMIL NADU,Ariyalur,63.5289677538,DALMIA CEMENTS (BHARAT) LTD,Private,Opencast,Non-Metallic,NGDR_MajorLease2022,centroid_from_NGDR_lease_polygon
38TMN28002,DEVARMALAI,Limestone,mining,10.740687401249504,78.16872257683927,TAMIL NADU,Dindigul,166.777026784,CHETTINAD CEMENTS CORPN LTD,Private,Opencast,Non-Metallic,NGDR_MajorLease2022,centroid_from_NGDR_lease_polygon
38TMN38006,ADANAKURICHI & MANAKKUDAIYAN    (GONO.2),Limestone,mining,11.34763993912104,79.23912508909112,TAMIL NADU,Ariyalur,88.4268659541,MADRAS CEMENTS LTD,Private,Opencast,Non-Metallic,NGDR_MajorLease2022,centroid_from_NGDR_lease_polygon
38TMN38009,TULAR AND MANAKKUDAIYAN (GONO.6),Limestone,mining,11.328327249696544,79.23592634037223,TAMIL NADU,Ariyalur,137.854974526,MADRAS CEMENTS LTD,Private,Opencast,Non-Metallic,NGDR_MajorLease2022,centroid_from_NGDR_lease_polygon
38TMN38021,PERIATHIRUKKONAM & ALANTHURAYARKATTALAI,Limestone,mining,11.050124384986125,79.16624751016127,TAMIL NADU,Ariyalur,46.8075075438,DALMIA CEMENTS (BHARAT) LTD,Private,Opencast,Non-Metallic,NGDR_MajorLease2022,centroid_from_NGDR_lease_polygon
38TMN14030,PUDUPALAYAM  (VILIPERINGIYAM) (GONO.485),Limestone,mining,11.0749435560742,79.15020072509377,TAMIL NADU,Ariyalur,50.9267714757,ULTRA TECH CEMENT LTD,Private,Opencast,Non-Metallic,NGDR_MajorLease2022,centroid_from_NGDR_lease_polygon
38TMN30033,LAKSHMIAPURAM  (GONO.215),Limestone,mining,9.375778982920599,77.70180669552734,TAMIL NADU,Virudhunagar,216.866116682,TANCEM,SPSU,Opencast,Non-Metallic,NGDR_MajorLease2022,centroid_from_NGDR_lease_polygon
38TMN38053,Adanakurichi & Manakkudaiyan (Go.No.2),Limestone,mining,11.342420703266171,79.24716230521412,TAMIL NADU,Ariyalur,49.285,The Ramco Cements Limited,Private,Opencast,Non-Metallic,NGDR_MajorLease2022,centroid_from_NGDR_lease_polygon
38TMN31011,Sivalarpatti Lst Mine - Lease II,Limestone,mining,9.309386767528338,78.15495676952223,TAMIL NADU,Tuticorin,129.72,The Ramco Cements Limited,Private,Opencast,Non-Metallic,NGDR_MajorLease2022,centroid_from_NGDR_lease_polygon
38TMN11111,"Pallakapalayam, Veerachipalayam, Etc. (Go.No.878)",Limestone,mining,11.472822727735915,77.79233528059629,TAMIL NADU,Salem,61.885,The India Cements Ltd.,Private,Opencast,Non-Metallic,NGDR_MajorLease2022,centroid_from_NGDR_lease_polygon
38APR14020,CHINTALAPALEM (PIT 2 ),Limestone,mining,16.749783896123173,79.97151687043343,TELANGANA,SURYAPET,33.994,ANJANI PORTLAND CEMENT LIMITED(TRANSFERRED FROM SRI VENKATESWARA MINERALS),Private,Opencast,Non-Metallic,NGDR_MajorLease2022,centroid_from_NGDR_lease_polygon
38APR14036,CHAANAKYA LIMESTONE MINE,Limestone,mining,16.716710001230762,79.68116618549277,TELANGANA,NALGONDA,354.236,M/s PENNA CEMENT INDUSTRIES LIMITED,Private,Opencast,Non-Metallic,NGDR_MajorLease2022,centroid_from_NGDR_lease_polygon
38APR14052,ANJANI LIMESTONE MINE (PIT 3),Limestone,mining,16.778639054907664,80.01381894261509,TELANGANA,SURYAPET,4.75,ANJANI PORTLAND CEMENT LIMITED,Private,Opencast,Non-Metallic,NGDR_MajorLease2022,centroid_from_NGDR_lease_polygon
38APR14030,ANJANI LIMESTONE MINE (PIT 1),Limestone,mining,16.758313165782273,79.96742803421458,TELANGANA,SURYAPET,57.52,ANJANI PORTLAND CEMENT LIMITED,Private,Opencast,Non-Metallic,NGDR_MajorLease2022,centroid_from_NGDR_lease_polygon
38TNG08001,BHAVANIPURAM MINE-III,Limestone,mining,16.716607965676364,79.71985775666012,TELANGANA,SURYAPET,183.11,M/s DECCAN CEMENTS LIMITED,Private,Opencast,Non-Metallic,NGDR_MajorLease2022,centroid_from_NGDR_lease_polygon
38APR14035,BHAVANIPURAM  MINE - II,Limestone,mining,16.71381962606565,79.7048487728153,TELANGANA,SURYAPET,73.93,M/s DECCAN CEMENTS LIMITED,Private,Opencast,Non-Metallic,NGDR_MajorLease2022,centroid_from_NGDR_lease_polygon
38APR14044,MY HOME (MELLACHERUVU),Limestone,mining,16.807927099737075,79.92353226671,TELANGANA,SURYAPET,141.644,MY HOME INDUSTRIES PRIVATE LIMITED,Private,Opencast,Non-Metallic,NGDR_MajorLease2022,centroid_from_NGDR_lease_polygon
38APR14025,MATTAPALLI,Limestone,mining,16.705178571428572,79.82779761904762,TELANGANA,SURYAPET,46.356,NCL INDUSTRIES LIMITED,Private,Opencast,Non-Metallic,NGDR_MajorLease2022,centroid_from_NGDR_lease_polygon
38APR14026,"LAXMIPURAM (LEASE 1&3, GO.NO 306)",Limestone,mining,16.68015492604548,79.6173388170216,TELANGANA,NALGONDA,417.04,THE INDIA CEMENTS LIMITED,Private,Opencast,Non-Metallic,NGDR_MajorLease2022,centroid_from_NGDR_lease_polygon
38APR14021,GREY GOLD LIMESTONE MINE,Limestone,mining,16.773640441284773,79.87961145521086,TELANGANA,SURYAPET,121.45,GREYGOLD CEMENTS LIMITED,Private,Opencast,Non-Metallic,NGDR_MajorLease2022,centroid_from_NGDR_lease_polygon
38APR14053,RAGHUNADAPALEM MINE,Limestone,mining,16.73728420281935,79.88771742052366,TELANGANA,Suryapet,22.26,DR.K.S.N.PRASAD,Private,Opencast,Non-Metallic,NGDR_MajorLease2022,centroid_from_NGDR_lease_polygon
38APR14039,SULTANPUR THANDA LIMESTONE MINE,Limestone,mining,16.717081021129605,79.84441905606236,TELANGANA,SURYAPET,42.83,NCL INDUSTRIES LIMITED,Private,Opencast,Non-Metallic,NGDR_MajorLease2022,centroid_from_NGDR_lease_polygon
38APR14056,RAGHUNATHAPALEM,Limestone,mining,16.75051943045879,79.91869433263237,TELANGANA,SURYAPET,21.55,K.P.R. CEMENTS LTD,Private,Opencast,Non-Metallic,NGDR_MajorLease2022,centroid_from_NGDR_lease_polygon
38APR14022,SAGAR CEMENTS LIMESTONE MINE-2,Limestone,mining,16.74458053066045,79.84903445857992,TELANGANA,SURYAPET,143.72,SAGAR CEMENTS LIMITED,Private,Opencast,Non-Metallic,NGDR_MajorLease2022,centroid_from_NGDR_lease_polygon
38APR14040,YEPALAMADHVARAM,Limestone,mining,16.78481018907646,79.93885337336471,TELANGANA,SURYAPET,89.37,MY HOME INDUSTRIES PRIVATE LIMITED,Private,Opencast,Non-Metallic,NGDR_MajorLease2022,centroid_from_NGDR_lease_polygon
38TNG08003,ANJANI LIMESTONE MINE-4 (PIT 4),Limestone,mining,16.758043746575854,79.96570219436374,TELANGANA,SURYAPET,15.0,ANJANI PORTLAND CEMENT LIMITED,Private,Opencast,Non-Metallic,NGDR_MajorLease2022,centroid_from_NGDR_lease_polygon
38APR14057,RAGHUNADAPALEM,Limestone,mining,16.7337148999768,79.8980895947005,TELANGANA,SURYAPET,16.19,P.R.CEMENTS LIMITED,Private,Opencast,Non-Metallic,NGDR_MajorLease2022,centroid_from_NGDR_lease_polygon
38APR14016,VEPALAMADHARAM,Limestone,mining,16.76626878252514,79.91906878539565,TELANGANA,SURYAPET,73.81,P.R.CEMENTS LIMITED,Private,Opencast,Non-Metallic,NGDR_MajorLease2022,centroid_from_NGDR_lease_polygon
38APR14009,SRI SANKARA,Limestone,mining,16.799114763672456,79.9253679266035,TELANGANA,SURYAPET,141.7,M/s KEERTHI INDUSTRIES LIMITED,Private,Opencast,Non-Metallic,NGDR_MajorLease2022,centroid_from_NGDR_lease_polygon
38APR14007,SAGAR CEMENTS LIMESTONE MINE-1,Limestone,mining,16.7559609358435,79.86244350197401,TELANGANA,SURYAPET,326.58,SAGAR CEMENTS LIMITED,Private,Opencast,Non-Metallic,NGDR_MajorLease2022,centroid_from_NGDR_lease_polygon
38APR14043,CHOUTAPALLI - I,Limestone,mining,16.791258027231013,79.89685816992804,TELANGANA,SURYAPET,262.247,MY HOME INDUSTRIES PRIVATE LIMITED,Private,Opencast,Non-Metallic,NGDR_MajorLease2022,centroid_from_NGDR_lease_polygon
38APR14011,VISHNUPURAM LIMESTONE MINE,Limestone,mining,16.707316609238262,79.6490885656608,TELANGANA,NALGONDA,316.47,THE INDIA CEMENTS LIMITED,Private,Opencast,Non-Metallic,NGDR_MajorLease2022,centroid_from_NGDR_lease_polygon
38APR14018,GUNDLAPALLI,Limestone,mining,16.712263687291657,79.85770363545423,TELANGANA,SURYAPET,130.37,NCL INDUSTRIES LIMITED,Private,Opencast,Non-Metallic,NGDR_MajorLease2022,centroid_from_NGDR_lease_polygon
38APR14014,RAIN LIMESTONE MINE,Limestone,mining,16.83292489371473,79.97298949489885,TELANGANA,SURYAPET,417.95,M/s RAIN CEMENTS LIMITED,Private,Opencast,Non-Metallic,NGDR_MajorLease2022,centroid_from_NGDR_lease_polygon
38TNG08002,CHOUTAPALLI -II & MELLACHERUVU,Limestone,mining,16.786537900422346,79.90843448351596,TELANGANA,SURYAPET,156.586,MY HOME INDUSTRIES PRIVATE LIMITED,Private,Opencast,Non-Metallic,NGDR_MajorLease2022,centroid_from_NGDR_lease_polygon
38APR14023,SEETHAPURAM MINE(LEASE II),Limestone,mining,16.81783554385005,80.0064822276376,TELANGANA,SURYAPET,558.71,ZUARI CEMENT LIMITED,Private,Opencast,Non-Metallic,NGDR_MajorLease2022,centroid_from_NGDR_lease_polygon
38APR14008,SEETHAPURAM (LEASE 1),Limestone,mining,16.826951175275283,80.00700531854106,TELANGANA,SURYAPET,770.23,ZUARI CEMENT LIMITED,Private,Opencast,Non-Metallic,NGDR_MajorLease2022,centroid_from_NGDR_lease_polygon
30APR22002,BAYYARAM(MOTLA THIMMAPURAM 45/1),Iron Ore,mining,17.690807367882293,80.10661268688546,TELANGANA,MAHABUBABAD,8.0,MARK RAJU JATOTHU,Private,Opencast,Metallic,NGDR_MajorLease2022,centroid_from_NGDR_lease_polygon
30APR22003,BAYYARAM (202/1),Iron Ore,mining,17.607850169160088,80.12481291274806,TELANGANA,MAHABUBABAD,8.0,MARK RAJU JATOTHU,Private,Opencast,Metallic,NGDR_MajorLease2022,centroid_from_NGDR_lease_polygon
26TNG04001,VENKATESWARA GARNET MINE,Garnet,mining,17.583589228990647,80.63425455839439,TELANGANA,BHADRADRI KOTHAGUDEM,1.902,K.VENKATESWARA RAO,Private,Opencast,Non-Metallic,NGDR_MajorLease2022,centroid_from_NGDR_lease_polygon
38APR01037,NAGARAM (172),Limestone,mining,18.931134083111065,79.35656644016629,TELANGANA,MANCHERIAL,7.284,MANCHERIAL MINERALS,Private,Opencast,Non-Metallic,NGDR_MajorLease2022,centroid_from_NGDR_lease_polygon
30apr22007,BAYYARAM (RAMACHANDRAPURAM),Iron Ore,mining,17.651553452858856,80.11542978169061,TELANGANA,MAHABUBABAD,8.0,MARK RAJU JATOTHU,Private,Opencast,Metallic,NGDR_MajorLease2022,centroid_from_NGDR_lease_polygon
40APR01011,JAMDAPUR,Manganese Ore,mining,19.727030598000105,78.52192404742789,TELANGANA,Adilabad,13.172,ADITYA MINERALS PRIVATE LIMITED,Private,Opencast,Metallic,NGDR_MajorLease2022,centroid_from_NGDR_lease_polygon
38APR01012,DEVAPUR,Limestone,mining,19.0278665803377,79.32845879160716,TELANGANA,MANCHERIAL,210.0,TELANGANA STATE MINERAL DEVELOPMENT CORPORATION LIMITED,PSU,Opencast,Non-Metallic,NGDR_MajorLease2022,centroid_from_NGDR_lease_polygon
40APR01003,PIPALGAON,Manganese Ore,mining,19.677325090475644,78.65320780844992,TELANGANA,Adilabad,20.352,ADITYA MINERALS PRIVATE LIMITED,Private,Opencast,Metallic,NGDR_MajorLease2022,centroid_from_NGDR_lease_polygon
40APR01005,GHOTGURIGUDA--I,Manganese Ore,mining,19.75057299023849,78.49708240101383,TELANGANA,Adilabad,23.99,ADITYA MINERALS PRIVATE LIMITED,Private,Opencast,Metallic,NGDR_MajorLease2022,centroid_from_NGDR_lease_polygon
75APR21024,MALLAMPALLY (137 & 139),Iron Ore,mining,18.117909209809056,79.85987579030896,TELANGANA,MULUGU,17.05,APPAWARU LAKSHMINARAYANA,Private,Opencast,Metallic,NGDR_MajorLease2022,centroid_from_NGDR_lease_polygon
26APR22021,SUJATHANAGAR (i1073/AB),Garnet,mining,17.563134301220657,80.6364493058771,TELANGANA,BHADRADRI KOTHAGUDEM,1.396,K.KONDALU,Private,Opencast,Non-Metallic,NGDR_MajorLease2022,centroid_from_NGDR_lease_polygon
38APR01022,MANCHERIAL CEMENT WORKS,Limestone,mining,18.921514504367963,79.39779990819947,TELANGANA,MANCHERIAL,278.5,MANCHERIAL CEMENT CO. PVT LTD,Private,Opencast,Non-Metallic,NGDR_MajorLease2022,centroid_from_NGDR_lease_polygon
38APR01024,SALVOILODHI MINE,Limestone,mining,19.01249694195283,79.31567008603679,TELANGANA,MANCHERIAL,80.44,MANCHERIAL CEMENT CO. PVT LTD,Private,Opencast,Non-Metallic,NGDR_MajorLease2022,centroid_from_NGDR_lease_polygon
38APR01034,NARAYANAPUR LIMESTONE MINE,Limestone,mining,19.260048489748677,79.5110758995024,TELANGANA,KOMARAM BHEEM ASIFABAD,6.07,TATIPAMULA SATYANARAYANA,Private,Opencast,Non-Metallic,NGDR_MajorLease2022,centroid_from_NGDR_lease_polygon
38APR09001,BASANTNAGAR,Limestone,mining,18.71981316058582,79.39718065979937,TELANGANA,PEDDAPALLI,360.26,KESORAM INDUSTRIES LIMITED,Private,Opencast,Non-Metallic,NGDR_MajorLease2022,centroid_from_NGDR_lease_polygon
40APR01018,BHORAJ MANGANESE ORE MINE,Manganese Ore,mining,19.737847836065576,78.53386950819672,TELANGANA,ADILABAD,122.57,BALAJI ELECTRO SMELTERS LIMITED,Private,Opencast,Metallic,NGDR_MajorLease2022,centroid_from_NGDR_lease_polygon
40APR01016,CHANDA MANAGANESE MINE,Manganese Ore,mining,19.723207083252813,78.54711813702008,TELANGANA,ADILABAD,39.275,SURESH AGARWAL,Private,Opencast,Metallic,NGDR_MajorLease2022,centroid_from_NGDR_lease_polygon
40APR01001,GHOTKURIGUDA-II,Manganese Ore,mining,19.75241707654635,78.49786292883886,TELANGANA,ADILABAD,22.73,ADITYA MINERALS PRIVATE LIMITED,Private,Opencast,Metallic,NGDR_MajorLease2022,centroid_from_NGDR_lease_polygon
40APR01015,JAMDAPUR MINE,Manganese Ore,mining,19.730989895715258,78.52668756703888,TELANGANA,ADILABAD,78.688,S.Y.MINERALS PRIVATE LIMITED,Private,Opencast,Metallic,NGDR_MajorLease2022,centroid_from_NGDR_lease_polygon
40APR01017,KUMBHAZARI MANAGANESE MINE,Manganese Ore,mining,19.682294903706627,78.6155303471116,TELANGANA,ADILABAD,25.661,SURESH AGARWAL,Private,Opencast,Metallic,NGDR_MajorLease2022,centroid_from_NGDR_lease_polygon
40APR01008,NEW JAMDAPUR,Manganese Ore,mining,19.737941154283842,78.5200521082951,TELANGANA,ADILABAD,93.17,ADITYA MINERALS PRIVATE LIMITED,Private,Opencast,Metallic,NGDR_MajorLease2022,centroid_from_NGDR_lease_polygon
40APR01009,PIMPERAKUNTA GUDA MINE,Manganese Ore,mining,19.76624948448819,78.48695791365338,TELANGANA,ADILABAD,89.0,ADITYA MINERALS PRIVATE LIMITED,Private,Opencast,Metallic,NGDR_MajorLease2022,centroid_from_NGDR_lease_polygon
38APR01038,RAMAI & YAPALGUDA,Limestone,mining,19.645691595040244,78.63831319939345,TELANGANA,ADILABAD,334.21,BIRLA CEMENT AND INDUSTRIES LIMITED  (M/s.RENUKA CEMENT LIMITED),Private,Opencast,Non-Metallic,NGDR_MajorLease2022,centroid_from_NGDR_lease_polygon
38APR09002,TAKKALLAPALLI LIMESTONE,Limestone,mining,18.73668739181199,79.38110554828033,TELANGANA,PEDDAPALLI,122.28,KESORAM INDUSTRIES LIMITED,Private,Opencast,Non-Metallic,NGDR_MajorLease2022,centroid_from_NGDR_lease_polygon
38APR01011,"BELLURI, CHANDA & NISHAN GHAT",Limestone,mining,19.70677243850077,78.53924753320707,TELANGANA,ADILABAD,839.372,M/s CEMENT CORPORATION OF INDIA LIMITED,PSU,Opencast,Non-Metallic,NGDR_MajorLease2022,centroid_from_NGDR_lease_polygon
40APR01004,DABAKUCHI NIPPANI,Manganese Ore,mining,19.770216820087136,78.44678320450292,TELANGANA,ADILABAD,73.941,ADITYA MINERALS PRIVATE LIMITED,Private,Opencast,Metallic,NGDR_MajorLease2022,centroid_from_NGDR_lease_polygon
40APR01013,GOLLAGHAT MANGANESE ORE,Manganese Ore,mining,19.792177524058072,78.45197698870689,TELANGANA,ADILABAD,44.204,SURESH AGARWAL,Private,Opencast,Metallic,NGDR_MajorLease2022,centroid_from_NGDR_lease_polygon
40APR01012,PIMPERKUNTA MINE,Manganese Ore,mining,19.747521626502177,78.4859125381028,TELANGANA,ADILABAD,32.63,BALAJI ELECTRO SMELTERS LIMITED,Private,Opencast,Metallic,NGDR_MajorLease2022,centroid_from_NGDR_lease_polygon
38APR23003,SANGAMKALAN - II,Limestone,mining,17.336164950604932,77.47321241048498,TELANGANA,VIKARABAD,131.7,THE INDIA CEMENTS LIMITED,Private,Opencast,Non-Metallic,NGDR_MajorLease2022,centroid_from_NGDR_lease_polygon
38APR23002,SANGAMKALAN - I,Limestone,mining,17.34600675659315,77.4711285023604,TELANGANA,VIKARABAD,112.8,THE INDIA CEMENTS LIMITED,Private,Opencast,Non-Metallic,NGDR_MajorLease2022,centroid_from_NGDR_lease_polygon
38TNG05001,GANDLAPALLY LIMESTONE MINE,Limestone,mining,17.082852899110627,77.50217406459521,TELANGANA,VIKARABAD,173.642,SEETHARAM CEMENTS LIMITED,Private,Opencast,Non-Metallic,NGDR_MajorLease2022,centroid_from_NGDR_lease_polygon
03WBL15001,BeldihApatite_WBMDTCLtd_311,Apatite,mining,23.050918079202628,86.29619324566133,WEST BENGAL,Puruliya,13.47,"M/s WBMD & Trading CorpLtd.,13,Nellie Sengupta Sarani,2nd Floor,Kolkatal-700087",SPSU,Opencast,Metallic,NGDR_MajorLease2022,centroid_from_NGDR_lease_polygon
