{"type":"FeatureCollection","features":[{"type":"Feature","geometry":{"type":"Point","coordinates":[74.609000000041789,24.766299999862994]},"properties":{"power_plant":"Aditya Cement Works","district":"Chittorgarh","state":"Rajasthan","country":"India","primary_fuel":"Coal","secondary_fuel":null,"capacity_mw":98,"owner":"Ultratech Cement Limited","lat":"24.7663","long":"74.609","commissioning_year":null}},{"type":"Feature","geometry":{"type":"Point","coordinates":[91.360200000254835,23.871200000269752]},"properties":{"power_plant":"Agartala GT","district":"West Tripura","state":"Tripura","country":"India","primary_fuel":"Gas","secondary_fuel":null,"capacity_mw":135,"owner":null,"lat":"23.8712","long":"91.3602","commissioning_year":2004}},{"type":"Feature","geometry":{"type":"Point","coordinates":[82.409099999712907,21.960300000270156]},"properties":{"power_plant":"Akaltara Thermal Power Plant","district":"Janjgir Champa","state":"Chhattisgarh","country":"India","primary_fuel":"Coal","secondary_fuel":"Oil","capacity_mw":1800,"owner":null,"lat":"21.9603","long":"82.4091","commissioning_year":2015}},{"type":"Feature","geometry":{"type":"Point","coordinates":[68.644700000386024,23.768899999712819]},"properties":{"power_plant":"Akrimota LIG","district":"Kachchh","state":"Gujarat","country":"India","primary_fuel":"Coal","secondary_fuel":"Oil","capacity_mw":250,"owner":null,"lat":"23.7689","long":"68.6447","commissioning_year":2005}},{"type":"Feature","geometry":{"type":"Point","coordinates":[81.637299999661209,23.164200000070583]},"properties":{"power_plant":"Amar Kantak","district":"Anuppur","state":"Madhya Pradesh","country":"India","primary_fuel":"Coal","secondary_fuel":"Oil","capacity_mw":210,"owner":null,"lat":"23.1642","long":"81.6373","commissioning_year":2008}},{"type":"Feature","geometry":{"type":"Point","coordinates":[77.900899999661121,21.078200000181884]},"properties":{"power_plant":"Amaravati Thermal Power Plant","district":"Amravati","state":"Maharashtra","country":"India","primary_fuel":"Coal","secondary_fuel":"Oil","capacity_mw":1350,"owner":null,"lat":"21.0782","long":"77.9009","commissioning_year":2014}},{"type":"Feature","geometry":{"type":"Point","coordinates":[82.800000000152238,24.200700000117148]},"properties":{"power_plant":"Anapara C","district":"Sonbhadra","state":"Uttar Pradesh","country":"India","primary_fuel":"Coal","secondary_fuel":"Oil","capacity_mw":1200,"owner":null,"lat":"24.2007","long":"82.8","commissioning_year":2011}},{"type":"Feature","geometry":{"type":"Point","coordinates":[82.789099999699928,24.201000000318366]},"properties":{"power_plant":"Anpara","district":"Sonbhadra","state":"Uttar Pradesh","country":"India","primary_fuel":"Coal","secondary_fuel":"Oil","capacity_mw":2630,"owner":null,"lat":"24.201","long":"82.7891","commissioning_year":2000}},{"type":"Feature","geometry":{"type":"Point","coordinates":[76.318800000416033,25.179700000212048]},"properties":{"power_plant":"Anta GT","district":"Baran","state":"Rajasthan","country":"India","primary_fuel":"Gas","secondary_fuel":null,"capacity_mw":419.32999999999998,"owner":null,"lat":"25.1797","long":"76.3188","commissioning_year":1989}},{"type":"Feature","geometry":{"type":"Point","coordinates":[81.784100000124269,23.066599999762239]},"properties":{"power_plant":"Anuppur","district":"Anuppur","state":"Madhya Pradesh","country":"India","primary_fuel":"Coal","secondary_fuel":null,"capacity_mw":600,"owner":"Hindustan Private lt","lat":"23.0666","long":"81.7841","commissioning_year":null}},{"type":"Feature","geometry":{"type":"Point","coordinates":[81.786500000322761,23.065499999816922]},"properties":{"power_plant":"Anupur Thermal Power Plant","district":"Anuppur","state":"Madhya Pradesh","country":"India","primary_fuel":"Coal","secondary_fuel":"Oil","capacity_mw":1200,"owner":null,"lat":"23.0655","long":"81.7865","commissioning_year":2015}},{"type":"Feature","geometry":{"type":"Point","coordinates":[79.528599999982603,26.628199999614242]},"properties":{"power_plant":"Auraiya GT","district":"Auraiya","state":"Uttar Pradesh","country":"India","primary_fuel":"Gas","secondary_fuel":null,"capacity_mw":652,"owner":null,"lat":"26.6282","long":"79.5286","commissioning_year":1989}},{"type":"Feature","geometry":{"type":"Point","coordinates":[83.274100000286182,21.743800000069626]},"properties":{"power_plant":"Avantha Bhandar Thermal Power Plant","district":"Raigarh","state":"Chhattisgarh","country":"India","primary_fuel":"Coal","secondary_fuel":"Oil","capacity_mw":600,"owner":null,"lat":"21.7438","long":"83.2741","commissioning_year":2017}},{"type":"Feature","geometry":{"type":"Point","coordinates":[79.151800000260252,19.788100000041116]},"properties":{"power_plant":"Awarpur Cement Plant","district":"Chandrapur","state":"Maharashtra","country":"India","primary_fuel":"Coal","secondary_fuel":null,"capacity_mw":46,"owner":"Ultratech Cement Limited","lat":"19.7881","long":"79.1518","commissioning_year":null}},{"type":"Feature","geometry":{"type":"Point","coordinates":[77.306600000365762,28.506000000281752]},"properties":{"power_plant":"Badarpur","district":"South East","state":"Delhi","country":"India","primary_fuel":"Coal","secondary_fuel":"Oil","capacity_mw":705,"owner":null,"lat":"28.506","long":"77.3066","commissioning_year":1977}},{"type":"Feature","geometry":{"type":"Point","coordinates":[87.451299999911896,23.828499999689988]},"properties":{"power_plant":"Bakreswar","district":"Birbhum","state":"West Bengal","country":"India","primary_fuel":"Coal","secondary_fuel":"Oil","capacity_mw":1050,"owner":null,"lat":"23.8285","long":"87.4513","commissioning_year":2003}},{"type":"Feature","geometry":{"type":"Point","coordinates":[79.342100000278549,19.860099999915828]},"properties":{"power_plant":"Ballarpur Bilt Power","district":"Chandrapur","state":"Maharashtra","country":"India","primary_fuel":"Coal","secondary_fuel":null,"capacity_mw":67.5,"owner":"Ballarpur Industries Limited","lat":"19.8601","long":"79.3421","commissioning_year":null}},{"type":"Feature","geometry":{"type":"Point","coordinates":[74.689000000370029,24.692900000160563]},"properties":{"power_plant":"Bamania Cement","district":"Chittorgarh","state":"Rajasthan","country":"India","primary_fuel":"Coal","secondary_fuel":null,"capacity_mw":10,"owner":"Jk Cement Limited","lat":"24.6929","long":"74.689","commissioning_year":null}},{"type":"Feature","geometry":{"type":"Point","coordinates":[82.430499999686148,22.342100000184224]},"properties":{"power_plant":"Bandakhar Thermal Power Plant","district":"Korba","state":"Chhattisgarh","country":"India","primary_fuel":"Coal","secondary_fuel":"Oil","capacity_mw":300,"owner":null,"lat":"22.3421","long":"82.4305","commissioning_year":2015}},{"type":"Feature","geometry":{"type":"Point","coordinates":[88.404200000119346,22.995600000094374]},"properties":{"power_plant":"Bandel","district":"Hooghly","state":"West Bengal","country":"India","primary_fuel":"Coal","secondary_fuel":"Oil","capacity_mw":335,"owner":null,"lat":"22.9956","long":"88.4042","commissioning_year":1976}},{"type":"Feature","geometry":{"type":"Point","coordinates":[74.256199999609407,23.602600000289808]},"properties":{"power_plant":"Banswara Cement","district":"Banswara","state":"Rajasthan","country":"India","primary_fuel":"Coal","secondary_fuel":null,"capacity_mw":20,"owner":"India Limited icl","lat":"23.6026","long":"74.2562","commissioning_year":null}},{"type":"Feature","geometry":{"type":"Point","coordinates":[83.188900000426202,21.9114000001424]},"properties":{"power_plant":"Baradarha Thermal Power Plant","district":"Sakti","state":"Chhattisgarh","country":"India","primary_fuel":"Coal","secondary_fuel":"Oil","capacity_mw":1200,"owner":null,"lat":"21.9114","long":"83.1889","commissioning_year":2014}},{"type":"Feature","geometry":{"type":"Point","coordinates":[91.565000000124911,23.806999999656185]},"properties":{"power_plant":"Baramura","district":"Khowai","state":"Tripura","country":"India","primary_fuel":"Gas","secondary_fuel":null,"capacity_mw":42,"owner":null,"lat":"23.807","long":"91.565","commissioning_year":2006}},{"type":"Feature","geometry":{"type":"Point","coordinates":[86.021799999812956,25.399900000176505]},"properties":{"power_plant":"Barauni","district":"Begusarai","state":"Bihar","country":"India","primary_fuel":"Coal","secondary_fuel":"Oil","capacity_mw":720,"owner":null,"lat":"25.3999","long":"86.0218","commissioning_year":2007}},{"type":"Feature","geometry":{"type":"Point","coordinates":[85.745200000292854,25.486499999968824]},"properties":{"power_plant":"Barh Super Thermal Power Plant II","district":"Patna","state":"Bihar","country":"India","primary_fuel":"Coal","secondary_fuel":"Oil","capacity_mw":1320,"owner":null,"lat":"25.4865","long":"85.7452","commissioning_year":2014}},{"type":"Feature","geometry":{"type":"Point","coordinates":[79.806599999618513,28.472299999864465]},"properties":{"power_plant":"Barkhera Thermal Power Plant","district":"Pilibhit","state":"Uttar Pradesh","country":"India","primary_fuel":"Coal","secondary_fuel":"Oil","capacity_mw":90,"owner":null,"lat":"28.4723","long":"79.8066","commissioning_year":2011}},{"type":"Feature","geometry":{"type":"Point","coordinates":[73.200000000290842,27.845300000138163]},"properties":{"power_plant":"Barsingar Lignite","district":"Bikaner","state":"Rajasthan","country":"India","primary_fuel":"Coal","secondary_fuel":"Oil","capacity_mw":250,"owner":null,"lat":"27.8453","long":"73.2","commissioning_year":2010}},{"type":"Feature","geometry":{"type":"Point","coordinates":[80.270009973311247,13.099569551169809]},"properties":{"power_plant":"Basin Bridge GT","district":"Chennai","state":"Tamil Nadu","country":"India","primary_fuel":"Gas","secondary_fuel":"Oil","capacity_mw":120,"owner":null,"lat":"13.09956955","long":"80.27000997","commissioning_year":1996}},{"type":"Feature","geometry":{"type":"Point","coordinates":[79.054699999865221,20.80500000008206]},"properties":{"power_plant":"Bela Nagpur","district":"Nagpur","state":"Maharashtra","country":"India","primary_fuel":"Coal","secondary_fuel":null,"capacity_mw":270,"owner":"Ideal Projects Limited","lat":"20.805","long":"79.0547","commissioning_year":null}},{"type":"Feature","geometry":{"type":"Point","coordinates":[76.790900000384553,15.183099999864243]},"properties":{"power_plant":"Bellary Hothur","district":"Ballari","state":"Karnataka","country":"India","primary_fuel":"Coal","secondary_fuel":null,"capacity_mw":10,"owner":"Hothur Private Limited","lat":"15.1831","long":"76.7909","commissioning_year":null}},{"type":"Feature","geometry":{"type":"Point","coordinates":[77.103599999746237,15.177700000036703]},"properties":{"power_plant":"Bellary Janki","district":"Ballari","state":"Karnataka","country":"India","primary_fuel":"Coal","secondary_fuel":null,"capacity_mw":18,"owner":"Janki Corp Limited","lat":"15.1777","long":"77.1036","commissioning_year":null}},{"type":"Feature","geometry":{"type":"Point","coordinates":[76.719499999869285,15.193199999877526]},"properties":{"power_plant":"Bellary TPS","district":"Ballari","state":"Karnataka","country":"India","primary_fuel":"Coal","secondary_fuel":"Oil","capacity_mw":1700,"owner":null,"lat":"15.1932","long":"76.7195","commissioning_year":2012}},{"type":"Feature","geometry":{"type":"Point","coordinates":[75.71310000017786,13.827399999638896]},"properties":{"power_plant":"Bhadravati Mill","district":"Shivamogga","state":"Karnataka","country":"India","primary_fuel":"Coal","secondary_fuel":null,"capacity_mw":41,"owner":"Mysore Mills Limited","lat":"13.8274","long":"75.7131","commissioning_year":null}},{"type":"Feature","geometry":{"type":"Point","coordinates":[79.631099999925908,21.231999999772448]},"properties":{"power_plant":"Bhandara Steel Mill","district":"Bhandara","state":"Maharashtra","country":"India","primary_fuel":"Coal","secondary_fuel":null,"capacity_mw":15,"owner":"Sunflag Co Limited","lat":"21.232","long":"79.6311","commissioning_year":null}},{"type":"Feature","geometry":{"type":"Point","coordinates":[72.222200000269851,21.583699999634547]},"properties":{"power_plant":"Bhavnagar Thermal Power Plant","district":"Bhavnagar","state":"Gujarat","country":"India","primary_fuel":"Coal","secondary_fuel":"Oil","capacity_mw":500,"owner":null,"lat":"21.5837","long":"72.2222","commissioning_year":2016}},{"type":"Feature","geometry":{"type":"Point","coordinates":[74.752899999815853,18.241600000081117]},"properties":{"power_plant":"Bhigwan Mill","district":"Pune","state":"Maharashtra","country":"India","primary_fuel":"Coal","secondary_fuel":null,"capacity_mw":30,"owner":"Ballarpur Industries Limited","lat":"18.2416","long":"74.7529","commissioning_year":null}},{"type":"Feature","geometry":{"type":"Point","coordinates":[81.42369999996167,21.184000000338468]},"properties":{"power_plant":"Bhilai Thermal Power Plant","district":"Durg","state":"Chhattisgarh","country":"India","primary_fuel":"Coal","secondary_fuel":"Oil","capacity_mw":500,"owner":null,"lat":"21.184","long":"81.4237","commissioning_year":2008}},{"type":"Feature","geometry":{"type":"Point","coordinates":[75.842500000100159,21.048300000094905]},"properties":{"power_plant":"Bhusawal","district":"Jalgaon","state":"Maharashtra","country":"India","primary_fuel":"Coal","secondary_fuel":"Oil","capacity_mw":1210,"owner":null,"lat":"21.0483","long":"75.8425","commissioning_year":2007}},{"type":"Feature","geometry":{"type":"Point","coordinates":[78.160600000029305,24.250799999639568]},"properties":{"power_plant":"Bina Refinery","district":"Sagar","state":"Madhya Pradesh","country":"India","primary_fuel":"Coal","secondary_fuel":null,"capacity_mw":99,"owner":"Bharat Refinery Limited","lat":"24.2508","long":"78.1606","commissioning_year":null}},{"type":"Feature","geometry":{"type":"Point","coordinates":[78.132107494562376,24.315075228374631]},"properties":{"power_plant":"Bina Thermal Power Plant","district":"Sagar","state":"Madhya Pradesh","country":"India","primary_fuel":"Coal","secondary_fuel":"Oil","capacity_mw":500,"owner":null,"lat":"24.31507523","long":"78.1321075","commissioning_year":2012}},{"type":"Feature","geometry":{"type":"Point","coordinates":[73.090099999735514,24.826300000001712]},"properties":{"power_plant":"Binani Cement Plant","district":"Sirohi","state":"Rajasthan","country":"India","primary_fuel":"Coal","secondary_fuel":null,"capacity_mw":69.599999999999994,"owner":"Binani Industries Limited","lat":"24.8263","long":"73.0901","commissioning_year":null}},{"type":"Feature","geometry":{"type":"Point","coordinates":[83.205799999578147,22.010299999758654]},"properties":{"power_plant":"Binjkote","district":"Raigarh","state":"Chhattisgarh","country":"India","primary_fuel":"Coal","secondary_fuel":"Oil","capacity_mw":600,"owner":null,"lat":"22.0103","long":"83.2058","commissioning_year":2017}},{"type":"Feature","geometry":{"type":"Point","coordinates":[86.088799999964337,23.67829999995449]},"properties":{"power_plant":"Bokaro A Exp","district":"Bokaro","state":"Jharkhand","country":"India","primary_fuel":"Coal","secondary_fuel":"Oil","capacity_mw":500,"owner":null,"lat":"23.6783","long":"86.0888","commissioning_year":2016}},{"type":"Feature","geometry":{"type":"Point","coordinates":[85.879999999763442,23.784999999680654]},"properties":{"power_plant":"Bokaro B","district":"Bokaro","state":"Jharkhand","country":"India","primary_fuel":"Coal","secondary_fuel":"Oil","capacity_mw":210,"owner":null,"lat":"23.785","long":"85.88","commissioning_year":1993}},{"type":"Feature","geometry":{"type":"Point","coordinates":[90.528700000206413,26.514499999915994]},"properties":{"power_plant":"Bongaigaon Thermal Power Plant","district":"Chirang","state":"Assam","country":"India","primary_fuel":"Coal","secondary_fuel":"Oil","capacity_mw":750,"owner":null,"lat":"26.5145","long":"90.5287","commissioning_year":2017}},{"type":"Feature","geometry":{"type":"Point","coordinates":[76.374399999624572,9.9974999998980589]},"properties":{"power_plant":"Bramhapuram DG","district":"Ernakulam","state":"Kerala","country":"India","primary_fuel":"Oil","secondary_fuel":null,"capacity_mw":60,"owner":null,"lat":"9.9975","long":"76.3744","commissioning_year":1997}},{"type":"Feature","geometry":{"type":"Point","coordinates":[76.318800000416033,10.07399999978731]},"properties":{"power_plant":"Bses Kerala CCGT","district":"Ernakulam","state":"Kerala","country":"India","primary_fuel":"Gas","secondary_fuel":"Oil","capacity_mw":165,"owner":null,"lat":"10.074","long":"76.3188","commissioning_year":1999}},{"type":"Feature","geometry":{"type":"Point","coordinates":[88.13999999982812,22.467299999949734]},"properties":{"power_plant":"Budge Budge","district":"South 24 Parganas","state":"West Bengal","country":"India","primary_fuel":"Coal","secondary_fuel":"Oil","capacity_mw":750,"owner":null,"lat":"22.4673","long":"88.14","commissioning_year":2001}},{"type":"Feature","geometry":{"type":"Point","coordinates":[78.953499999580245,20.922500000319605]},"properties":{"power_plant":"Butibori Plant","district":"Nagpur","state":"Maharashtra","country":"India","primary_fuel":"Oil","secondary_fuel":null,"capacity_mw":81.5,"owner":"Indo Synthetics Limited","lat":"20.9225","long":"78.9535","commissioning_year":null}},{"type":"Feature","geometry":{"type":"Point","coordinates":[78.93329999970625,20.928600000179859]},"properties":{"power_plant":"Butibori Thermal Power Plant II","district":"Nagpur","state":"Maharashtra","country":"India","primary_fuel":"Coal","secondary_fuel":"Oil","capacity_mw":600,"owner":null,"lat":"20.9286","long":"78.9333","commissioning_year":2013}},{"type":"Feature","geometry":{"type":"Point","coordinates":[82.553200000401787,22.393199999888225]},"properties":{"power_plant":"Chakabura Thermal Power Plant","district":"Korba","state":"Chhattisgarh","country":"India","primary_fuel":"Coal","secondary_fuel":"Oil","capacity_mw":60,"owner":null,"lat":"22.3932","long":"82.5532","commissioning_year":2010}},{"type":"Feature","geometry":{"type":"Point","coordinates":[79.113300000220192,19.92129999997945]},"properties":{"power_plant":"Chanda Cement Works","district":"Chandrapur","state":"Maharashtra","country":"India","primary_fuel":"Coal","secondary_fuel":null,"capacity_mw":40,"owner":"ACC Limited","lat":"19.9213","long":"79.1133","commissioning_year":null}},{"type":"Feature","geometry":{"type":"Point","coordinates":[74.636700000086918,24.929300000377591]},"properties":{"power_plant":"Chanderia Cement Works","district":"Chittorgarh","state":"Rajasthan","country":"India","primary_fuel":"Coal","secondary_fuel":null,"capacity_mw":35,"owner":"Birla Corp Limited","lat":"24.9293","long":"74.6367","commissioning_year":null}},{"type":"Feature","geometry":{"type":"Point","coordinates":[74.66560000023135,24.963699999648178]},"properties":{"power_plant":"Chanderia Smelter","district":"Chittorgarh","state":"Rajasthan","country":"India","primary_fuel":"Coal","secondary_fuel":null,"capacity_mw":234,"owner":"Hindustan Zinc Limited","lat":"24.9637","long":"74.6656","commissioning_year":null}},{"type":"Feature","geometry":{"type":"Point","coordinates":[79.134599999736011,19.930000000369319]},"properties":{"power_plant":"Chandrapur Gupta","district":"Chandrapur","state":"Maharashtra","country":"India","primary_fuel":"Coal","secondary_fuel":null,"capacity_mw":120,"owner":"Gupta Limited gepl","lat":"19.93","long":"79.1346","commissioning_year":null}},{"type":"Feature","geometry":{"type":"Point","coordinates":[79.17569999999111,19.721800000046958]},"properties":{"power_plant":"Chandrapur Manikghar","district":"Chandrapur","state":"Maharashtra","country":"India","primary_fuel":"Coal","secondary_fuel":null,"capacity_mw":10,"owner":"Manikghar Cement co","lat":"19.7218","long":"79.1757","commissioning_year":null}},{"type":"Feature","geometry":{"type":"Point","coordinates":[86.127300000004396,23.737600000081169]},"properties":{"power_plant":"Chandrapura","district":"Bokaro","state":"Jharkhand","country":"India","primary_fuel":"Coal","secondary_fuel":"Oil","capacity_mw":630,"owner":null,"lat":"23.7376","long":"86.1273","commissioning_year":2000}},{"type":"Feature","geometry":{"type":"Point","coordinates":[79.290000000012029,20.006299999928146]},"properties":{"power_plant":"Chandrapur Coal","district":"Chandrapur","state":"Maharashtra","country":"India","primary_fuel":"Coal","secondary_fuel":"Oil","capacity_mw":2920,"owner":null,"lat":"20.0063","long":"79.29","commissioning_year":1999}},{"type":"Feature","geometry":{"type":"Point","coordinates":[77.03569999996958,24.621700000337036]},"properties":{"power_plant":"Chhabra Tps","district":"Baran","state":"Rajasthan","country":"India","primary_fuel":"Coal","secondary_fuel":"Oil","capacity_mw":2320,"owner":null,"lat":"24.6217","long":"77.0357","commissioning_year":2015}},{"type":"Feature","geometry":{"type":"Point","coordinates":[87.302300000165204,23.52109999986088]},"properties":{"power_plant":"DPL","district":"Paschim Bardhaman","state":"West Bengal","country":"India","primary_fuel":"Coal","secondary_fuel":"Oil","capacity_mw":660,"owner":null,"lat":"23.5211","long":"87.3023","commissioning_year":2005}},{"type":"Feature","geometry":{"type":"Point","coordinates":[77.607800000123831,28.603000000215292]},"properties":{"power_plant":"Dadri NCTPP","district":"Gautam Buddha Nagar","state":"Uttar Pradesh","country":"India","primary_fuel":"Coal","secondary_fuel":"Oil","capacity_mw":1820,"owner":null,"lat":"28.603","long":"77.6078","commissioning_year":2001}},{"type":"Feature","geometry":{"type":"Point","coordinates":[77.610099999864872,28.593199999944719]},"properties":{"power_plant":"Dadri GT","district":"Gautam Buddha Nagar","state":"Uttar Pradesh","country":"India","primary_fuel":"Gas","secondary_fuel":"Oil","capacity_mw":829.77999999999997,"owner":null,"lat":"28.5932","long":"77.6101","commissioning_year":1992}},{"type":"Feature","geometry":{"type":"Point","coordinates":[72.009100000162462,26.780299999736158]},"properties":{"power_plant":"Dahanu Fresnel","district":"Jaisalmer","state":"Rajasthan","country":"India","primary_fuel":"Coal","secondary_fuel":null,"capacity_mw":100,"owner":"Reliance Power Limited","lat":"26.7803","long":"72.0091","commissioning_year":null}},{"type":"Feature","geometry":{"type":"Point","coordinates":[80.126400000016574,14.344399999619291]},"properties":{"power_plant":"Damodaram Sanjeevaiah","district":"Sri Potti Sriramulu Nellore","state":"Andhra Pradesh","country":"India","primary_fuel":"Coal","secondary_fuel":"Oil","capacity_mw":1600,"owner":null,"lat":"14.3444","long":"80.1264","commissioning_year":2014}},{"type":"Feature","geometry":{"type":"Point","coordinates":[76.376999999839612,15.170700000033667]},"properties":{"power_plant":"Danapur Bmm","district":"Vijayanagara","state":"Karnataka","country":"India","primary_fuel":"Coal","secondary_fuel":null,"capacity_mw":25,"owner":"Bmm Private Limited","lat":"15.1707","long":"76.377","commissioning_year":null}},{"type":"Feature","geometry":{"type":"Point","coordinates":[84.984299999795212,21.123799999587224]},"properties":{"power_plant":"Derang","district":"Anugul","state":"Odisha","country":"India","primary_fuel":"Coal","secondary_fuel":"Oil","capacity_mw":1200,"owner":null,"lat":"21.1238","long":"84.9843","commissioning_year":2014}},{"type":"Feature","geometry":{"type":"Point","coordinates":[72.621499999607309,21.692300000258868]},"properties":{"power_plant":"DGEN Mega Combined Cycle Power Plant","district":"Bharuch","state":"Gujarat","country":"India","primary_fuel":"Gas","secondary_fuel":null,"capacity_mw":1200,"owner":null,"lat":"21.6923","long":"72.6215","commissioning_year":2014}},{"type":"Feature","geometry":{"type":"Point","coordinates":[72.747799999722346,19.954499999745657]},"properties":{"power_plant":"Dhanu","district":"Palghar","state":"Maharashtra","country":"India","primary_fuel":"Coal","secondary_fuel":"Oil","capacity_mw":500,"owner":null,"lat":"19.9545","long":"72.7478","commissioning_year":1995}},{"type":"Feature","geometry":{"type":"Point","coordinates":[79.203299999578832,20.01020000028857]},"properties":{"power_plant":"Dhariwal Inf Thermal Power Plant","district":"Chandrapur","state":"Maharashtra","country":"India","primary_fuel":"Coal","secondary_fuel":"Oil","capacity_mw":600,"owner":null,"lat":"20.0102","long":"79.2033","commissioning_year":2013}},{"type":"Feature","geometry":{"type":"Point","coordinates":[77.849200000325993,26.702399999768968]},"properties":{"power_plant":"Dholpur","district":"Dholpur","state":"Rajasthan","country":"India","primary_fuel":"Gas","secondary_fuel":null,"capacity_mw":330,"owner":null,"lat":"26.7024","long":"77.8492","commissioning_year":2007}},{"type":"Feature","geometry":{"type":"Point","coordinates":[72.752000000069714,22.239600000307153]},"properties":{"power_plant":"Dhuvaran Combined Cycle Power Plant","district":"Anand","state":"Gujarat","country":"India","primary_fuel":"Gas","secondary_fuel":null,"capacity_mw":595.20000000000005,"owner":null,"lat":"22.2396","long":"72.752","commissioning_year":2010}},{"type":"Feature","geometry":{"type":"Point","coordinates":[73.004000000250244,19.189600000203654]},"properties":{"power_plant":"Dighe Works","district":"Thane","state":"Maharashtra","country":"India","primary_fuel":"Oil","secondary_fuel":null,"capacity_mw":22,"owner":"Mukand Mukand Limited","lat":"19.1896","long":"73.004","commissioning_year":null}},{"type":"Feature","geometry":{"type":"Point","coordinates":[92.973700000300227,24.827099999778063]},"properties":{"power_plant":"Dlf","district":"Cachar","state":"Assam","country":"India","primary_fuel":"Gas","secondary_fuel":null,"capacity_mw":15.5,"owner":null,"lat":"24.8271","long":"92.9737","commissioning_year":1997}},{"type":"Feature","geometry":{"type":"Point","coordinates":[73.038999999551663,18.689999999579246]},"properties":{"power_plant":"Dolvi Ispat","district":"Raigad","state":"Maharashtra","country":"India","primary_fuel":"Oil","secondary_fuel":null,"capacity_mw":67.599999999999994,"owner":"Jsw Steel Limited","lat":"18.69","long":"73.039","commissioning_year":null}},{"type":"Feature","geometry":{"type":"Point","coordinates":[81.209900000245526,21.187800000111213]},"properties":{"power_plant":"Durg Sponge Iron","district":"Durg","state":"Chhattisgarh","country":"India","primary_fuel":"Coal","secondary_fuel":null,"capacity_mw":12.800000000000001,"owner":"Jai Industries Limited","lat":"21.1878","long":"81.2099","commissioning_year":null}},{"type":"Feature","geometry":{"type":"Point","coordinates":[87.249999999882149,23.530999999901464]},"properties":{"power_plant":"Durgapur","district":"Paschim Bardhaman","state":"West Bengal","country":"India","primary_fuel":"Coal","secondary_fuel":"Oil","capacity_mw":210,"owner":null,"lat":"23.531","long":"87.25","commissioning_year":1981}},{"type":"Feature","geometry":{"type":"Point","coordinates":[87.20430000014494,23.580000000162485]},"properties":{"power_plant":"Durgapur Steel Tps","district":"Paschim Bardhaman","state":"West Bengal","country":"India","primary_fuel":"Coal","secondary_fuel":"Oil","capacity_mw":1000,"owner":null,"lat":"23.58","long":"87.2043","commissioning_year":2011}},{"type":"Feature","geometry":{"type":"Point","coordinates":[74.628300000290551,15.252900000432259]},"properties":{"power_plant":"Dandeli Mill","district":"Uttara Kannada","state":"Karnataka","country":"India","primary_fuel":"Gas","secondary_fuel":null,"capacity_mw":20,"owner":"West Coast Paper Mills Limited","lat":"15.2529","long":"74.6283","commissioning_year":null}},{"type":"Feature","geometry":{"type":"Point","coordinates":[72.655000000132134,21.111000000135281]},"properties":{"power_plant":"Essar GT Imp","district":"Surat","state":"Gujarat","country":"India","primary_fuel":"Gas","secondary_fuel":null,"capacity_mw":515,"owner":null,"lat":"21.111","long":"72.655","commissioning_year":1995}},{"type":"Feature","geometry":{"type":"Point","coordinates":[87.894000000143848,24.771999999671326]},"properties":{"power_plant":"Farakka STPS","district":"Murshidabad","state":"West Bengal","country":"India","primary_fuel":"Coal","secondary_fuel":"Oil","capacity_mw":2100,"owner":null,"lat":"24.772","long":"87.894","commissioning_year":1995}},{"type":"Feature","geometry":{"type":"Point","coordinates":[77.361499999965574,28.345200000344335]},"properties":{"power_plant":"F Bad Ccgt","district":"Faridabad","state":"Haryana","country":"India","primary_fuel":"Gas","secondary_fuel":null,"capacity_mw":431.58600000000001,"owner":null,"lat":"28.3452","long":"77.3615","commissioning_year":1999}},{"type":"Feature","geometry":{"type":"Point","coordinates":[73.101699999796566,22.375799999746715]},"properties":{"power_plant":"GIPCL GT","district":"Vadodara","state":"Gujarat","country":"India","primary_fuel":"Gas","secondary_fuel":null,"capacity_mw":310,"owner":null,"lat":"22.3758","long":"73.1017","commissioning_year":1994}},{"type":"Feature","geometry":{"type":"Point","coordinates":[78.864799999879978,22.861800000408838]},"properties":{"power_plant":"Gadarwara","district":"Narsimhapur","state":"Madhya Pradesh","country":"India","primary_fuel":"Coal","secondary_fuel":"Oil","capacity_mw":800,"owner":null,"lat":"22.8618","long":"78.8648","commissioning_year":2018}},{"type":"Feature","geometry":{"type":"Point","coordinates":[76.181999999881711,25.152100000281997]},"properties":{"power_plant":"Gadepan Works","district":"Kota","state":"Rajasthan","country":"India","primary_fuel":"Gas","secondary_fuel":null,"capacity_mw":35,"owner":"Chambal and Chem","lat":"25.1521","long":"76.182","commissioning_year":null}},{"type":"Feature","geometry":{"type":"Point","coordinates":[78.963199999933337,29.141100000108015]},"properties":{"power_plant":"Gama Combined Cycle Power Plant Module 1","district":"Udham Singh Nagar","state":"Uttarakhand","country":"India","primary_fuel":"Gas","secondary_fuel":null,"capacity_mw":225,"owner":null,"lat":"29.1411","long":"78.9632","commissioning_year":2016}},{"type":"Feature","geometry":{"type":"Point","coordinates":[73.113600000331616,21.824200000060145]},"properties":{"power_plant":"Gandhar GT","district":"Bharuch","state":"Gujarat","country":"India","primary_fuel":"Gas","secondary_fuel":null,"capacity_mw":648,"owner":null,"lat":"21.8242","long":"73.1136","commissioning_year":1994}},{"type":"Feature","geometry":{"type":"Point","coordinates":[82.128600000319381,17.038600000423159]},"properties":{"power_plant":"Gautami Combined Cycle Power Plant","district":"Kakinada","state":"Andhra Pradesh","country":"India","primary_fuel":"Gas","secondary_fuel":null,"capacity_mw":468.56999999999999,"owner":null,"lat":"17.0386","long":"82.1286","commissioning_year":2008}},{"type":"Feature","geometry":{"type":"Point","coordinates":[79.103999999900154,19.932399999975832]},"properties":{"power_plant":"Gepl","district":"Chandrapur","state":"Maharashtra","country":"India","primary_fuel":"Coal","secondary_fuel":"Oil","capacity_mw":120,"owner":null,"lat":"19.9324","long":"79.104","commissioning_year":2012}},{"type":"Feature","geometry":{"type":"Point","coordinates":[75.166099999853742,30.266600000015472]},"properties":{"power_plant":"Ghtp Leh Moh","district":"Bathinda","state":"Punjab","country":"India","primary_fuel":"Coal","secondary_fuel":"Oil","capacity_mw":920,"owner":null,"lat":"30.2666","long":"75.1661","commissioning_year":2003}},{"type":"Feature","geometry":{"type":"Point","coordinates":[79.120000000325149,19.930600000099272]},"properties":{"power_plant":"Ghugus Lmel","district":"Chandrapur","state":"Maharashtra","country":"India","primary_fuel":"Coal","secondary_fuel":null,"capacity_mw":30,"owner":"Lloyds Industries Limited","lat":"19.9306","long":"79.12","commissioning_year":null}},{"type":"Feature","geometry":{"type":"Point","coordinates":[78.979299999917416,20.272299999980163]},"properties":{"power_plant":"Gmr Warora Thermal Power Plant","district":"Chandrapur","state":"Maharashtra","country":"India","primary_fuel":"Coal","secondary_fuel":"Oil","capacity_mw":600,"owner":null,"lat":"20.2723","long":"78.9793","commissioning_year":2013}},{"type":"Feature","geometry":{"type":"Point","coordinates":[82.309699999576807,17.058699999788221]},"properties":{"power_plant":"Godavari GT","district":"Kakinada","state":"Andhra Pradesh","country":"India","primary_fuel":"Gas","secondary_fuel":null,"capacity_mw":205.24000000000001,"owner":null,"lat":"17.0587","long":"82.3097","commissioning_year":1997}},{"type":"Feature","geometry":{"type":"Point","coordinates":[75.146399999571926,31.384100000299963]},"properties":{"power_plant":"Goindwal Sahib Thermal Power Plant","district":"Tarn Taran","state":"Punjab","country":"India","primary_fuel":"Coal","secondary_fuel":"Oil","capacity_mw":540,"owner":null,"lat":"31.3841","long":"75.1464","commissioning_year":2016}},{"type":"Feature","geometry":{"type":"Point","coordinates":[79.184499999820602,20.005800000271872]},"properties":{"power_plant":"Grace Industries","district":"Chandrapur","state":"Maharashtra","country":"India","primary_fuel":"Coal","secondary_fuel":null,"capacity_mw":25,"owner":"Grace Industries Limited","lat":"20.0058","long":"79.1845","commissioning_year":null}},{"type":"Feature","geometry":{"type":"Point","coordinates":[81.811099999662389,16.92480000021801]},"properties":{"power_plant":"Grel Combined Cycle Power Plant Rajamundry","district":"East Godavari","state":"Andhra Pradesh","country":"India","primary_fuel":"Gas","secondary_fuel":null,"capacity_mw":768,"owner":null,"lat":"16.9248","long":"81.8111","commissioning_year":2015}},{"type":"Feature","geometry":{"type":"Point","coordinates":[77.132499999890626,17.108399999731141]},"properties":{"power_plant":"Gulbarga Cement","district":"Kalaburagi","state":"Karnataka","country":"India","primary_fuel":"Coal","secondary_fuel":null,"capacity_mw":55,"owner":"Orient Cement Limited","lat":"17.1084","long":"77.1325","commissioning_year":null}},{"type":"Feature","geometry":{"type":"Point","coordinates":[88.176400000143659,22.104200000290145]},"properties":{"power_plant":"Haldia","district":"Purba Medinipur","state":"West Bengal","country":"India","primary_fuel":"Coal","secondary_fuel":"Oil","capacity_mw":600,"owner":null,"lat":"22.1042","long":"88.1764","commissioning_year":2015}},{"type":"Feature","geometry":{"type":"Point","coordinates":[69.739900000235181,22.325600000407508]},"properties":{"power_plant":"Hazira Combined Cycle Power Plant","district":"Devbhumi Dwarka","state":"Gujarat","country":"India","primary_fuel":"Gas","secondary_fuel":null,"capacity_mw":156.09999999999999,"owner":null,"lat":"22.3256","long":"69.7399","commissioning_year":2001}},{"type":"Feature","geometry":{"type":"Point","coordinates":[72.661300000204022,21.165200000368035]},"properties":{"power_plant":"Hazira Gsecl","district":"Surat","state":"Gujarat","country":"India","primary_fuel":"Gas","secondary_fuel":null,"capacity_mw":351.43000000000001,"owner":null,"lat":"21.1652","long":"72.6613","commissioning_year":2012}},{"type":"Feature","geometry":{"type":"Point","coordinates":[78.132600000408488,28.017899999833062]},"properties":{"power_plant":"H Ganj B","district":"Aligarh","state":"Uttar Pradesh","country":"India","primary_fuel":"Coal","secondary_fuel":"Oil","capacity_mw":605,"owner":null,"lat":"28.0179","long":"78.1326","commissioning_year":2005}},{"type":"Feature","geometry":{"type":"Point","coordinates":[83.859999999785117,21.687199999902404]},"properties":{"power_plant":"IB Valley","district":"Jharsuguda","state":"Odisha","country":"India","primary_fuel":"Coal","secondary_fuel":"Oil","capacity_mw":420,"owner":null,"lat":"21.6872","long":"83.86","commissioning_year":1994}},{"type":"Feature","geometry":{"type":"Point","coordinates":[77.250400000209282,28.619399999937503]},"properties":{"power_plant":"IPGT","district":"South East","state":"Delhi","country":"India","primary_fuel":"Gas","secondary_fuel":"Oil","capacity_mw":270,"owner":null,"lat":"28.6194","long":"77.2504","commissioning_year":1989}},{"type":"Feature","geometry":{"type":"Point","coordinates":[79.055600000388807,20.810200000024242]},"properties":{"power_plant":"Iepl Bela Thermal Power Plant","district":"Nagpur","state":"Maharashtra","country":"India","primary_fuel":"Coal","secondary_fuel":"Oil","capacity_mw":270,"owner":null,"lat":"20.8102","long":"79.0556","commissioning_year":2013}},{"type":"Feature","geometry":{"type":"Point","coordinates":[83.920000000255854,21.657999999781261]},"properties":{"power_plant":"Ind Barath Thermal Power Plant","district":"Jharsuguda","state":"Odisha","country":"India","primary_fuel":"Coal","secondary_fuel":"Oil","capacity_mw":350,"owner":null,"lat":"21.658","long":"83.92","commissioning_year":2016}},{"type":"Feature","geometry":{"type":"Point","coordinates":[88.099499999622665,22.077400000028636]},"properties":{"power_plant":"India Power Thermal Power Plant Haldia Hiranmaye","district":"Purba Medinipur","state":"West Bengal","country":"India","primary_fuel":"Coal","secondary_fuel":"Oil","capacity_mw":300,"owner":null,"lat":"22.0774","long":"88.0995","commissioning_year":2017}},{"type":"Feature","geometry":{"type":"Point","coordinates":[76.37539999970727,28.484899999844579]},"properties":{"power_plant":"Indra Gandhi Super Thermal Power Plant","district":"Jhajjar","state":"Haryana","country":"India","primary_fuel":"Coal","secondary_fuel":"Oil","capacity_mw":1500,"owner":null,"lat":"28.4849","long":"76.3754","commissioning_year":2011}},{"type":"Feature","geometry":{"type":"Point","coordinates":[79.751500000002196,11.521400000066548]},"properties":{"power_plant":"Itpcl Thermal Power Plant","district":"Cuddalore","state":"Tamil Nadu","country":"India","primary_fuel":"Coal","secondary_fuel":"Oil","capacity_mw":1200,"owner":null,"lat":"11.5214","long":"79.7515","commissioning_year":2015}},{"type":"Feature","geometry":{"type":"Point","coordinates":[71.323599999612597,25.888800000358351]},"properties":{"power_plant":"Jallippa Kapurdi Thermal Power Plant","district":"Barmer","state":"Rajasthan","country":"India","primary_fuel":"Coal","secondary_fuel":"Oil","capacity_mw":1080,"owner":null,"lat":"25.8888","long":"71.3236","commissioning_year":2011}},{"type":"Feature","geometry":{"type":"Point","coordinates":[73.00169999961085,24.696300000301214]},"properties":{"power_plant":"Jaykaypuram Plant","district":"Sirohi","state":"Rajasthan","country":"India","primary_fuel":"Coal","secondary_fuel":null,"capacity_mw":66,"owner":"Jk Cement Limited","lat":"24.6963","long":"73.0017","commissioning_year":null}},{"type":"Feature","geometry":{"type":"Point","coordinates":[81.169800000073167,24.528599999659029]},"properties":{"power_plant":"Jaypee Bela Cement","district":"Rewa","state":"Madhya Pradesh","country":"India","primary_fuel":"Coal","secondary_fuel":null,"capacity_mw":63.5,"owner":"Jaypee Limited jccl","lat":"24.5286","long":"81.1698","commissioning_year":null}},{"type":"Feature","geometry":{"type":"Point","coordinates":[81.174799999588359,24.565000000092375]},"properties":{"power_plant":"Jaypee Rewa Cement","district":"Rewa","state":"Madhya Pradesh","country":"India","primary_fuel":"Coal","secondary_fuel":null,"capacity_mw":54.5,"owner":"Jaypee Limited jccl","lat":"24.565","long":"81.1748","commissioning_year":null}},{"type":"Feature","geometry":{"type":"Point","coordinates":[81.329300000239101,24.327200000188196]},"properties":{"power_plant":"Jaypee Sidhi Cement","district":"Sidhi","state":"Madhya Pradesh","country":"India","primary_fuel":"Coal","secondary_fuel":null,"capacity_mw":155,"owner":"Jaypee Limited jccl","lat":"24.3272","long":"81.3293","commissioning_year":null}},{"type":"Feature","geometry":{"type":"Point","coordinates":[81.859999999664254,16.931199999629886]},"properties":{"power_plant":"Jegurupadu GT","district":"East Godavari","state":"Andhra Pradesh","country":"India","primary_fuel":"Gas","secondary_fuel":null,"capacity_mw":445.67399999999998,"owner":null,"lat":"16.9312","long":"81.86","commissioning_year":2003}},{"type":"Feature","geometry":{"type":"Point","coordinates":[86.249100000196435,22.755399999651768]},"properties":{"power_plant":"Jojbera","district":"East Singhbum","state":"Jharkhand","country":"India","primary_fuel":"Coal","secondary_fuel":"Oil","capacity_mw":427.5,"owner":null,"lat":"22.7554","long":"86.2491","commissioning_year":2000}},{"type":"Feature","geometry":{"type":"Point","coordinates":[73.212000000384975,17.296999999918516]},"properties":{"power_plant":"Jsw Ratnagiri Thermal Power Plant","district":"Ratnagiri","state":"Maharashtra","country":"India","primary_fuel":"Coal","secondary_fuel":"Oil","capacity_mw":1200,"owner":null,"lat":"17.297","long":"73.212","commissioning_year":2010}},{"type":"Feature","geometry":{"type":"Point","coordinates":[87.263499999651188,25.23489999989323]},"properties":{"power_plant":"Kahalgaon","district":"Bhagalpur","state":"Bihar","country":"India","primary_fuel":"Coal","secondary_fuel":"Oil","capacity_mw":2340,"owner":null,"lat":"25.2349","long":"87.2635","commissioning_year":2003}},{"type":"Feature","geometry":{"type":"Point","coordinates":[79.826499999916877,18.383500000188299]},"properties":{"power_plant":"Kakatiya Thermal Power Plant","district":"Jayashankar Bhupalapally","state":"Telangana","country":"India","primary_fuel":"Coal","secondary_fuel":"Oil","capacity_mw":1100,"owner":null,"lat":"18.3835","long":"79.8265","commissioning_year":2012}},{"type":"Feature","geometry":{"type":"Point","coordinates":[76.09860000017062,24.529500000103351]},"properties":{"power_plant":"Kalisindh","district":"Jhalawar","state":"Rajasthan","country":"India","primary_fuel":"Coal","secondary_fuel":"Oil","capacity_mw":1200,"owner":null,"lat":"24.5295","long":"76.0986","commissioning_year":2014}},{"type":"Feature","geometry":{"type":"Point","coordinates":[77.446626667653973,17.371196812250549]},"properties":{"power_plant":"Kallur Grinding","district":"Kalaburagi","state":"Karnataka","country":"India","primary_fuel":"Coal","secondary_fuel":null,"capacity_mw":30,"owner":"Chettinad Corp Limited","lat":"17.37119681","long":"77.44662667","commissioning_year":null}},{"type":"Feature","geometry":{"type":"Point","coordinates":[80.830999999900314,24.626599999664386]},"properties":{"power_plant":"Kamal Sponge","district":"Satna","state":"Madhya Pradesh","country":"India","primary_fuel":"Coal","secondary_fuel":null,"capacity_mw":12,"owner":"Kjs Ahluwalia group","lat":"24.6266","long":"80.831","commissioning_year":null}},{"type":"Feature","geometry":{"type":"Point","coordinates":[85.267099999828091,20.870000000159191]},"properties":{"power_plant":"Kamalanga","district":"Dhenkanal","state":"Odisha","country":"India","primary_fuel":"Coal","secondary_fuel":"Oil","capacity_mw":1050,"owner":null,"lat":"20.87","long":"85.2671","commissioning_year":2013}},{"type":"Feature","geometry":{"type":"Point","coordinates":[79.821599999960796,10.932499999563825]},"properties":{"power_plant":"Karaikal","district":"Karaikal","state":"Puducherry","country":"India","primary_fuel":"Gas","secondary_fuel":null,"capacity_mw":32.5,"owner":null,"lat":"10.9325","long":"79.8216","commissioning_year":2000}},{"type":"Feature","geometry":{"type":"Point","coordinates":[79.528700000440026,11.120800000102609]},"properties":{"power_plant":"Karuppur GT","district":"Thanjavur","state":"Tamil Nadu","country":"India","primary_fuel":"Gas","secondary_fuel":null,"capacity_mw":119.8,"owner":null,"lat":"11.1208","long":"79.5287","commissioning_year":2005}},{"type":"Feature","geometry":{"type":"Point","coordinates":[82.554900000093241,22.388999999691826]},"properties":{"power_plant":"Kasaipalli","district":"Korba","state":"Chhattisgarh","country":"India","primary_fuel":"Coal","secondary_fuel":"Oil","capacity_mw":270,"owner":null,"lat":"22.389","long":"82.5549","commissioning_year":2011}},{"type":"Feature","geometry":{"type":"Point","coordinates":[75.45680000009088,22.133500000196758]},"properties":{"power_plant":"Kasrawad Factory","district":"Khargone West Nimar","state":"Madhya Pradesh","country":"India","primary_fuel":"Coal","secondary_fuel":null,"capacity_mw":10,"owner":"Maral Overseas Limited","lat":"22.1335","long":"75.4568","commissioning_year":null}},{"type":"Feature","geometry":{"type":"Point","coordinates":[95.407999999958278,27.340999999659235]},"properties":{"power_plant":"Kathalguri GT","district":"Dibrugarh","state":"Assam","country":"India","primary_fuel":"Gas","secondary_fuel":null,"capacity_mw":291,"owner":null,"lat":"27.341","long":"95.408","commissioning_year":1996}},{"type":"Feature","geometry":{"type":"Point","coordinates":[76.736999999969157,24.77730000002385]},"properties":{"power_plant":"Kawai Thermal Power Plant","district":"Baran","state":"Rajasthan","country":"India","primary_fuel":"Coal","secondary_fuel":"Oil","capacity_mw":1320,"owner":null,"lat":"24.7773","long":"76.737","commissioning_year":2013}},{"type":"Feature","geometry":{"type":"Point","coordinates":[72.687899999709046,21.17499999982472]},"properties":{"power_plant":"Kawas GT","district":"Surat","state":"Gujarat","country":"India","primary_fuel":"Gas","secondary_fuel":null,"capacity_mw":645,"owner":null,"lat":"21.175","long":"72.6879","commissioning_year":1992}},{"type":"Feature","geometry":{"type":"Point","coordinates":[76.428300000039968,9.2403999996210189]},"properties":{"power_plant":"Kayam Kulam GT","district":"Alappuzha","state":"Kerala","country":"India","primary_fuel":"Gas","secondary_fuel":null,"capacity_mw":350,"owner":null,"lat":"9.2404","long":"76.4283","commissioning_year":1998}},{"type":"Feature","geometry":{"type":"Point","coordinates":[80.830700000324669,28.016999999772647]},"properties":{"power_plant":"Khamberkhera IPP","district":"Kheri","state":"Uttar Pradesh","country":"India","primary_fuel":"Coal","secondary_fuel":"Oil","capacity_mw":90,"owner":null,"lat":"28.017","long":"80.8307","commissioning_year":2011}},{"type":"Feature","geometry":{"type":"Point","coordinates":[73.258999999780571,18.77119999967206]},"properties":{"power_plant":"Khopoli Works","district":"Raigad","state":"Maharashtra","country":"India","primary_fuel":"Coal","secondary_fuel":null,"capacity_mw":60,"owner":"Uttam Steels Limited","lat":"18.7712","long":"73.259","commissioning_year":null}},{"type":"Feature","geometry":{"type":"Point","coordinates":[85.557564264168334,24.391199414041978]},"properties":{"power_plant":"Koderma","district":"Koderma","state":"Jharkhand","country":"India","primary_fuel":"Coal","secondary_fuel":"Oil","capacity_mw":1000,"owner":null,"lat":"24.39119941","long":"85.55756426","commissioning_year":2012}},{"type":"Feature","geometry":{"type":"Point","coordinates":[75.806699999834237,11.205400000298674]},"properties":{"power_plant":"Kojikode DG","district":"Kozhikode","state":"Kerala","country":"India","primary_fuel":"Oil","secondary_fuel":null,"capacity_mw":96,"owner":null,"lat":"11.2054","long":"75.8067","commissioning_year":1999}},{"type":"Feature","geometry":{"type":"Point","coordinates":[87.87129999961391,22.415699999775935]},"properties":{"power_plant":"Kolaghat","district":"Purba Medinipur","state":"West Bengal","country":"India","primary_fuel":"Coal","secondary_fuel":"Oil","capacity_mw":1260,"owner":null,"lat":"22.4157","long":"87.8713","commissioning_year":1989}},{"type":"Feature","geometry":{"type":"Point","coordinates":[81.862199999846212,16.734600000015568]},"properties":{"power_plant":"Konaseema Combined Cycle Power Plant","district":"Dr BR Ambedkar Konaseema","state":"Andhra Pradesh","country":"India","primary_fuel":"Gas","secondary_fuel":null,"capacity_mw":445,"owner":null,"lat":"16.7346","long":"81.8622","commissioning_year":2009}},{"type":"Feature","geometry":{"type":"Point","coordinates":[80.550400000049365,16.640000000162001]},"properties":{"power_plant":"Kondapalli GT","district":"NTR","state":"Andhra Pradesh","country":"India","primary_fuel":"Gas","secondary_fuel":null,"capacity_mw":1458,"owner":null,"lat":"16.64","long":"80.5504","commissioning_year":2009}},{"type":"Feature","geometry":{"type":"Point","coordinates":[76.250699999724532,15.315999999979669]},"properties":{"power_plant":"Koppal Hkmp","district":"Koppal","state":"Karnataka","country":"India","primary_fuel":"Coal","secondary_fuel":null,"capacity_mw":12,"owner":"Hare Private Limited","lat":"15.316","long":"76.2507","commissioning_year":null}},{"type":"Feature","geometry":{"type":"Point","coordinates":[79.09600000013684,21.241400000270463]},"properties":{"power_plant":"Koradi","district":"Nagpur","state":"Maharashtra","country":"India","primary_fuel":"Coal","secondary_fuel":"Oil","capacity_mw":2400,"owner":null,"lat":"21.2414","long":"79.096","commissioning_year":2009}},{"type":"Feature","geometry":{"type":"Point","coordinates":[82.685799999690431,22.388099999819406]},"properties":{"power_plant":"Korba STPS","district":"Korba","state":"Chhattisgarh","country":"India","primary_fuel":"Coal","secondary_fuel":"Oil","capacity_mw":2600,"owner":null,"lat":"22.3881","long":"82.6858","commissioning_year":1991}},{"type":"Feature","geometry":{"type":"Point","coordinates":[82.71879999972478,22.382799999941792]},"properties":{"power_plant":"Korba East","district":"Korba","state":"Chhattisgarh","country":"India","primary_fuel":"Coal","secondary_fuel":"Oil","capacity_mw":890,"owner":null,"lat":"22.3828","long":"82.7188","commissioning_year":1991}},{"type":"Feature","geometry":{"type":"Point","coordinates":[82.688799999938553,22.411800000314312]},"properties":{"power_plant":"Korba West","district":"Korba","state":"Chhattisgarh","country":"India","primary_fuel":"Coal","secondary_fuel":"Oil","capacity_mw":1340,"owner":null,"lat":"22.4118","long":"82.6888","commissioning_year":1995}},{"type":"Feature","geometry":{"type":"Point","coordinates":[75.817099999796056,25.171200000316247]},"properties":{"power_plant":"Kota","district":"Kota","state":"Rajasthan","country":"India","primary_fuel":"Coal","secondary_fuel":"Oil","capacity_mw":1240,"owner":null,"lat":"25.1712","long":"75.8171","commissioning_year":1993}},{"type":"Feature","geometry":{"type":"Point","coordinates":[75.888300000294791,25.138599999637417]},"properties":{"power_plant":"Kota Complex","district":"Kota","state":"Rajasthan","country":"India","primary_fuel":"Coal","secondary_fuel":null,"capacity_mw":125,"owner":"Dcm and Chem","lat":"25.1386","long":"75.8883","commissioning_year":null}},{"type":"Feature","geometry":{"type":"Point","coordinates":[79.450700000277223,10.54150000010171]},"properties":{"power_plant":"Kovilkalappal","district":"Thiruvarur","state":"Tamil Nadu","country":"India","primary_fuel":"Gas","secondary_fuel":null,"capacity_mw":107.88,"owner":null,"lat":"10.5415","long":"79.4507","commissioning_year":2001}},{"type":"Feature","geometry":{"type":"Point","coordinates":[75.834900000369899,16.499399999710658]},"properties":{"power_plant":"Kudgi","district":"Vijayapura","state":"Karnataka","country":"India","primary_fuel":"Coal","secondary_fuel":"Oil","capacity_mw":2400,"owner":null,"lat":"16.4994","long":"75.8349","commissioning_year":2017}},{"type":"Feature","geometry":{"type":"Point","coordinates":[82.084099999783092,27.078599999829844]},"properties":{"power_plant":"Kundarki Thermal Power Plant","district":"Gonda","state":"Uttar Pradesh","country":"India","primary_fuel":"Coal","secondary_fuel":"Oil","capacity_mw":90,"owner":null,"lat":"27.0786","long":"82.0841","commissioning_year":2012}},{"type":"Feature","geometry":{"type":"Point","coordinates":[68.784300000253609,23.662600000013871]},"properties":{"power_plant":"Kutch LIG","district":"Kachchh","state":"Gujarat","country":"India","primary_fuel":"Coal","secondary_fuel":"Oil","capacity_mw":290,"owner":null,"lat":"23.6626","long":"68.7843","commissioning_year":1996}},{"type":"Feature","geometry":{"type":"Point","coordinates":[79.569999999813334,11.075999999856528]},"properties":{"power_plant":"Kuttalam GT","district":"Mayiladuthurai","state":"Tamil Nadu","country":"India","primary_fuel":"Gas","secondary_fuel":null,"capacity_mw":101,"owner":null,"lat":"11.076","long":"79.57","commissioning_year":2003}},{"type":"Feature","geometry":{"type":"Point","coordinates":[80.614399999952624,24.05289999980074]},"properties":{"power_plant":"Kymore","district":"Katni","state":"Madhya Pradesh","country":"India","primary_fuel":"Coal","secondary_fuel":null,"capacity_mw":50,"owner":"ACC Limited","lat":"24.0529","long":"80.6144","commissioning_year":null}},{"type":"Feature","geometry":{"type":"Point","coordinates":[80.693600000214687,17.621900000057167]},"properties":{"power_plant":"K Gudem","district":"Bhadradri Kothagudem","state":"Telangana","country":"India","primary_fuel":"Coal","secondary_fuel":"Oil","capacity_mw":720,"owner":null,"lat":"17.6219","long":"80.6936","commissioning_year":1972}},{"type":"Feature","geometry":{"type":"Point","coordinates":[80.697767882197397,17.62168917435644]},"properties":{"power_plant":"K Gudem New","district":"Bhadradri Kothagudem","state":"Telangana","country":"India","primary_fuel":"Coal","secondary_fuel":"Oil","capacity_mw":1800,"owner":null,"lat":"17.62168917","long":"80.69776788","commissioning_year":2010}},{"type":"Feature","geometry":{"type":"Point","coordinates":[79.11599999999433,21.281799999581608]},"properties":{"power_plant":"K Kheda II","district":"Nagpur","state":"Maharashtra","country":"India","primary_fuel":"Coal","secondary_fuel":"Oil","capacity_mw":1340,"owner":null,"lat":"21.2818","long":"79.116","commissioning_year":2000}},{"type":"Feature","geometry":{"type":"Point","coordinates":[76.190100000102461,25.673200000388039]},"properties":{"power_plant":"Lakheri Cement Plant","district":"Bundi","state":"Rajasthan","country":"India","primary_fuel":"Coal","secondary_fuel":null,"capacity_mw":25,"owner":"ACC Limited","lat":"25.6732","long":"76.1901","commissioning_year":null}},{"type":"Feature","geometry":{"type":"Point","coordinates":[94.883300000131015,27.022100000102498]},"properties":{"power_plant":"Lakwa GT","district":"Charaideo","state":"Assam","country":"India","primary_fuel":"Gas","secondary_fuel":"Oil","capacity_mw":211.95500000000001,"owner":null,"lat":"27.0221","long":"94.8833","commissioning_year":2002}},{"type":"Feature","geometry":{"type":"Point","coordinates":[78.646300000224286,24.797099999596163]},"properties":{"power_plant":"Lalitpur Thermal Power Plant","district":"Lalitpur","state":"Uttar Pradesh","country":"India","primary_fuel":"Coal","secondary_fuel":"Oil","capacity_mw":1980,"owner":null,"lat":"24.7971","long":"78.6463","commissioning_year":2015}},{"type":"Feature","geometry":{"type":"Point","coordinates":[83.457300000166441,21.757000000185226]},"properties":{"power_plant":"Lara","district":"Raigarh","state":"Chhattisgarh","country":"India","primary_fuel":"Coal","secondary_fuel":"Oil","capacity_mw":800,"owner":null,"lat":"21.757","long":"83.4573","commissioning_year":2018}},{"type":"Feature","geometry":{"type":"Point","coordinates":[73.203199999657159,18.900200000087068]},"properties":{"power_plant":"Lodhivali","district":"Raigad","state":"Maharashtra","country":"India","primary_fuel":"Oil","secondary_fuel":null,"capacity_mw":40,"owner":"Tata Co Limited","lat":"18.9002","long":"73.2032","commissioning_year":null}},{"type":"Feature","geometry":{"type":"Point","coordinates":[86.061299999935713,22.839499999897001]},"properties":{"power_plant":"Mahadev Prasad Super Thermal Power Plant","district":"Saraikela Kharsawan","state":"Jharkhand","country":"India","primary_fuel":"Coal","secondary_fuel":"Oil","capacity_mw":540,"owner":null,"lat":"22.8395","long":"86.0613","commissioning_year":2012}},{"type":"Feature","geometry":{"type":"Point","coordinates":[82.417199999933644,24.007700000339018]},"properties":{"power_plant":"Mahan Thermal Power Plant","district":"Singrauli","state":"Madhya Pradesh","country":"India","primary_fuel":"Coal","secondary_fuel":"Oil","capacity_mw":1200,"owner":null,"lat":"24.0077","long":"82.4172","commissioning_year":2015}},{"type":"Feature","geometry":{"type":"Point","coordinates":[76.35100000038419,28.489999999750754]},"properties":{"power_plant":"Mahatma Gandhi Thermal Power Plant","district":"Jhajjar","state":"Haryana","country":"India","primary_fuel":"Coal","secondary_fuel":"Oil","capacity_mw":1320,"owner":null,"lat":"28.49","long":"76.351","commissioning_year":2012}},{"type":"Feature","geometry":{"type":"Point","coordinates":[72.896299999876859,19.016200000419119]},"properties":{"power_plant":"Mahul Refinery","district":"Mumbai Suburban","state":"Maharashtra","country":"India","primary_fuel":"Oil","secondary_fuel":null,"capacity_mw":22,"owner":"Bharat Corp Limited","lat":"19.0162","long":"72.8963","commissioning_year":null}},{"type":"Feature","geometry":{"type":"Point","coordinates":[80.799699999557433,24.202099999658973]},"properties":{"power_plant":"Maihar Cement Plant","district":"Maihar","state":"Madhya Pradesh","country":"India","primary_fuel":"Coal","secondary_fuel":null,"capacity_mw":31.399999999999999,"owner":"Maihar Cement Limited","lat":"24.2021","long":"80.7997","commissioning_year":null}},{"type":"Feature","geometry":{"type":"Point","coordinates":[86.759999999780689,23.820899999665983]},"properties":{"power_plant":"Maithon Rb Thermal Power Plant","district":"Dhanbad","state":"Jharkhand","country":"India","primary_fuel":"Coal","secondary_fuel":"Oil","capacity_mw":1050,"owner":null,"lat":"23.8209","long":"86.76","commissioning_year":2011}},{"type":"Feature","geometry":{"type":"Point","coordinates":[74.849600000177787,12.982099999588478]},"properties":{"power_plant":"Mangalore Refinery","district":"Dakshina Kannada","state":"Karnataka","country":"India","primary_fuel":"Gas","secondary_fuel":null,"capacity_mw":166.5,"owner":"Mangalore and Petrochem","lat":"12.9821","long":"74.8496","commissioning_year":null}},{"type":"Feature","geometry":{"type":"Point","coordinates":[73.352899999910917,18.387900000125104]},"properties":{"power_plant":"Mangaon Combined Cycle Power Plant","district":"Raigad","state":"Maharashtra","country":"India","primary_fuel":"Gas","secondary_fuel":null,"capacity_mw":388,"owner":null,"lat":"18.3879","long":"73.3529","commissioning_year":2016}},{"type":"Feature","geometry":{"type":"Point","coordinates":[75.952199999740628,24.717599999650918]},"properties":{"power_plant":"Manglam Cement","district":"Kota","state":"Rajasthan","country":"India","primary_fuel":"Coal","secondary_fuel":null,"capacity_mw":25,"owner":"Manglam Cement Limited","lat":"24.7176","long":"75.9522","commissioning_year":null}},{"type":"Feature","geometry":{"type":"Point","coordinates":[79.176100000024206,19.723500000082993]},"properties":{"power_plant":"Manikgarh Cement","district":"Chandrapur","state":"Maharashtra","country":"India","primary_fuel":"Coal","secondary_fuel":null,"capacity_mw":50,"owner":"Manikgarh Manikgarh Cement","lat":"19.7235","long":"79.1761","commissioning_year":null}},{"type":"Feature","geometry":{"type":"Point","coordinates":[79.220599999662156,19.703000000065686]},"properties":{"power_plant":"Maratha Cement Plant","district":"Chandrapur","state":"Maharashtra","country":"India","primary_fuel":"Coal","secondary_fuel":null,"capacity_mw":45,"owner":"Ambuja Cements Limited","lat":"19.703","long":"79.2206","commissioning_year":null}},{"type":"Feature","geometry":{"type":"Point","coordinates":[82.602199999962778,22.070800000237]},"properties":{"power_plant":"Marwa Thermal Power Plant","district":"Janjgir Champa","state":"Chhattisgarh","country":"India","primary_fuel":"Coal","secondary_fuel":"Oil","capacity_mw":1000,"owner":null,"lat":"22.0708","long":"82.6022","commissioning_year":2015}},{"type":"Feature","geometry":{"type":"Point","coordinates":[81.941499999667386,25.144699999601539]},"properties":{"power_plant":"Meja Super Thermal Power Plant","district":"Prayagraj","state":"Uttar Pradesh","country":"India","primary_fuel":"Coal","secondary_fuel":"Oil","capacity_mw":660,"owner":null,"lat":"25.1447","long":"81.9415","commissioning_year":2018}},{"type":"Feature","geometry":{"type":"Point","coordinates":[87.132948514943223,23.462363282697048]},"properties":{"power_plant":"Mejia","district":"Bankura","state":"West Bengal","country":"India","primary_fuel":"Coal","secondary_fuel":"Oil","capacity_mw":1340,"owner":null,"lat":"23.46236328","long":"87.13294852","commissioning_year":2001}},{"type":"Feature","geometry":{"type":"Point","coordinates":[87.131100000379121,23.463899999997217]},"properties":{"power_plant":"Mejia TPS Ext","district":"Bankura","state":"West Bengal","country":"India","primary_fuel":"Coal","secondary_fuel":"Oil","capacity_mw":1000,"owner":null,"lat":"23.4639","long":"87.1311","commissioning_year":2010}},{"type":"Feature","geometry":{"type":"Point","coordinates":[78.141956864085984,8.9125513758220158]},"properties":{"power_plant":"Melamaruthur Muthiara","district":"Thoothukkudi","state":"Tamil Nadu","country":"India","primary_fuel":"Coal","secondary_fuel":"Oil","capacity_mw":1200,"owner":null,"lat":"8.91255138","long":"78.14195686","commissioning_year":2015}},{"type":"Feature","geometry":{"type":"Point","coordinates":[77.814069947429289,11.771780340740936]},"properties":{"power_plant":"Mettur","district":"Salem","state":"Tamil Nadu","country":"India","primary_fuel":"Coal","secondary_fuel":"Oil","capacity_mw":840,"owner":null,"lat":"11.77178034","long":"77.81406995","commissioning_year":1988}},{"type":"Feature","geometry":{"type":"Point","coordinates":[77.813800000093153,11.769599999827985]},"properties":{"power_plant":"Mettur TPS Ext","district":"Salem","state":"Tamil Nadu","country":"India","primary_fuel":"Coal","secondary_fuel":"Oil","capacity_mw":600,"owner":null,"lat":"11.7696","long":"77.8138","commissioning_year":2012}},{"type":"Feature","geometry":{"type":"Point","coordinates":[78.933400000163687,21.037700000333988]},"properties":{"power_plant":"Mihan Thermal Power Plant","district":"Nagpur","state":"Maharashtra","country":"India","primary_fuel":"Coal","secondary_fuel":"Oil","capacity_mw":246,"owner":null,"lat":"21.0377","long":"78.9334","commissioning_year":2010}},{"type":"Feature","geometry":{"type":"Point","coordinates":[91.274000000312157,23.437999999698864]},"properties":{"power_plant":"Monarchak Combined Cycle Power Plant","district":"Sepahijala","state":"Tripura","country":"India","primary_fuel":"Gas","secondary_fuel":null,"capacity_mw":101,"owner":null,"lat":"23.438","long":"91.274","commissioning_year":2015}},{"type":"Feature","geometry":{"type":"Point","coordinates":[74.407200000419849,23.549600000100043]},"properties":{"power_plant":"Mordi Plant","district":"Banswara","state":"Rajasthan","country":"India","primary_fuel":"Coal","secondary_fuel":null,"capacity_mw":46,"owner":"RSWM Limited","lat":"23.5496","long":"74.4072","commissioning_year":null}},{"type":"Feature","geometry":{"type":"Point","coordinates":[79.39779999994451,21.179700000198203]},"properties":{"power_plant":"Mouda STPS","district":"Nagpur","state":"Maharashtra","country":"India","primary_fuel":"Coal","secondary_fuel":"Oil","capacity_mw":2320,"owner":null,"lat":"21.1797","long":"79.3978","commissioning_year":2014}},{"type":"Feature","geometry":{"type":"Point","coordinates":[75.300500000189572,16.201699999600969]},"properties":{"power_plant":"Mudhol Cement","district":"Bagalkote","state":"Karnataka","country":"India","primary_fuel":"Coal","secondary_fuel":null,"capacity_mw":50,"owner":"Jk Cement Limited","lat":"16.2017","long":"75.3005","commissioning_year":null}},{"type":"Feature","geometry":{"type":"Point","coordinates":[79.714800000110984,20.080500000333032]},"properties":{"power_plant":"Mul Greta","district":"Chandrapur","state":"Maharashtra","country":"India","primary_fuel":"Coal","secondary_fuel":null,"capacity_mw":15,"owner":"Greta Energy Limited","lat":"20.0805","long":"79.7148","commissioning_year":null}},{"type":"Feature","geometry":{"type":"Point","coordinates":[72.89480000020194,19.015999999897328]},"properties":{"power_plant":"Mumbai Bpcl","district":"Mumbai Suburban","state":"Maharashtra","country":"India","primary_fuel":"Gas","secondary_fuel":null,"capacity_mw":31.199999999999999,"owner":"Bharat Corp Limited","lat":"19.016","long":"72.8948","commissioning_year":null}},{"type":"Feature","geometry":{"type":"Point","coordinates":[72.946500000435393,18.530899999646056]},"properties":{"power_plant":"Mumbai Jindal","district":"Raigad","state":"Maharashtra","country":"India","primary_fuel":"Oil","secondary_fuel":null,"capacity_mw":25.199999999999999,"owner":"Jsw Steel Limited","lat":"18.5309","long":"72.9465","commissioning_year":null}},{"type":"Feature","geometry":{"type":"Point","coordinates":[72.899700000158049,18.998799999656093]},"properties":{"power_plant":"Mumbai ONGC","district":"Mumbai Suburban","state":"Maharashtra","country":"India","primary_fuel":"Gas","secondary_fuel":null,"capacity_mw":75,"owner":"Ongc Gas Corp","lat":"18.9988","long":"72.8997","commissioning_year":null}},{"type":"Feature","geometry":{"type":"Point","coordinates":[69.553199999616282,22.823000000228895]},"properties":{"power_plant":"Mundra Thermal Power Plant","district":"Kachchh","state":"Gujarat","country":"India","primary_fuel":"Coal","secondary_fuel":"Oil","capacity_mw":4620,"owner":null,"lat":"22.823","long":"69.5532","commissioning_year":2010}},{"type":"Feature","geometry":{"type":"Point","coordinates":[69.528099999786164,22.815800000077619]},"properties":{"power_plant":"Mundra Umpp","district":"Kachchh","state":"Gujarat","country":"India","primary_fuel":"Coal","secondary_fuel":"Oil","capacity_mw":4000,"owner":null,"lat":"22.8158","long":"69.5281","commissioning_year":2012}},{"type":"Feature","geometry":{"type":"Point","coordinates":[85.301699999994739,26.195300000231153]},"properties":{"power_plant":"Muzaffarpur","district":"Muzaffarpur","state":"Bihar","country":"India","primary_fuel":"Coal","secondary_fuel":"Oil","capacity_mw":610,"owner":null,"lat":"26.1953","long":"85.3017","commissioning_year":2005}},{"type":"Feature","geometry":{"type":"Point","coordinates":[84.158800000242962,24.775399999615601]},"properties":{"power_plant":"Nabi Nagar Thermal Power Plant","district":"Aurangabad","state":"Bihar","country":"India","primary_fuel":"Coal","secondary_fuel":"Oil","capacity_mw":750,"owner":null,"lat":"24.7754","long":"84.1588","commissioning_year":2017}},{"type":"Feature","geometry":{"type":"Point","coordinates":[75.407999999648084,23.446900000353931]},"properties":{"power_plant":"Nagda Grasim","district":"Ujjain","state":"Madhya Pradesh","country":"India","primary_fuel":"Coal","secondary_fuel":null,"capacity_mw":45.5,"owner":"Grasim Industries Limited","lat":"23.4469","long":"75.408","commissioning_year":null}},{"type":"Feature","geometry":{"type":"Point","coordinates":[73.186200000047805,18.882900000173265]},"properties":{"power_plant":"Nagothane Complex","district":"Raigad","state":"Maharashtra","country":"India","primary_fuel":"Oil","secondary_fuel":null,"capacity_mw":78.900000000000006,"owner":"Reliance Reliance Petrochemicals","lat":"18.8829","long":"73.1862","commissioning_year":null}},{"type":"Feature","geometry":{"type":"Point","coordinates":[79.245500000374051,20.927600000164901]},"properties":{"power_plant":"Nagpur Sponge Iron","district":"Nagpur","state":"Maharashtra","country":"India","primary_fuel":"Coal","secondary_fuel":null,"capacity_mw":65,"owner":"Topworth Metals Limited","lat":"20.9276","long":"79.2455","commissioning_year":null}},{"type":"Feature","geometry":{"type":"Point","coordinates":[95.376000000006627,27.185800000304287]},"properties":{"power_plant":"Namrup GT","district":"Dibrugarh","state":"Assam","country":"India","primary_fuel":"Gas","secondary_fuel":null,"capacity_mw":161.75,"owner":null,"lat":"27.1858","long":"95.376","commissioning_year":1990}},{"type":"Feature","geometry":{"type":"Point","coordinates":[73.891707311843263,19.980468692728241]},"properties":{"power_plant":"Nasik","district":"Nashik","state":"Maharashtra","country":"India","primary_fuel":"Coal","secondary_fuel":"Oil","capacity_mw":630,"owner":null,"lat":"19.98046869","long":"73.89170731","commissioning_year":1980}},{"type":"Feature","geometry":{"type":"Point","coordinates":[74.083500000148376,19.865799999771209]},"properties":{"power_plant":"Nasik Sinnar","district":"Nashik","state":"Maharashtra","country":"India","primary_fuel":"Coal","secondary_fuel":null,"capacity_mw":270,"owner":"Rattanindia Power Limited","lat":"19.8658","long":"74.0835","commissioning_year":null}},{"type":"Feature","geometry":{"type":"Point","coordinates":[73.889599999832299,19.981699999728924]},"properties":{"power_plant":"Nasik Thermal Power Plant Ph 1","district":"Nashik","state":"Maharashtra","country":"India","primary_fuel":"Coal","secondary_fuel":"Oil","capacity_mw":1350,"owner":null,"lat":"19.9817","long":"73.8896","commissioning_year":2016}},{"type":"Feature","geometry":{"type":"Point","coordinates":[83.278800000225758,21.91999999960548]},"properties":{"power_plant":"Nawapara","district":"Raigarh","state":"Chhattisgarh","country":"India","primary_fuel":"Coal","secondary_fuel":"Oil","capacity_mw":600,"owner":null,"lat":"21.92","long":"83.2788","commissioning_year":2016}},{"type":"Feature","geometry":{"type":"Point","coordinates":[76.401400000060988,21.450399999702636]},"properties":{"power_plant":"Nepanagar Mill","district":"Burhanpur","state":"Madhya Pradesh","country":"India","primary_fuel":"Coal","secondary_fuel":null,"capacity_mw":12.27,"owner":"National And paper","lat":"21.4504","long":"76.4014","commissioning_year":null}},{"type":"Feature","geometry":{"type":"Point","coordinates":[79.461100000239028,11.588699999829563]},"properties":{"power_plant":"Neyveli Fst Ext","district":"Cuddalore","state":"Tamil Nadu","country":"India","primary_fuel":"Coal","secondary_fuel":"Oil","capacity_mw":420,"owner":null,"lat":"11.5887","long":"79.4611","commissioning_year":2002}},{"type":"Feature","geometry":{"type":"Point","coordinates":[79.470399999660728,11.589300000208526]},"properties":{"power_plant":"Neyveli St I","district":"Cuddalore","state":"Tamil Nadu","country":"India","primary_fuel":"Coal","secondary_fuel":"Oil","capacity_mw":600,"owner":null,"lat":"11.5893","long":"79.4704","commissioning_year":1966}},{"type":"Feature","geometry":{"type":"Point","coordinates":[79.441700000431197,11.557600000336471]},"properties":{"power_plant":"Neyveli St II","district":"Cuddalore","state":"Tamil Nadu","country":"India","primary_fuel":"Coal","secondary_fuel":"Oil","capacity_mw":1470,"owner":null,"lat":"11.5576","long":"79.4417","commissioning_year":1989}},{"type":"Feature","geometry":{"type":"Point","coordinates":[79.440799999907568,11.553399999996861]},"properties":{"power_plant":"Neyveli Tps Exp II","district":"Cuddalore","state":"Tamil Nadu","country":"India","primary_fuel":"Coal","secondary_fuel":"Oil","capacity_mw":500,"owner":null,"lat":"11.5534","long":"79.4408","commissioning_year":2013}},{"type":"Feature","geometry":{"type":"Point","coordinates":[79.415900000094027,11.540099999682564]},"properties":{"power_plant":"Neyveli Tps Z","district":"Cuddalore","state":"Tamil Nadu","country":"India","primary_fuel":"Coal","secondary_fuel":"Oil","capacity_mw":250,"owner":null,"lat":"11.5401","long":"79.4159","commissioning_year":2002}},{"type":"Feature","geometry":{"type":"Point","coordinates":[81.904500000200542,24.150000000072694]},"properties":{"power_plant":"Nigri","district":"Singrauli","state":"Madhya Pradesh","country":"India","primary_fuel":"Coal","secondary_fuel":"Oil","capacity_mw":1320,"owner":null,"lat":"24.15","long":"81.9045","commissioning_year":2014}},{"type":"Feature","geometry":{"type":"Point","coordinates":[74.684300000430468,24.642800000338688]},"properties":{"power_plant":"Nimbahera Jk Cement","district":"Chittorgarh","state":"Rajasthan","country":"India","primary_fuel":"Coal","secondary_fuel":null,"capacity_mw":33.200000000000003,"owner":"Jk Cement Limited","lat":"24.6428","long":"74.6843","commissioning_year":null}},{"type":"Feature","geometry":{"type":"Point","coordinates":[74.609200000058323,25.204200000294534]},"properties":{"power_plant":"Nitin Plant","district":"Bhilwara","state":"Rajasthan","country":"India","primary_fuel":"Coal","secondary_fuel":null,"capacity_mw":10.5,"owner":"Nitin Spinners Limited","lat":"25.2042","long":"74.6092","commissioning_year":null}},{"type":"Feature","geometry":{"type":"Point","coordinates":[80.326001448439129,13.246459640580515]},"properties":{"power_plant":"North Chennai","district":"Thiruvallur","state":"Tamil Nadu","country":"India","primary_fuel":"Coal","secondary_fuel":"Oil","capacity_mw":630,"owner":null,"lat":"13.24645964","long":"80.32600145","commissioning_year":1995}},{"type":"Feature","geometry":{"type":"Point","coordinates":[80.325699999880925,13.245000000212681]},"properties":{"power_plant":"North Chennai Extension","district":"Thiruvallur","state":"Tamil Nadu","country":"India","primary_fuel":"Coal","secondary_fuel":"Oil","capacity_mw":1200,"owner":null,"lat":"13.245","long":"80.3257","commissioning_year":2013}},{"type":"Feature","geometry":{"type":"Point","coordinates":[82.98030000024184,24.444800000306635]},"properties":{"power_plant":"Obra A","district":"Sonbhadra","state":"Uttar Pradesh","country":"India","primary_fuel":"Coal","secondary_fuel":"Oil","capacity_mw":1094,"owner":null,"lat":"24.4448","long":"82.9803","commissioning_year":1979}},{"type":"Feature","geometry":{"type":"Point","coordinates":[79.834000000088025,11.074899999618852]},"properties":{"power_plant":"P Nallur Ccgt","district":"Mayiladuthurai","state":"Tamil Nadu","country":"India","primary_fuel":"Gas","secondary_fuel":null,"capacity_mw":330.5,"owner":null,"lat":"11.0749","long":"79.834","commissioning_year":2001}},{"type":"Feature","geometry":{"type":"Point","coordinates":[72.978999999979223,21.779999999637653]},"properties":{"power_plant":"Paguthan","district":"Bharuch","state":"Gujarat","country":"India","primary_fuel":"Gas","secondary_fuel":null,"capacity_mw":655,"owner":null,"lat":"21.78","long":"72.979","commissioning_year":1997}},{"type":"Feature","geometry":{"type":"Point","coordinates":[80.143100000050282,14.351200000023253]},"properties":{"power_plant":"Painampuram","district":"Sri Potti Sriramulu Nellore","state":"Andhra Pradesh","country":"India","primary_fuel":"Coal","secondary_fuel":"Oil","capacity_mw":1320,"owner":null,"lat":"14.3512","long":"80.1431","commissioning_year":2015}},{"type":"Feature","geometry":{"type":"Point","coordinates":[91.438499999993311,23.498699999611095]},"properties":{"power_plant":"Palatana Combined Cycle Power Plant","district":"Gomati","state":"Tripura","country":"India","primary_fuel":"Gas","secondary_fuel":null,"capacity_mw":726.60000000000002,"owner":null,"lat":"23.4987","long":"91.4385","commissioning_year":2013}},{"type":"Feature","geometry":{"type":"Point","coordinates":[74.91749999995443,34.004000000354061]},"properties":{"power_plant":"Pampore GT","district":"Pulwama","state":"Jammu And Kashmir","country":"India","primary_fuel":"Oil","secondary_fuel":null,"capacity_mw":175,"owner":null,"lat":"34.004","long":"74.9175","commissioning_year":1992}},{"type":"Feature","geometry":{"type":"Point","coordinates":[76.876300000261054,29.397500000173839]},"properties":{"power_plant":"Panipat","district":"Panipat","state":"Haryana","country":"India","primary_fuel":"Coal","secondary_fuel":"Oil","capacity_mw":920,"owner":null,"lat":"29.3975","long":"76.8763","commissioning_year":2000}},{"type":"Feature","geometry":{"type":"Point","coordinates":[76.794800000257936,20.714700000062777]},"properties":{"power_plant":"Paras","district":"Akola","state":"Maharashtra","country":"India","primary_fuel":"Coal","secondary_fuel":"Oil","capacity_mw":500,"owner":null,"lat":"20.7147","long":"76.7948","commissioning_year":2009}},{"type":"Feature","geometry":{"type":"Point","coordinates":[78.758800000096358,25.512400000087975]},"properties":{"power_plant":"Paricha","district":"Jhansi","state":"Uttar Pradesh","country":"India","primary_fuel":"Coal","secondary_fuel":"Oil","capacity_mw":1140,"owner":null,"lat":"25.5124","long":"78.7588","commissioning_year":2004}},{"type":"Feature","geometry":{"type":"Point","coordinates":[76.525400000434999,18.868499999792036]},"properties":{"power_plant":"Parli","district":"Beed","state":"Maharashtra","country":"India","primary_fuel":"Coal","secondary_fuel":"Oil","capacity_mw":1170,"owner":null,"lat":"18.8685","long":"76.5254","commissioning_year":2002}},{"type":"Feature","geometry":{"type":"Point","coordinates":[73.181399999650822,18.883400000078399]},"properties":{"power_plant":"Patalganga","district":"Raigad","state":"Maharashtra","country":"India","primary_fuel":"Gas","secondary_fuel":null,"capacity_mw":66,"owner":"Reliance Limited Ril","lat":"18.8834","long":"73.1814","commissioning_year":null}},{"type":"Feature","geometry":{"type":"Point","coordinates":[82.724600000204461,22.245400000150219]},"properties":{"power_plant":"Pathadi TPS Ph I","district":"Korba","state":"Chhattisgarh","country":"India","primary_fuel":"Coal","secondary_fuel":"Oil","capacity_mw":600,"owner":null,"lat":"22.2454","long":"82.7246","commissioning_year":2009}},{"type":"Feature","geometry":{"type":"Point","coordinates":[82.12829999984541,17.085299999843691]},"properties":{"power_plant":"Peddapuram CCGT Samalkot","district":"Kakinada","state":"Andhra Pradesh","country":"India","primary_fuel":"Gas","secondary_fuel":null,"capacity_mw":220,"owner":null,"lat":"17.0853","long":"82.1283","commissioning_year":2002}},{"type":"Feature","geometry":{"type":"Point","coordinates":[71.469300000433833,20.898600000259034]},"properties":{"power_plant":"Pipavav Combined Cycle Power Plant","district":"Amreli","state":"Gujarat","country":"India","primary_fuel":"Gas","secondary_fuel":"Oil","capacity_mw":702.86000000000001,"owner":null,"lat":"20.8986","long":"71.4693","commissioning_year":2013}},{"type":"Feature","geometry":{"type":"Point","coordinates":[77.070599999711902,28.796199999859549]},"properties":{"power_plant":"Pragati Combined Cycle Power Plant III","district":"Outer North","state":"Delhi","country":"India","primary_fuel":"Gas","secondary_fuel":null,"capacity_mw":1371.2,"owner":null,"lat":"28.7962","long":"77.0706","commissioning_year":2012}},{"type":"Feature","geometry":{"type":"Point","coordinates":[77.252800000407774,28.614600000370924]},"properties":{"power_plant":"Pragati CCGT","district":"South East","state":"Delhi","country":"India","primary_fuel":"Gas","secondary_fuel":null,"capacity_mw":330,"owner":null,"lat":"28.6146","long":"77.2528","commissioning_year":2002}},{"type":"Feature","geometry":{"type":"Point","coordinates":[81.659400000141531,25.196000000377424]},"properties":{"power_plant":"Pryagraj Bara Thermal Power Plant","district":"Prayagraj","state":"Uttar Pradesh","country":"India","primary_fuel":"Coal","secondary_fuel":"Oil","capacity_mw":1980,"owner":null,"lat":"25.196","long":"81.6594","commissioning_year":2016}},{"type":"Feature","geometry":{"type":"Point","coordinates":[74.753099999832372,18.241700000163725]},"properties":{"power_plant":"Pune Mill","district":"Pune","state":"Maharashtra","country":"India","primary_fuel":"Coal","secondary_fuel":null,"capacity_mw":30,"owner":"Sinarmas Paper Limited","lat":"18.2417","long":"74.7531","commissioning_year":null}},{"type":"Feature","geometry":{"type":"Point","coordinates":[74.123400000304215,26.298399999686232]},"properties":{"power_plant":"Rabriyawas Cement","district":"Beawar","state":"Rajasthan","country":"India","primary_fuel":"Coal","secondary_fuel":null,"capacity_mw":18.699999999999999,"owner":"Ambuja Cements Limited","lat":"26.2984","long":"74.1234","commissioning_year":null}},{"type":"Feature","geometry":{"type":"Point","coordinates":[86.660999999677699,23.621999999828823]},"properties":{"power_plant":"Raghunathpur Thermal Power Plant Ph I","district":"Purulia","state":"West Bengal","country":"India","primary_fuel":"Coal","secondary_fuel":"Oil","capacity_mw":1200,"owner":null,"lat":"23.622","long":"86.661","commissioning_year":2015}},{"type":"Feature","geometry":{"type":"Point","coordinates":[77.342199999716811,16.35319999971686]},"properties":{"power_plant":"Raichur","district":"Raichur","state":"Karnataka","country":"India","primary_fuel":"Coal","secondary_fuel":"Oil","capacity_mw":1720,"owner":null,"lat":"16.3532","long":"77.3422","commissioning_year":1996}},{"type":"Feature","geometry":{"type":"Point","coordinates":[77.360800000356832,16.302699999876843]},"properties":{"power_plant":"Raichur Steel","district":"Raichur","state":"Karnataka","country":"India","primary_fuel":"Coal","secondary_fuel":null,"capacity_mw":35,"owner":"Surana Industries Limited","lat":"16.3027","long":"77.3608","commissioning_year":null}},{"type":"Feature","geometry":{"type":"Point","coordinates":[83.233099999590181,21.984600000345335]},"properties":{"power_plant":"Raigarh Thermal Power Plant","district":"Raigarh","state":"Chhattisgarh","country":"India","primary_fuel":"Coal","secondary_fuel":"Oil","capacity_mw":1000,"owner":null,"lat":"21.9846","long":"83.2331","commissioning_year":2007}},{"type":"Feature","geometry":{"type":"Point","coordinates":[81.852500000391444,21.449900000169333]},"properties":{"power_plant":"Raikheda","district":"Raipur","state":"Chhattisgarh","country":"India","primary_fuel":"Coal","secondary_fuel":"Oil","capacity_mw":1370,"owner":null,"lat":"21.4499","long":"81.8525","commissioning_year":2015}},{"type":"Feature","geometry":{"type":"Point","coordinates":[77.174899999804097,17.142699999725789]},"properties":{"power_plant":"Rajashree Cement","district":"Kalaburagi","state":"Karnataka","country":"India","primary_fuel":"Coal","secondary_fuel":null,"capacity_mw":38.5,"owner":"Grasim Cement Limited","lat":"17.1427","long":"77.1749","commissioning_year":null}},{"type":"Feature","geometry":{"type":"Point","coordinates":[77.254199999625271,28.63609999997702]},"properties":{"power_plant":"Rajghat","district":"South East","state":"Delhi","country":"India","primary_fuel":"Coal","secondary_fuel":"Oil","capacity_mw":135,"owner":null,"lat":"28.6361","long":"77.2542","commissioning_year":1990}},{"type":"Feature","geometry":{"type":"Point","coordinates":[75.869000000046071,29.356000000204297]},"properties":{"power_plant":"Rajiv Gandhi Tps Hisar","district":"Hisar","state":"Haryana","country":"India","primary_fuel":"Coal","secondary_fuel":"Oil","capacity_mw":1200,"owner":null,"lat":"29.356","long":"75.869","commissioning_year":2010}},{"type":"Feature","geometry":{"type":"Point","coordinates":[74.119700000447352,24.964300000385972]},"properties":{"power_plant":"Rajpura Dariba Mine","district":"Chittorgarh","state":"Rajasthan","country":"India","primary_fuel":"Coal","secondary_fuel":null,"capacity_mw":160,"owner":"Hindustan Zinc Limited","lat":"24.9643","long":"74.1197","commissioning_year":null}},{"type":"Feature","geometry":{"type":"Point","coordinates":[76.577000000211001,30.557000000186115]},"properties":{"power_plant":"Rajpura Thermal Power Plant","district":"Patiala","state":"Punjab","country":"India","primary_fuel":"Coal","secondary_fuel":"Oil","capacity_mw":1400,"owner":null,"lat":"30.557","long":"76.577","commissioning_year":2014}},{"type":"Feature","geometry":{"type":"Point","coordinates":[70.538000000216201,27.335999999766166]},"properties":{"power_plant":"Ramgarh GT","district":"Jaisalmer","state":"Rajasthan","country":"India","primary_fuel":"Gas","secondary_fuel":"Oil","capacity_mw":270.5,"owner":null,"lat":"27.336","long":"70.538","commissioning_year":2008}},{"type":"Feature","geometry":{"type":"Point","coordinates":[74.187800000240571,26.263000000327839]},"properties":{"power_plant":"RAS Cement Plant","district":"Beawar","state":"Rajasthan","country":"India","primary_fuel":"Coal","secondary_fuel":null,"capacity_mw":36,"owner":"Shree Cement Limited","lat":"26.263","long":"74.1878","commissioning_year":null}},{"type":"Feature","geometry":{"type":"Point","coordinates":[82.492999999914517,22.340399999888223]},"properties":{"power_plant":"Ratija Thermal Power Plant","district":"Korba","state":"Chhattisgarh","country":"India","primary_fuel":"Coal","secondary_fuel":"Oil","capacity_mw":100,"owner":null,"lat":"22.3404","long":"82.493","commissioning_year":2014}},{"type":"Feature","geometry":{"type":"Point","coordinates":[73.167000000256508,17.558699999741027]},"properties":{"power_plant":"Ratnagiri Gas","district":"Ratnagiri","state":"Maharashtra","country":"India","primary_fuel":"Gas","secondary_fuel":null,"capacity_mw":1967.0799999999999,"owner":null,"lat":"17.5587","long":"73.167","commissioning_year":2003}},{"type":"Feature","geometry":{"type":"Point","coordinates":[78.457699999897415,14.704000000365271]},"properties":{"power_plant":"Rayal Seema","district":"Y S R Kadapa","state":"Andhra Pradesh","country":"India","primary_fuel":"Coal","secondary_fuel":"Oil","capacity_mw":1650,"owner":null,"lat":"14.704","long":"78.4577","commissioning_year":2008}},{"type":"Feature","geometry":{"type":"Point","coordinates":[73.876999999688536,15.377099999766235]},"properties":{"power_plant":"Reliance Energy","district":"South Goa","state":"Goa","country":"India","primary_fuel":"Gas","secondary_fuel":null,"capacity_mw":48,"owner":null,"lat":"15.3771","long":"73.877","commissioning_year":1999}},{"type":"Feature","geometry":{"type":"Point","coordinates":[82.791499999898434,24.02699999989736]},"properties":{"power_plant":"Rihand","district":"Sonbhadra","state":"Uttar Pradesh","country":"India","primary_fuel":"Coal","secondary_fuel":"Oil","capacity_mw":3000,"owner":null,"lat":"24.027","long":"82.7915","commissioning_year":2002}},{"type":"Feature","geometry":{"type":"Point","coordinates":[77.101599999580841,28.73269999981818]},"properties":{"power_plant":"Rithala Combined Cycle Power Plant","district":"North West ","state":"Delhi","country":"India","primary_fuel":"Gas","secondary_fuel":null,"capacity_mw":94.799999999999997,"owner":null,"lat":"28.7327","long":"77.1016","commissioning_year":2010}},{"type":"Feature","geometry":{"type":"Point","coordinates":[91.194800000050094,23.626000000017509]},"properties":{"power_plant":"Rokhia GT","district":"Sepahijala","state":"Tripura","country":"India","primary_fuel":"Gas","secondary_fuel":null,"capacity_mw":63,"owner":null,"lat":"23.626","long":"91.1948","commissioning_year":2007}},{"type":"Feature","geometry":{"type":"Point","coordinates":[76.584700000398698,31.041699999798539]},"properties":{"power_plant":"Ropar","district":"Rupnagar","state":"Punjab","country":"India","primary_fuel":"Coal","secondary_fuel":"Oil","capacity_mw":840,"owner":null,"lat":"31.0417","long":"76.5847","commissioning_year":1990}},{"type":"Feature","geometry":{"type":"Point","coordinates":[79.936000000439151,27.817999999946519]},"properties":{"power_plant":"Rosa Thermal Power Plant Ph 1","district":"Shahjahanpur","state":"Uttar Pradesh","country":"India","primary_fuel":"Coal","secondary_fuel":"Oil","capacity_mw":1200,"owner":null,"lat":"27.818","long":"79.936","commissioning_year":2010}},{"type":"Feature","geometry":{"type":"Point","coordinates":[79.449399999720541,18.769499999762601]},"properties":{"power_plant":"R Gundem B","district":"Peddapalli","state":"Telangana","country":"India","primary_fuel":"Coal","secondary_fuel":"Oil","capacity_mw":62.5,"owner":null,"lat":"18.7695","long":"79.4494","commissioning_year":1970}},{"type":"Feature","geometry":{"type":"Point","coordinates":[79.456000000266386,18.757200000079845]},"properties":{"power_plant":"R Gundem STPS","district":"Peddapalli","state":"Telangana","country":"India","primary_fuel":"Coal","secondary_fuel":"Oil","capacity_mw":2600,"owner":null,"lat":"18.7572","long":"79.456","commissioning_year":1990}},{"type":"Feature","geometry":{"type":"Point","coordinates":[88.104599999595322,24.369599999864693]},"properties":{"power_plant":"Sagardighi Thermal Power Plant","district":"Murshidabad","state":"West Bengal","country":"India","primary_fuel":"Coal","secondary_fuel":"Oil","capacity_mw":1600,"owner":null,"lat":"24.3696","long":"88.1046","commissioning_year":2012}},{"type":"Feature","geometry":{"type":"Point","coordinates":[69.710099999567177,22.304899999788287]},"properties":{"power_plant":"Salaya Thermal Power Plant","district":"Devbhumi Dwarka","state":"Gujarat","country":"India","primary_fuel":"Coal","secondary_fuel":"Oil","capacity_mw":1200,"owner":null,"lat":"22.3049","long":"69.7101","commissioning_year":2012}},{"type":"Feature","geometry":{"type":"Point","coordinates":[78.403800000380343,12.299499999595936]},"properties":{"power_plant":"Samalpatti DG","district":"Krishnagiri","state":"Tamil Nadu","country":"India","primary_fuel":"Oil","secondary_fuel":null,"capacity_mw":105.7,"owner":null,"lat":"12.2995","long":"78.4038","commissioning_year":2001}},{"type":"Feature","geometry":{"type":"Point","coordinates":[78.044499999859525,9.9750999995749421]},"properties":{"power_plant":"Samayanallur DG","district":"Madurai","state":"Tamil Nadu","country":"India","primary_fuel":"Oil","secondary_fuel":null,"capacity_mw":106,"owner":null,"lat":"9.9751","long":"78.0445","commissioning_year":2001}},{"type":"Feature","geometry":{"type":"Point","coordinates":[81.066799999639343,23.302600000355817]},"properties":{"power_plant":"Sanjay Gandhi","district":"Umaria","state":"Madhya Pradesh","country":"India","primary_fuel":"Coal","secondary_fuel":"Oil","capacity_mw":1340,"owner":null,"lat":"23.3026","long":"81.0668","commissioning_year":2000}},{"type":"Feature","geometry":{"type":"Point","coordinates":[86.4665999997694,23.601300000195497]},"properties":{"power_plant":"Santaldih","district":"Purulia","state":"West Bengal","country":"India","primary_fuel":"Coal","secondary_fuel":"Oil","capacity_mw":500,"owner":null,"lat":"23.6013","long":"86.4666","commissioning_year":2009}},{"type":"Feature","geometry":{"type":"Point","coordinates":[82.62749999980943,23.978399999655959]},"properties":{"power_plant":"Sasan Umpp","district":"Singrauli","state":"Madhya Pradesh","country":"India","primary_fuel":"Coal","secondary_fuel":"Oil","capacity_mw":3960,"owner":null,"lat":"23.9784","long":"82.6275","commissioning_year":2013}},{"type":"Feature","geometry":{"type":"Point","coordinates":[80.85800000033673,24.595899999874604]},"properties":{"power_plant":"Satna Cement Plant","district":"Satna","state":"Madhya Pradesh","country":"India","primary_fuel":"Coal","secondary_fuel":null,"capacity_mw":29,"owner":"Birla Corp Limited","lat":"24.5959","long":"80.858","commissioning_year":null}},{"type":"Feature","geometry":{"type":"Point","coordinates":[78.173000000156549,22.109999999737461]},"properties":{"power_plant":"Satpura","district":"Betul","state":"Madhya Pradesh","country":"India","primary_fuel":"Coal","secondary_fuel":"Oil","capacity_mw":1330,"owner":null,"lat":"22.11","long":"78.173","commissioning_year":1993}},{"type":"Feature","geometry":{"type":"Point","coordinates":[79.912299999826502,22.735499999897971]},"properties":{"power_plant":"Seioni Thermal Power Plant","district":"Seoni","state":"Madhya Pradesh","country":"India","primary_fuel":"Coal","secondary_fuel":"Oil","capacity_mw":600,"owner":null,"lat":"22.7355","long":"79.9123","commissioning_year":2016}},{"type":"Feature","geometry":{"type":"Point","coordinates":[80.144300000149528,14.351000000193588]},"properties":{"power_plant":"Sembcorp Gayatri","district":"Sri Potti Sriramulu Nellore","state":"Andhra Pradesh","country":"India","primary_fuel":"Coal","secondary_fuel":"Oil","capacity_mw":1320,"owner":null,"lat":"14.351","long":"80.1443","commissioning_year":2016}},{"type":"Feature","geometry":{"type":"Point","coordinates":[74.385800000446565,26.074300000331348]},"properties":{"power_plant":"Shree Mega Power","district":"Beawar","state":"Rajasthan","country":"India","primary_fuel":"Coal","secondary_fuel":null,"capacity_mw":300,"owner":"Shree Cement Limited","lat":"26.0743","long":"74.3858","commissioning_year":null}},{"type":"Feature","geometry":{"type":"Point","coordinates":[75.883200000322176,25.129599999933333]},"properties":{"power_plant":"Shriram Rayons Plant","district":"Kota","state":"Rajasthan","country":"India","primary_fuel":"Coal","secondary_fuel":null,"capacity_mw":40,"owner":"Dcm Industries Limited","lat":"25.1296","long":"75.8832","commissioning_year":null}},{"type":"Feature","geometry":{"type":"Point","coordinates":[69.827599999852779,22.420800000251084]},"properties":{"power_plant":"Sikka Rep","district":"Jamnagar","state":"Gujarat","country":"India","primary_fuel":"Coal","secondary_fuel":"Oil","capacity_mw":500,"owner":null,"lat":"22.4208","long":"69.8276","commissioning_year":2015}},{"type":"Feature","geometry":{"type":"Point","coordinates":[83.091699999573748,17.591000000161124]},"properties":{"power_plant":"Simhadri","district":"Anakapalli","state":"Andhra Pradesh","country":"India","primary_fuel":"Coal","secondary_fuel":"Oil","capacity_mw":2000,"owner":null,"lat":"17.591","long":"83.0917","commissioning_year":2006}},{"type":"Feature","geometry":{"type":"Point","coordinates":[80.090786776566205,14.212501977417949]},"properties":{"power_plant":"Simhapuri Thermal Power Plant","district":"Tirupati","state":"Andhra Pradesh","country":"India","primary_fuel":"Coal","secondary_fuel":"Oil","capacity_mw":600,"owner":null,"lat":"14.21250198","long":"80.09078678","commissioning_year":2013}},{"type":"Feature","geometry":{"type":"Point","coordinates":[79.574800000210317,18.837199999761911]},"properties":{"power_plant":"Singareni Thermal Power Plant","district":"Mancherial","state":"Telangana","country":"India","primary_fuel":"Coal","secondary_fuel":"Oil","capacity_mw":1200,"owner":null,"lat":"18.8372","long":"79.5748","commissioning_year":2016}},{"type":"Feature","geometry":{"type":"Point","coordinates":[82.706799999630618,24.103300000184188]},"properties":{"power_plant":"Singrauli STPS","district":"Sonbhadra","state":"Uttar Pradesh","country":"India","primary_fuel":"Coal","secondary_fuel":"Oil","capacity_mw":2000,"owner":null,"lat":"24.1033","long":"82.7068","commissioning_year":1984}},{"type":"Feature","geometry":{"type":"Point","coordinates":[82.293000000441424,22.129999999872929]},"properties":{"power_plant":"Sipat STPS","district":"Bilaspur","state":"Chhattisgarh","country":"India","primary_fuel":"Coal","secondary_fuel":"Oil","capacity_mw":2980,"owner":null,"lat":"22.13","long":"82.293","commissioning_year":2010}},{"type":"Feature","geometry":{"type":"Point","coordinates":[80.040699999666074,16.830100000029372]},"properties":{"power_plant":"Sitapuram Power Limited","district":"Suryapet","state":"Telangana","country":"India","primary_fuel":"Coal","secondary_fuel":"Oil","capacity_mw":43,"owner":null,"lat":"16.8301","long":"80.0407","commissioning_year":2016}},{"type":"Feature","geometry":{"type":"Point","coordinates":[77.245999999845395,31.753700000201771]},"properties":{"power_plant":"Solapur Super Thermal Power Plant","district":"Kullu","state":"Himachal Pradesh","country":"India","primary_fuel":"Coal","secondary_fuel":"Oil","capacity_mw":1320,"owner":null,"lat":"31.7537","long":"77.246","commissioning_year":2018}},{"type":"Feature","geometry":{"type":"Point","coordinates":[88.29259999987255,22.54880000041025]},"properties":{"power_plant":"Southern REPL","district":"Kolkata","state":"West Bengal","country":"India","primary_fuel":"Coal","secondary_fuel":"Oil","capacity_mw":135,"owner":null,"lat":"22.5488","long":"88.2926","commissioning_year":1990}},{"type":"Feature","geometry":{"type":"Point","coordinates":[84.040400000332113,21.814399999947558]},"properties":{"power_plant":"Sterlite Thermal Power Plant","district":"Jharsuguda","state":"Odisha","country":"India","primary_fuel":"Coal","secondary_fuel":"Oil","capacity_mw":600,"owner":null,"lat":"21.8144","long":"84.0404","commissioning_year":2010}},{"type":"Feature","geometry":{"type":"Point","coordinates":[72.988900000348863,21.339500000400893]},"properties":{"power_plant":"Sugen Combined Cycle Power Plant","district":"Surat","state":"Gujarat","country":"India","primary_fuel":"Gas","secondary_fuel":null,"capacity_mw":1147.5,"owner":null,"lat":"21.3395","long":"72.9889","commissioning_year":2008}},{"type":"Feature","geometry":{"type":"Point","coordinates":[73.105999999703045,21.397000000070403]},"properties":{"power_plant":"Surat LIG","district":"Surat","state":"Gujarat","country":"India","primary_fuel":"Coal","secondary_fuel":"Oil","capacity_mw":500,"owner":null,"lat":"21.397","long":"73.106","commissioning_year":2004}},{"type":"Feature","geometry":{"type":"Point","coordinates":[74.020199999853844,29.179000000170305]},"properties":{"power_plant":"Suratgarh","district":"Ganganagar","state":"Rajasthan","country":"India","primary_fuel":"Coal","secondary_fuel":"Oil","capacity_mw":1500,"owner":null,"lat":"29.179","long":"74.0202","commissioning_year":2002}},{"type":"Feature","geometry":{"type":"Point","coordinates":[82.525700000373192,22.291499999749043]},"properties":{"power_plant":"SVPL","district":"Korba","state":"Chhattisgarh","country":"India","primary_fuel":"Coal","secondary_fuel":"Oil","capacity_mw":63,"owner":null,"lat":"22.2915","long":"82.5257","commissioning_year":2011}},{"type":"Feature","geometry":{"type":"Point","coordinates":[82.704699999906097,22.300500000168459]},"properties":{"power_plant":"Swastik Korba","district":"Korba","state":"Chhattisgarh","country":"India","primary_fuel":"Coal","secondary_fuel":"Oil","capacity_mw":25,"owner":null,"lat":"22.3005","long":"82.7047","commissioning_year":2015}},{"type":"Feature","geometry":{"type":"Point","coordinates":[76.531699999608563,22.097099999642463]},"properties":{"power_plant":"Shri Singaji Malwa Thermal Power Plant","district":"Khandwa East Nimar","state":"Madhya Pradesh","country":"India","primary_fuel":"Coal","secondary_fuel":"Oil","capacity_mw":2520,"owner":null,"lat":"22.0971","long":"76.5317","commissioning_year":2016}},{"type":"Feature","geometry":{"type":"Point","coordinates":[79.203600000052802,20.011600000234704]},"properties":{"power_plant":"Tadali","district":"Chandrapur","state":"Maharashtra","country":"India","primary_fuel":"Coal","secondary_fuel":null,"capacity_mw":600,"owner":"Dhariwal Private Limited","lat":"20.0116","long":"79.2036","commissioning_year":null}},{"type":"Feature","geometry":{"type":"Point","coordinates":[79.186299999969478,20.01230000017825]},"properties":{"power_plant":"Tadali Sponge Iron","district":"Chandrapur","state":"Maharashtra","country":"India","primary_fuel":"Coal","secondary_fuel":null,"capacity_mw":33,"owner":"Mukesh Gupta group","lat":"20.0123","long":"79.1863","commissioning_year":null}},{"type":"Feature","geometry":{"type":"Point","coordinates":[85.207199999814748,20.909899999880267]},"properties":{"power_plant":"Talcher","district":"Anugul","state":"Odisha","country":"India","primary_fuel":"Coal","secondary_fuel":"Oil","capacity_mw":460,"owner":null,"lat":"20.9099","long":"85.2072","commissioning_year":1974}},{"type":"Feature","geometry":{"type":"Point","coordinates":[85.073999999578206,21.096599999963107]},"properties":{"power_plant":"Talcher STPS","district":"Anugul","state":"Odisha","country":"India","primary_fuel":"Coal","secondary_fuel":"Oil","capacity_mw":3000,"owner":null,"lat":"21.0966","long":"85.074","commissioning_year":2001}},{"type":"Feature","geometry":{"type":"Point","coordinates":[75.237199999895054,29.924000000191558]},"properties":{"power_plant":"Talwandi Sabo","district":"Mansa","state":"Punjab","country":"India","primary_fuel":"Coal","secondary_fuel":"Oil","capacity_mw":1980,"owner":null,"lat":"29.924","long":"75.2372","commissioning_year":2015}},{"type":"Feature","geometry":{"type":"Point","coordinates":[83.451299999670212,22.098699999730314]},"properties":{"power_plant":"Tamnar Thermal Power Plant","district":"Raigarh","state":"Chhattisgarh","country":"India","primary_fuel":"Coal","secondary_fuel":"Oil","capacity_mw":2400,"owner":null,"lat":"22.0987","long":"83.4513","commissioning_year":2014}},{"type":"Feature","geometry":{"type":"Point","coordinates":[82.601999999946244,26.586000000219645]},"properties":{"power_plant":"Tanda","district":"Ambedkar Nagar","state":"Uttar Pradesh","country":"India","primary_fuel":"Coal","secondary_fuel":"Oil","capacity_mw":440,"owner":null,"lat":"26.586","long":"82.602","commissioning_year":1991}},{"type":"Feature","geometry":{"type":"Point","coordinates":[74.816000000093837,12.901899999915772]},"properties":{"power_plant":"Tanir Bavi","district":"Dakshina Kannada","state":"Karnataka","country":"India","primary_fuel":"Gas","secondary_fuel":null,"capacity_mw":220,"owner":null,"lat":"12.9019","long":"74.816","commissioning_year":2001}},{"type":"Feature","geometry":{"type":"Point","coordinates":[85.893599999989902,23.757299999900166]},"properties":{"power_plant":"Tenughat","district":"Bokaro","state":"Jharkhand","country":"India","primary_fuel":"Coal","secondary_fuel":"Oil","capacity_mw":420,"owner":null,"lat":"23.7573","long":"85.8936","commissioning_year":1995}},{"type":"Feature","geometry":{"type":"Point","coordinates":[72.870899999572785,18.70259999995838]},"properties":{"power_plant":"Thal Works","district":"Raigad","state":"Maharashtra","country":"India","primary_fuel":"Gas","secondary_fuel":null,"capacity_mw":30,"owner":"Rashtriya and Fert","lat":"18.7026","long":"72.8709","commissioning_year":null}},{"type":"Feature","geometry":{"type":"Point","coordinates":[80.087138669688386,14.213967734260811]},"properties":{"power_plant":"Thamminapatnam Thermal Power Plant","district":"Tirupati","state":"Andhra Pradesh","country":"India","primary_fuel":"Coal","secondary_fuel":"Oil","capacity_mw":300,"owner":null,"lat":"14.21396773","long":"80.08713867","commissioning_year":2012}},{"type":"Feature","geometry":{"type":"Point","coordinates":[73.025800000256595,19.08749999989346]},"properties":{"power_plant":"Thane Plant","district":"Thane","state":"Maharashtra","country":"India","primary_fuel":"Oil","secondary_fuel":null,"capacity_mw":22.5,"owner":"Nocil Rubber","lat":"19.0875","long":"73.0258","commissioning_year":null}},{"type":"Feature","geometry":{"type":"Point","coordinates":[79.967099999867173,21.412899999665235]},"properties":{"power_plant":"Tirora Thermal Power Plant","district":"Gondia","state":"Maharashtra","country":"India","primary_fuel":"Coal","secondary_fuel":"Oil","capacity_mw":3300,"owner":null,"lat":"21.4129","long":"79.9671","commissioning_year":2013}},{"type":"Feature","geometry":{"type":"Point","coordinates":[88.371000000068449,22.731800000176129]},"properties":{"power_plant":"Titagarh","district":"North 24 Parganas","state":"West Bengal","country":"India","primary_fuel":"Coal","secondary_fuel":"Oil","capacity_mw":240,"owner":null,"lat":"22.7318","long":"88.371","commissioning_year":1983}},{"type":"Feature","geometry":{"type":"Point","coordinates":[76.663979471919006,15.187533088390692]},"properties":{"power_plant":"Torangallu Ext","district":"Ballari","state":"Karnataka","country":"India","primary_fuel":"Coal","secondary_fuel":"Oil","capacity_mw":600,"owner":null,"lat":"15.18753309","long":"76.66397947","commissioning_year":2009}},{"type":"Feature","geometry":{"type":"Point","coordinates":[76.662200000070982,15.183899999910039]},"properties":{"power_plant":"Torangallu Imp","district":"Ballari","state":"Karnataka","country":"India","primary_fuel":"Coal","secondary_fuel":"Oil","capacity_mw":260,"owner":null,"lat":"15.1839","long":"76.6622","commissioning_year":1999}},{"type":"Feature","geometry":{"type":"Point","coordinates":[72.593299999969929,23.070100000314039]},"properties":{"power_plant":"Torr Power Sab","district":"Ahmedabad","state":"Gujarat","country":"India","primary_fuel":"Coal","secondary_fuel":"Oil","capacity_mw":422,"owner":null,"lat":"23.0701","long":"72.5933","commissioning_year":1985}},{"type":"Feature","geometry":{"type":"Point","coordinates":[72.898309097281157,19.000438207618064]},"properties":{"power_plant":"Trombay","district":"Mumbai Suburban","state":"Maharashtra","country":"India","primary_fuel":"Oil","secondary_fuel":"Gas","capacity_mw":500,"owner":null,"lat":"19.00043821","long":"72.8983091","commissioning_year":1990}},{"type":"Feature","geometry":{"type":"Point","coordinates":[72.896699999909956,19.001800000302552]},"properties":{"power_plant":"Trombay GT","district":"Mumbai Suburban","state":"Maharashtra","country":"India","primary_fuel":"Gas","secondary_fuel":null,"capacity_mw":180,"owner":null,"lat":"19.0018","long":"72.8967","commissioning_year":1993}},{"type":"Feature","geometry":{"type":"Point","coordinates":[72.889199999738807,19.036600000289166]},"properties":{"power_plant":"Trombay Works","district":"Mumbai Suburban","state":"Maharashtra","country":"India","primary_fuel":"Gas","secondary_fuel":null,"capacity_mw":18,"owner":"Rashtriya and Fert","lat":"19.0366","long":"72.8892","commissioning_year":null}},{"type":"Feature","geometry":{"type":"Point","coordinates":[72.8983236526837,19.000538274598522]},"properties":{"power_plant":"Trombay Coal","district":"Mumbai Suburban","state":"Maharashtra","country":"India","primary_fuel":"Coal","secondary_fuel":"Oil","capacity_mw":750,"owner":null,"lat":"19.00053828","long":"72.89832365","commissioning_year":1992}},{"type":"Feature","geometry":{"type":"Point","coordinates":[72.898258153821402,19.000736590727051]},"properties":{"power_plant":"Trombay Oil","district":"Mumbai Suburban","state":"Maharashtra","country":"India","primary_fuel":"Oil","secondary_fuel":"Gas","capacity_mw":150,"owner":null,"lat":"19.00073659","long":"72.89825815","commissioning_year":1965}},{"type":"Feature","geometry":{"type":"Point","coordinates":[78.177329276158119,8.7633123214289359]},"properties":{"power_plant":"Tuticorin","district":"Thoothukkudi","state":"Tamil Nadu","country":"India","primary_fuel":"Coal","secondary_fuel":"Oil","capacity_mw":1050,"owner":null,"lat":"8.76331232","long":"78.17732928","commissioning_year":1984}},{"type":"Feature","geometry":{"type":"Point","coordinates":[78.169900000349301,8.7603000004257421]},"properties":{"power_plant":"Tuticorin JV","district":"Thoothukkudi","state":"Tamil Nadu","country":"India","primary_fuel":"Coal","secondary_fuel":"Oil","capacity_mw":1000,"owner":null,"lat":"8.7603","long":"78.1699","commissioning_year":2015}},{"type":"Feature","geometry":{"type":"Point","coordinates":[78.175299999897589,8.7635000003309678]},"properties":{"power_plant":"Tuticorin Ind Barath","district":"Thoothukkudi","state":"Tamil Nadu","country":"India","primary_fuel":"Coal","secondary_fuel":"Oil","capacity_mw":300,"owner":null,"lat":"8.7635","long":"78.1753","commissioning_year":2013}},{"type":"Feature","geometry":{"type":"Point","coordinates":[83.121500000241753,21.885800000347796]},"properties":{"power_plant":"Uchpinda Thermal Power Plant","district":"Sakti","state":"Chhattisgarh","country":"India","primary_fuel":"Coal","secondary_fuel":"Oil","capacity_mw":1440,"owner":null,"lat":"21.8858","long":"83.1215","commissioning_year":2016}},{"type":"Feature","geometry":{"type":"Point","coordinates":[74.80019999968539,13.1595999999518]},"properties":{"power_plant":"Udupi Thermal Power Plant","district":"Udupi","state":"Karnataka","country":"India","primary_fuel":"Coal","secondary_fuel":"Oil","capacity_mw":1200,"owner":null,"lat":"13.1596","long":"74.8002","commissioning_year":2010}},{"type":"Feature","geometry":{"type":"Point","coordinates":[73.557400000205348,21.209300000203413]},"properties":{"power_plant":"Ukai Coal","district":"Tapi","state":"Gujarat","country":"India","primary_fuel":"Coal","secondary_fuel":"Oil","capacity_mw":1110,"owner":null,"lat":"21.2093","long":"73.5574","commissioning_year":1995}},{"type":"Feature","geometry":{"type":"Point","coordinates":[81.327399999632803,25.913099999902531]},"properties":{"power_plant":"Unchahar","district":"Rae Bareli","state":"Uttar Pradesh","country":"India","primary_fuel":"Coal","secondary_fuel":"Oil","capacity_mw":1550,"owner":null,"lat":"25.9131","long":"81.3274","commissioning_year":2002}},{"type":"Feature","geometry":{"type":"Point","coordinates":[72.989500000398465,21.341100000039763]},"properties":{"power_plant":"Uno Sugen","district":"Surat","state":"Gujarat","country":"India","primary_fuel":"Gas","secondary_fuel":null,"capacity_mw":382.5,"owner":null,"lat":"21.3411","long":"72.9895","commissioning_year":2012}},{"type":"Feature","geometry":{"type":"Point","coordinates":[72.971499999808088,18.87999999985303]},"properties":{"power_plant":"Uran GT","district":"Raigad","state":"Maharashtra","country":"India","primary_fuel":"Gas","secondary_fuel":null,"capacity_mw":672,"owner":null,"lat":"18.88","long":"72.9715","commissioning_year":1988}},{"type":"Feature","geometry":{"type":"Point","coordinates":[72.929299999911194,18.86809999978221]},"properties":{"power_plant":"Uran ONGC","district":"Raigad","state":"Maharashtra","country":"India","primary_fuel":"Gas","secondary_fuel":null,"capacity_mw":62.600000000000001,"owner":"Ongc Gas Corp","lat":"18.8681","long":"72.9293","commissioning_year":null}},{"type":"Feature","geometry":{"type":"Point","coordinates":[72.870500000437985,21.228500000302599]},"properties":{"power_plant":"Utran Combined Cycle Power Plant Ext","district":"Surat","state":"Gujarat","country":"India","primary_fuel":"Gas","secondary_fuel":null,"capacity_mw":374.57100000000003,"owner":null,"lat":"21.2285","long":"72.8705","commissioning_year":2009}},{"type":"Feature","geometry":{"type":"Point","coordinates":[82.316599999698312,27.345499999780856]},"properties":{"power_plant":"Utraula Thermal Power Plant","district":"Balrampur","state":"Uttar Pradesh","country":"India","primary_fuel":"Coal","secondary_fuel":"Oil","capacity_mw":90,"owner":null,"lat":"27.3455","long":"82.3166","commissioning_year":2012}},{"type":"Feature","geometry":{"type":"Point","coordinates":[78.921499999628637,9.3279000002435755]},"properties":{"power_plant":"Valantharvi GT","district":"Ramanathapuram","state":"Tamil Nadu","country":"India","primary_fuel":"Gas","secondary_fuel":null,"capacity_mw":52.799999999999997,"owner":null,"lat":"9.3279","long":"78.9215","commissioning_year":2005}},{"type":"Feature","geometry":{"type":"Point","coordinates":[80.30229999974226,13.237099999665494]},"properties":{"power_plant":"Vallur NTCP NTECL","district":"Thiruvallur","state":"Tamil Nadu","country":"India","primary_fuel":"Coal","secondary_fuel":"Oil","capacity_mw":1500,"owner":null,"lat":"13.2371","long":"80.3023","commissioning_year":2013}},{"type":"Feature","geometry":{"type":"Point","coordinates":[78.923499999794032,9.3484000003589074]},"properties":{"power_plant":"Valuthur GT","district":"Ramanathapuram","state":"Tamil Nadu","country":"India","primary_fuel":"Gas","secondary_fuel":null,"capacity_mw":187.19999999999999,"owner":null,"lat":"9.3484","long":"78.9235","commissioning_year":2005}},{"type":"Feature","geometry":{"type":"Point","coordinates":[77.651499999695631,22.780800000128828]},"properties":{"power_plant":"Vardham Budni","district":"Sehore","state":"Madhya Pradesh","country":"India","primary_fuel":"Coal","secondary_fuel":null,"capacity_mw":25.800000000000001,"owner":"Vardham Vardham group","lat":"22.7808","long":"77.6515","commissioning_year":null}},{"type":"Feature","geometry":{"type":"Point","coordinates":[77.552600000050063,23.075199999821358]},"properties":{"power_plant":"Vardham Satlapur","district":"Raisen","state":"Madhya Pradesh","country":"India","primary_fuel":"Coal","secondary_fuel":null,"capacity_mw":30.75,"owner":"Vardham Vardham group","lat":"23.0752","long":"77.5526","commissioning_year":null}},{"type":"Feature","geometry":{"type":"Point","coordinates":[77.293000000139301,17.160500000367858]},"properties":{"power_plant":"Vasavadatta Cement","district":"Kalaburagi","state":"Karnataka","country":"India","primary_fuel":"Coal","secondary_fuel":null,"capacity_mw":50.700000000000003,"owner":"Kesoram Industries Limited","lat":"17.1605","long":"77.293","commissioning_year":null}},{"type":"Feature","geometry":{"type":"Point","coordinates":[81.814099999910482,16.92379999999358]},"properties":{"power_plant":"Vemagiri Combined Cycle Power Plant","district":"East Godavari","state":"Andhra Pradesh","country":"India","primary_fuel":"Gas","secondary_fuel":null,"capacity_mw":388.5,"owner":null,"lat":"16.9238","long":"81.8141","commissioning_year":2006}},{"type":"Feature","geometry":{"type":"Point","coordinates":[77.15129999964887,24.497800000273941]},"properties":{"power_plant":"Vijaipur Works","district":"Guna","state":"Madhya Pradesh","country":"India","primary_fuel":"Gas","secondary_fuel":null,"capacity_mw":75,"owner":"National Limited NFL","lat":"24.4978","long":"77.1513","commissioning_year":null}},{"type":"Feature","geometry":{"type":"Point","coordinates":[80.536999999839423,16.598400000419446]},"properties":{"power_plant":"Vijaywada","district":"NTR","state":"Andhra Pradesh","country":"India","primary_fuel":"Coal","secondary_fuel":"Oil","capacity_mw":1260,"owner":null,"lat":"16.5984","long":"80.537","commissioning_year":1987}},{"type":"Feature","geometry":{"type":"Point","coordinates":[80.538199999938698,16.597299999737153]},"properties":{"power_plant":"Vijaywada Thermal Power Plant IV","district":"NTR","state":"Andhra Pradesh","country":"India","primary_fuel":"Coal","secondary_fuel":"Oil","capacity_mw":500,"owner":null,"lat":"16.5973","long":"80.5382","commissioning_year":2009}},{"type":"Feature","geometry":{"type":"Point","coordinates":[81.724499999686614,16.934500000019387]},"properties":{"power_plant":"Vijeswaram GT","district":"East Godavari","state":"Andhra Pradesh","country":"India","primary_fuel":"Gas","secondary_fuel":null,"capacity_mw":272.30000000000001,"owner":null,"lat":"16.9345","long":"81.7245","commissioning_year":1995}},{"type":"Feature","geometry":{"type":"Point","coordinates":[74.801199999768102,24.575300000325523]},"properties":{"power_plant":"Vikram Cement","district":"Neemuch","state":"Madhya Pradesh","country":"India","primary_fuel":"Coal","secondary_fuel":null,"capacity_mw":46,"owner":"Vikram Vikram cement","lat":"24.5753","long":"74.8012","commissioning_year":null}},{"type":"Feature","geometry":{"type":"Point","coordinates":[82.671899999888296,24.098300000339272]},"properties":{"power_plant":"Vindh Chal STPS","district":"Singrauli","state":"Madhya Pradesh","country":"India","primary_fuel":"Coal","secondary_fuel":"Oil","capacity_mw":4760,"owner":null,"lat":"24.0983","long":"82.6719","commissioning_year":2002}},{"type":"Feature","geometry":{"type":"Point","coordinates":[83.138200000275447,17.563500000103407]},"properties":{"power_plant":"Vizag Thermal Power Plant","district":"Visakhapatnam","state":"Andhra Pradesh","country":"India","primary_fuel":"Coal","secondary_fuel":"Oil","capacity_mw":1040,"owner":null,"lat":"17.5635","long":"83.1382","commissioning_year":2015}},{"type":"Feature","geometry":{"type":"Point","coordinates":[76.977499999647705,17.055199999846756]},"properties":{"power_plant":"Wadi Cement Plant","district":"Kalaburagi","state":"Karnataka","country":"India","primary_fuel":"Coal","secondary_fuel":null,"capacity_mw":75,"owner":"ACC Limited","lat":"17.0552","long":"76.9775","commissioning_year":null}},{"type":"Feature","geometry":{"type":"Point","coordinates":[73.35879999994971,22.872499999866164]},"properties":{"power_plant":"Wanakbori","district":"Kheda","state":"Gujarat","country":"India","primary_fuel":"Coal","secondary_fuel":"Oil","capacity_mw":1470,"owner":null,"lat":"22.8725","long":"73.3588","commissioning_year":1986}},{"type":"Feature","geometry":{"type":"Point","coordinates":[78.979200000358318,20.272700000001297]},"properties":{"power_plant":"Wardha Warora Sai Wardha Power","district":"Chandrapur","state":"Maharashtra","country":"India","primary_fuel":"Coal","secondary_fuel":"Oil","capacity_mw":540,"owner":null,"lat":"20.2727","long":"78.9792","commissioning_year":2010}},{"type":"Feature","geometry":{"type":"Point","coordinates":[78.638499999579196,20.696400000368026]},"properties":{"power_plant":"Wardha Works","district":"Wardha","state":"Maharashtra","country":"India","primary_fuel":"Coal","secondary_fuel":null,"capacity_mw":80,"owner":"Lloyds Industries Limited","lat":"20.6964","long":"78.6385","commissioning_year":null}},{"type":"Feature","geometry":{"type":"Point","coordinates":[77.325699999699651,30.108100000094275]},"properties":{"power_plant":"Yamunanagar Thermal Power Plant","district":"Yamunanagar","state":"Haryana","country":"India","primary_fuel":"Coal","secondary_fuel":"Oil","capacity_mw":600,"owner":null,"lat":"30.1081","long":"77.3257","commissioning_year":2007}},{"type":"Feature","geometry":{"type":"Point","coordinates":[77.583799999935522,13.11559999968817]},"properties":{"power_plant":"Yelhanka DG","district":"Bengaluru Urban","state":"Karnataka","country":"India","primary_fuel":"Oil","secondary_fuel":null,"capacity_mw":106.59999999999999,"owner":null,"lat":"13.1156","long":"77.5838","commissioning_year":1993}},{"type":"Feature","geometry":{"type":"Point","coordinates":[77.356800000026013,16.294899999928706]},"properties":{"power_plant":"Yermarus Thermal Power Plant","district":"Raichur","state":"Karnataka","country":"India","primary_fuel":"Coal","secondary_fuel":"Oil","capacity_mw":1600,"owner":null,"lat":"16.2949","long":"77.3568","commissioning_year":2016}},{"type":"Feature","geometry":{"type":"Point","coordinates":[73.747700000223688,24.350000000256198]},"properties":{"power_plant":"Zawar Mines","district":"Salumbar","state":"Rajasthan","country":"India","primary_fuel":"Coal","secondary_fuel":null,"capacity_mw":80,"owner":"Hindustan Zinc Limited","lat":"24.35","long":"73.7477","commissioning_year":null}},{"type":"Feature","geometry":{"type":"Point","coordinates":[73.363800000363241,19.260999999976573]},"properties":{"power_plant":"Murbad Plant","district":"Thane","state":"Maharashtra","country":"India","primary_fuel":"Coal","secondary_fuel":null,"capacity_mw":15,"owner":"Technocraft Technocraft Group","lat":"19.261","long":"73.3638","commissioning_year":null}}]}